{"type":"FeatureCollection","name":"suining-base-roads-rectangle","source":"OpenStreetMap contributors via Overpass API","generated_at":"2026-09-15T05:52:07Z","bbox":[117.45,33.665,118.24,34.22],"filter":"major roads; named tertiary/tertiary_link/unclassified/residential/living_street roads; clipped to map rectangle","features":[{"type":"Feature","id":"way/94157994","properties":{"osm_id":94157994,"name":"淮徐高速","highway":"motorway","ref":"G2513"},"geometry":{"type":"LineString","coordinates":[[117.6620364,34.0559626],[117.67054,34.05313],[117.67311,34.05238],[117.67561,34.0517],[117.67752,34.05123],[117.67983,34.05072],[117.68157,34.05036],[117.68378,34.04994],[117.68612,34.04955],[117.69095,34.04888],[117.69359,34.04836],[117.69756,34.04741],[117.70079,34.04647],[117.7039,34.0454],[117.70555,34.04478],[117.70886,34.04337],[117.71038,34.04264],[117.71273,34.04145],[117.7168,34.03921],[117.71896,34.03812],[117.72186,34.0368],[117.72518,34.03542],[117.72788,34.03444],[117.73069,34.03355],[117.73242,34.03305],[117.7378722,34.0315966]]}},{"type":"Feature","id":"way/120913257","properties":{"osm_id":120913257,"name":"连霍高速","highway":"motorway","ref":"G30"},"geometry":{"type":"LineString","coordinates":[[117.45,34.2117223],[117.4524029,34.2120944],[117.4578858,34.2132179],[117.4601936,34.2136908],[117.4674479,34.215174],[117.4687698,34.2154443],[117.4714084,34.2159259],[117.4758082,34.2166019],[117.4794034,34.2170699],[117.4811558,34.2172278]]}},{"type":"Feature","id":"way/135798560","properties":{"osm_id":135798560,"highway":"trunk","ref":"G104"},"geometry":{"type":"LineString","coordinates":[[117.45,34.1034513],[117.4523879,34.1027435],[117.4534608,34.1023171],[117.4539195,34.1020825],[117.4546517,34.1016863],[117.4553384,34.1011977],[117.4559714,34.1007535],[117.4575914,34.0994209],[117.4609066,34.0966401],[117.462516,34.0952896],[117.4633743,34.0945255],[117.4680628,34.0901008],[117.4732207,34.0852983],[117.4739073,34.0846652],[117.4746315,34.0841298],[117.4753155,34.0837122],[117.475927,34.0834367],[117.4765493,34.0832057],[117.4771286,34.0830546],[117.478062,34.0828236],[117.4830939,34.0815973],[117.4847676,34.0811886],[117.487718,34.0804777],[117.4889491,34.0801098],[117.4895285,34.0799321],[117.4903251,34.0796246],[117.4951423,34.0775008],[117.4975751,34.076413],[117.498361,34.0760878],[117.4992515,34.0756168],[117.5000347,34.0751369],[117.5005497,34.0747637],[117.5028778,34.0729152],[117.5096907,34.0674407],[117.5166891,34.0618435],[117.5188583,34.0601125],[117.5197381,34.0594014],[117.5204569,34.0588459],[117.5212455,34.0583215],[117.5250918,34.055984],[117.5262076,34.0553173],[117.5302666,34.0528676],[117.5331548,34.0511498],[117.5337525,34.0507466],[117.5343414,34.0502815],[117.5351973,34.0495368],[117.5361763,34.0485936],[117.5369002,34.0479231],[117.5376,34.047399],[117.538258,34.0470548],[117.5389891,34.046773],[117.5401385,34.0465941],[117.5409251,34.0465841],[117.545869,34.0465632],[117.5485044,34.046536],[117.5500899,34.0464648],[117.5519483,34.046352],[117.5539469,34.0461561],[117.5550765,34.0460474],[117.5572718,34.0458171],[117.5573958,34.0458009],[117.5579335,34.0457288],[117.5587111,34.0456205],[117.5593785,34.0454229],[117.5606228,34.0450639],[117.5632885,34.0442148],[117.5638324,34.0440158],[117.563917,34.0439842],[117.5642908,34.0438547],[117.5647726,34.0436366],[117.5652435,34.0433798],[117.5656395,34.0430945],[117.5660314,34.0427615]]}},{"type":"Feature","id":"way/135798561","properties":{"osm_id":135798561,"name":"京岚线","highway":"trunk","ref":"G104"},"geometry":{"type":"LineString","coordinates":[[117.8893078,33.9114478],[117.8887898,33.9099209],[117.8884476,33.9083923],[117.8883498,33.9074726],[117.8882568,33.9065051],[117.888257,33.9057734],[117.8884736,33.8990193],[117.8886132,33.893593],[117.8886324,33.8929459],[117.888722,33.8914603],[117.8888383,33.8906142],[117.8889355,33.8900727],[117.8890412,33.8896884]]}},{"type":"Feature","id":"way/170734841","properties":{"osm_id":170734841,"name":"航达路","highway":"residential"},"geometry":{"type":"LineString","coordinates":[[117.559368,34.0496419],[117.5592414,34.0510417],[117.5591974,34.0514933],[117.559095,34.0525431],[117.5589776,34.0537822],[117.558868,34.0548965]]}},{"type":"Feature","id":"way/170734842","properties":{"osm_id":170734842,"highway":"trunk_link"},"geometry":{"type":"LineString","coordinates":[[117.5543086,34.048742],[117.5542799,34.0483838],[117.5542203,34.0480682],[117.5541399,34.0477571],[117.5540057,34.0475037],[117.5538341,34.0472637],[117.5536141,34.0470459],[117.5533245,34.0468326],[117.5530294,34.0466903],[117.5526003,34.0465659],[117.5518605,34.0464663]]}},{"type":"Feature","id":"way/170734843","properties":{"osm_id":170734843,"name":"机场南路","highway":"residential"},"geometry":{"type":"LineString","coordinates":[[117.5541184,34.0521973],[117.5542345,34.0522064],[117.5549831,34.0522617],[117.556105,34.0523435],[117.557517,34.0524343],[117.559095,34.0525431],[117.5606955,34.0526516]]}},{"type":"Feature","id":"way/170734850","properties":{"osm_id":170734850,"highway":"trunk_link"},"geometry":{"type":"LineString","coordinates":[[117.5543086,34.048742],[117.5544182,34.0470218]]}},{"type":"Feature","id":"way/170734852","properties":{"osm_id":170734852,"highway":"trunk_link"},"geometry":{"type":"LineString","coordinates":[[117.5573126,34.0459601],[117.5564197,34.0461169],[117.5558511,34.0462725],[117.5553629,34.0465259],[117.5550411,34.0467925],[117.5548158,34.0470726],[117.5546602,34.0473259],[117.5545529,34.0476193],[117.5544885,34.0480104],[117.5544212,34.0487467]]}},{"type":"Feature","id":"way/170734853","properties":{"osm_id":170734853,"highway":"trunk","ref":"G104"},"geometry":{"type":"LineString","coordinates":[[117.5661654,34.0428409],[117.5658665,34.0430632],[117.5654159,34.0434036],[117.5649116,34.0436944],[117.5644016,34.0439571],[117.5640002,34.0441154],[117.563912,34.0441533],[117.5630734,34.0444278],[117.5606469,34.0451985],[117.5596271,34.0455154],[117.5588128,34.0457336],[117.5579929,34.0458758],[117.5573126,34.0459601],[117.5566933,34.0460196],[117.5554939,34.0461488],[117.5530453,34.0463862],[117.5518605,34.0464663],[117.5500103,34.0466005],[117.5485506,34.0466653],[117.5458719,34.0467021],[117.5409329,34.0467384],[117.5401832,34.0467384],[117.5390836,34.0469144],[117.5383714,34.0471525],[117.5377216,34.0475046],[117.5370468,34.0480222],[117.5362971,34.0486952],[117.53531,34.049627],[117.5344353,34.0503724],[117.5339269,34.0507804],[117.5333756,34.0511794],[117.5303368,34.0530124],[117.5262508,34.0554866],[117.5252262,34.0561285],[117.5213651,34.0584474],[117.5205529,34.0589753],[117.5198281,34.0595033],[117.5189784,34.0602072],[117.5167917,34.0619566],[117.5097693,34.0675774],[117.5029593,34.0730529],[117.5006476,34.0749366],[117.5001282,34.0752416],[117.4993407,34.0757242],[117.4984387,34.0762013],[117.4976476,34.0765286],[117.4952166,34.0776156],[117.4903953,34.0797412],[117.4895891,34.0800524],[117.4890031,34.0802321],[117.4877667,34.0806016],[117.4848118,34.0813136],[117.4831384,34.0817222],[117.4780615,34.0829653],[117.4771748,34.0831791],[117.4766053,34.0833277],[117.4759968,34.0835535],[117.4753973,34.0838236],[117.4749839,34.0840785],[117.4747113,34.0842466],[117.4740161,34.084773],[117.473264,34.0854728],[117.4682205,34.0901496],[117.4681809,34.0901868],[117.4641688,34.0939732],[117.463491,34.0946128],[117.4626296,34.0953797],[117.4610185,34.0967316],[117.4577028,34.0995128],[117.4560778,34.1008495],[117.4554405,34.1012968],[117.4547464,34.1017906],[117.4540038,34.1021924],[117.4535364,34.1024315],[117.4524486,34.1028638],[117.45,34.1035896]]}},{"type":"Feature","id":"way/170734854","properties":{"osm_id":170734854,"name":"慈航路","highway":"tertiary"},"geometry":{"type":"LineString","coordinates":[[117.5543755,34.0496471],[117.5543661,34.0498281],[117.5543608,34.0499292],[117.5543362,34.0503983],[117.5542345,34.0522064],[117.5542152,34.0525177],[117.5542092,34.0526141],[117.5541602,34.0534033]]}},{"type":"Feature","id":"way/170874258","properties":{"osm_id":170874258,"name":"机场中路","highway":"residential"},"geometry":{"type":"LineString","coordinates":[[117.557415,34.0536528],[117.5578783,34.0536912],[117.5589776,34.0537822],[117.5605852,34.0539129]]}},{"type":"Feature","id":"way/170874259","properties":{"osm_id":170874259,"name":"慈航路","highway":"tertiary"},"geometry":{"type":"LineString","coordinates":[[117.553995,34.0533885],[117.5541184,34.0521973],[117.5541256,34.0520508],[117.5542476,34.0498796],[117.5542484,34.0498647],[117.5542604,34.0496508]]}},{"type":"Feature","id":"way/170874265","properties":{"osm_id":170874265,"highway":"primary","ref":"S252"},"geometry":{"type":"LineString","coordinates":[[117.5880774,34.0540901],[117.5887828,34.0571345],[117.5892005,34.0591694],[117.5892963,34.0596121],[117.5893229,34.059735],[117.5895183,34.0607349],[117.5897189,34.0620675],[117.5899421,34.063908],[117.5899505,34.0639722],[117.5900783,34.0649516],[117.5901727,34.0656189],[117.5903787,34.0672535],[117.590486,34.0680534],[117.5907148,34.0692617],[117.5909152,34.0703197],[117.5911812,34.0716532],[117.591468,34.0736732],[117.5915877,34.0743345],[117.5916055,34.0744194],[117.5916848,34.0747612],[117.5922066,34.0774821]]}},{"type":"Feature","id":"way/170874276","properties":{"osm_id":170874276,"name":"机场北路","highway":"residential"},"geometry":{"type":"LineString","coordinates":[[117.5558989,34.0547345],[117.557291,34.05481],[117.558868,34.0548965]]}},{"type":"Feature","id":"way/170874278","properties":{"osm_id":170874278,"name":"翔宇大道","highway":"tertiary"},"geometry":{"type":"LineString","coordinates":[[117.5542484,34.0498647],[117.5543661,34.0498281],[117.5548443,34.0496398],[117.5556452,34.0493368],[117.5581775,34.0483812],[117.5586938,34.0482011],[117.559183,34.0480561],[117.5595459,34.0479626],[117.5600341,34.0478545],[117.5603014,34.0478022],[117.5610775,34.0476764],[117.5612801,34.0476436],[117.5655833,34.0469764],[117.5656887,34.04696],[117.5711694,34.0461102],[117.5791651,34.0448611],[117.5830677,34.0442611],[117.5861388,34.0437766],[117.5900164,34.0431703],[117.5938761,34.0425668],[117.5989389,34.0417752],[117.5994932,34.0417474],[117.6039795,34.04145],[117.6040975,34.0414422]]}},{"type":"Feature","id":"way/170874279","properties":{"osm_id":170874279,"name":"翔宇大道","highway":"tertiary"},"geometry":{"type":"LineString","coordinates":[[117.6041232,34.0416013],[117.6039971,34.0416093],[117.6000599,34.0418591],[117.5991802,34.0419396],[117.5985192,34.0420322],[117.5938839,34.0427474],[117.5900246,34.043343],[117.5864391,34.0438962],[117.5861516,34.0438741],[117.5853442,34.0440027],[117.5802514,34.0447945],[117.5791731,34.0449611],[117.5761744,34.0454234],[117.5711694,34.0462079],[117.5675792,34.0467668],[117.5673675,34.0467997],[117.5665292,34.0469302],[117.5657449,34.0470507],[117.5656337,34.0470678],[117.5617854,34.0476573],[117.561099,34.0477715],[117.5602394,34.0479192],[117.5594052,34.0481014],[117.5587025,34.0483126],[117.5577637,34.0486437],[117.5558004,34.0493838],[117.5556989,34.0494203],[117.5546897,34.0497956],[117.5543608,34.0499292],[117.5543003,34.0499286],[117.5542649,34.049906],[117.5542476,34.0498796]]}},{"type":"Feature","id":"way/183470066","properties":{"osm_id":183470066,"highway":"primary","ref":"S252"},"geometry":{"type":"LineString","coordinates":[[117.5926421,34.07971],[117.5930374,34.0817306],[117.5933752,34.0834056],[117.5935791,34.084543],[117.5941531,34.0878261],[117.5945533,34.0901121],[117.5947164,34.0910115],[117.5948902,34.0919129],[117.5949524,34.0923309],[117.5949741,34.0924544],[117.5950812,34.093064],[117.5953569,34.0946494],[117.5956391,34.0961603],[117.5958054,34.0972664],[117.5959609,34.0980526],[117.5962259,34.0994648],[117.5966315,34.1016019],[117.5970896,34.1041777],[117.5972559,34.105226],[117.5974276,34.1067717],[117.5975703,34.1090774],[117.5976883,34.1107208],[117.5979028,34.1141273],[117.5982945,34.1197987],[117.5984554,34.1214196],[117.5985198,34.1220858],[117.5987665,34.124506],[117.5992815,34.1302566],[117.5993727,34.1314911],[117.5994607,34.1330226],[117.5994553,34.1334],[117.5995251,34.1339728],[117.5995819,34.1350345],[117.5996986,34.1370394],[117.6000433,34.1429599],[117.6001151,34.1443846],[117.6001398,34.1455705],[117.6001044,34.1464446],[117.6000293,34.1495345],[117.599995,34.1501166],[117.5999918,34.1516832],[117.5999596,34.1538008],[117.5999113,34.1562911],[117.5998877,34.158187],[117.5998823,34.158773],[117.5998555,34.1606329],[117.5998555,34.1626393],[117.599834,34.1647476],[117.5998416,34.1657814],[117.5998255,34.1671707],[117.5997911,34.168658],[117.5997965,34.1700561],[117.5997718,34.1718221],[117.5997375,34.172475],[117.5996109,34.1734865]]}},{"type":"Feature","id":"way/183470073","properties":{"osm_id":183470073,"highway":"primary","ref":"S252"},"geometry":{"type":"LineString","coordinates":[[117.5922066,34.0774821],[117.5926421,34.07971]]}},{"type":"Feature","id":"way/183470076","properties":{"osm_id":183470076,"highway":"motorway_link"},"geometry":{"type":"LineString","coordinates":[[117.5884358,34.0785955],[117.588838,34.0783833],[117.5890672,34.0782363],[117.5892965,34.0780371],[117.5894493,34.0778603],[117.5895998,34.0776258],[117.5897392,34.0773354],[117.5898493,34.077086]]}},{"type":"Feature","id":"way/183470079","properties":{"osm_id":183470079,"highway":"motorway_link"},"geometry":{"type":"LineString","coordinates":[[117.5898493,34.077086],[117.5901332,34.0754852],[117.5901967,34.0751772],[117.5902793,34.0750088],[117.5904287,34.0748403],[117.5906353,34.0746797],[117.5908577,34.0745455],[117.5911276,34.074458],[117.5912646,34.0744189],[117.5913464,34.074365],[117.591434,34.0742859],[117.5914756,34.0741779],[117.591468,34.0736732]]}},{"type":"Feature","id":"way/183470081","properties":{"osm_id":183470081,"highway":"motorway_link"},"geometry":{"type":"LineString","coordinates":[[117.589882,34.0771467],[117.5899032,34.0773466],[117.5899234,34.0775718],[117.5899729,34.0777561],[117.5900628,34.0779217],[117.5901661,34.0780576],[117.5902807,34.0781674],[117.5905459,34.0783386]]}},{"type":"Feature","id":"way/183470082","properties":{"osm_id":183470082,"highway":"motorway_link"},"geometry":{"type":"LineString","coordinates":[[117.5916848,34.0747612],[117.5915722,34.0745976],[117.5914879,34.0745306],[117.591361,34.0745008],[117.5912733,34.0744953],[117.591134,34.0745325],[117.5908576,34.0746423],[117.5906643,34.0747428],[117.590498,34.0748824],[117.5903947,34.0750202],[117.5902913,34.0751914],[117.5902063,34.075494],[117.589892,34.0770953],[117.589882,34.0771467],[117.5897098,34.0780319]]}},{"type":"Feature","id":"way/183470087","properties":{"osm_id":183470087,"highway":"motorway_link"},"geometry":{"type":"LineString","coordinates":[[117.5893492,34.0797077],[117.5893054,34.0798128],[117.5891729,34.0799989],[117.5890088,34.0801348],[117.5888201,34.080239],[117.588638,34.0802948],[117.5883818,34.0803432],[117.5881099,34.0803004],[117.5879706,34.0802483],[117.5877189,34.0801311],[117.5874672,34.0799412],[117.5872695,34.0797532],[117.5869661,34.0795038],[117.5867818,34.079394],[117.5863167,34.0791725],[117.585892,34.0790701],[117.5855571,34.0790366],[117.5852268,34.0790199],[117.5844423,34.0789953]]}},{"type":"Feature","id":"way/183470090","properties":{"osm_id":183470090,"highway":"motorway_link"},"geometry":{"type":"LineString","coordinates":[[117.5916055,34.0744194],[117.5912733,34.0744953]]}},{"type":"Feature","id":"way/183470091","properties":{"osm_id":183470091,"highway":"motorway_link"},"geometry":{"type":"LineString","coordinates":[[117.5896406,34.0780237],[117.5898493,34.077086]]}},{"type":"Feature","id":"way/183470092","properties":{"osm_id":183470092,"highway":"motorway_link"},"geometry":{"type":"LineString","coordinates":[[117.5912646,34.0744189],[117.5915877,34.0743345]]}},{"type":"Feature","id":"way/183470093","properties":{"osm_id":183470093,"highway":"motorway_link"},"geometry":{"type":"LineString","coordinates":[[117.5914099,34.0788871],[117.5904093,34.0789578],[117.5893224,34.0789999],[117.5888965,34.0790341],[117.5885024,34.0790684],[117.5881656,34.0791394],[117.5879177,34.0792526],[117.5878033,34.0793526],[117.5877048,34.0794737],[117.5876425,34.0796192],[117.5876313,34.0797272],[117.5876583,34.0798854],[117.5877526,34.0800268],[117.5878672,34.0801311],[117.5879998,34.0802167],[117.5881324,34.0802576],[117.5883796,34.0802855],[117.5886223,34.0802558],[117.5887976,34.0802036],[117.5889796,34.0801106],[117.5891279,34.0799747],[117.589247,34.0797942],[117.5892867,34.0796931]]}},{"type":"Feature","id":"way/183470094","properties":{"osm_id":183470094,"highway":"motorway_link"},"geometry":{"type":"LineString","coordinates":[[117.5897098,34.0780319],[117.589447,34.0793828],[117.5893751,34.0796453],[117.5893492,34.0797077]]}},{"type":"Feature","id":"way/183470096","properties":{"osm_id":183470096,"highway":"motorway_link"},"geometry":{"type":"LineString","coordinates":[[117.5892867,34.0796931],[117.5893099,34.0796341],[117.5893819,34.0793437],[117.5895437,34.0784596],[117.5896406,34.0780237]]}},{"type":"Feature","id":"way/185512707","properties":{"osm_id":185512707,"name":"连霍高速","highway":"motorway","ref":"G30"},"geometry":{"type":"LineString","coordinates":[[117.4811668,34.2173351],[117.4794236,34.2171669],[117.4758271,34.2167267],[117.4713862,34.2160346],[117.4687436,34.2155391],[117.460628,34.2138933],[117.4601691,34.2138002],[117.4524326,34.2122053],[117.45,34.211833]]}},{"type":"Feature","id":"way/191811733","properties":{"osm_id":191811733,"name":"淮徐高速","highway":"motorway","ref":"G2513"},"geometry":{"type":"LineString","coordinates":[[117.7378684,34.0317338],[117.73379,34.0328316],[117.7310586,34.0335566],[117.727981,34.0345528],[117.7254367,34.0354508],[117.7227473,34.0365265],[117.7200861,34.0377145],[117.7174996,34.0389586],[117.7141508,34.0407687],[117.7119479,34.041966],[117.7100069,34.0429529],[117.7081828,34.0437854],[117.7056899,34.0448518],[117.7041325,34.0454271],[117.7022148,34.0461286],[117.6997921,34.0469237],[117.6975798,34.0475318],[117.6946005,34.0482801],[117.6914575,34.0489255],[117.6881882,34.0494353],[117.6852324,34.0498817],[117.6814056,34.0505783],[117.6774918,34.0514261],[117.6742516,34.0522648],[117.6705348,34.0533327],[117.6658236,34.0548725],[117.6620554,34.0561197]]}},{"type":"Feature","id":"way/202816425","properties":{"osm_id":202816425,"name":"宿邳线","highway":"primary","ref":"S250"},"geometry":{"type":"LineString","coordinates":[[118.1492586,34.0037099],[118.1490257,34.0038297],[118.1464228,34.0049811],[118.1451614,34.0055391],[118.1430162,34.0063322],[118.1409449,34.0069905],[118.1395076,34.0074264],[118.136543,34.008296],[118.1336754,34.0091372],[118.1315067,34.0097703],[118.1294183,34.0105199],[118.1275012,34.0112323],[118.1253818,34.0121958],[118.1234673,34.0131419],[118.1229745,34.0134369],[118.1228069,34.0135373],[118.1192587,34.0154812],[118.1177897,34.0161987],[118.1159324,34.0171038],[118.1154413,34.0173431],[118.1152211,34.0174373],[118.1135244,34.0181635],[118.1120557,34.0187781],[118.1115184,34.0190059],[118.1114631,34.0190278],[118.1098347,34.0196718],[118.1073731,34.0206453],[118.1046415,34.0217009],[118.1028881,34.0223784],[118.0995631,34.0240781],[118.0992229,34.024252],[118.0976435,34.0251951]]}},{"type":"Feature","id":"way/203847708","properties":{"osm_id":203847708,"highway":"primary"},"geometry":{"type":"LineString","coordinates":[[117.8884736,33.8990193],[117.8885944,33.8990238],[117.8939111,33.8990545],[117.8993618,33.8990617],[117.9081947,33.8991469],[117.9083484,33.8991758],[117.9117716,33.8998196],[117.9152906,33.9004814],[117.9211233,33.9015784]]}},{"type":"Feature","id":"way/216048453","properties":{"osm_id":216048453,"highway":"motorway_link"},"geometry":{"type":"LineString","coordinates":[[117.888999,33.9732068],[117.8864586,33.9740603],[117.8857474,33.9743283],[117.8852822,33.9746254],[117.8849534,33.9748738],[117.8847001,33.9751564],[117.8844687,33.9754559],[117.8842909,33.9758188],[117.8841838,33.9760965],[117.8841229,33.9763742],[117.884006,33.9766981]]}},{"type":"Feature","id":"way/216048456","properties":{"osm_id":216048456,"highway":"motorway_link"},"geometry":{"type":"LineString","coordinates":[[117.8839402,33.9765763],[117.8840328,33.9763303],[117.884079,33.9759552],[117.884079,33.9755753],[117.8840474,33.9752733],[117.8839037,33.9738265],[117.883911,33.9736122],[117.8839475,33.9733881],[117.8840328,33.9731981],[117.8842252,33.9729838],[117.8844346,33.9728401],[117.8847732,33.9727427],[117.8851288,33.9727305],[117.8854649,33.9727938],[117.8859374,33.9729424],[117.8867704,33.9732395],[117.887294,33.9733224],[117.8877105,33.9733151],[117.8881124,33.9732469],[117.8889188,33.9730553]]}},{"type":"Feature","id":"way/216048460","properties":{"osm_id":216048460,"highway":"motorway_link"},"geometry":{"type":"LineString","coordinates":[[117.883009,33.9748351],[117.8850311,33.9740534]]}},{"type":"Feature","id":"way/216048468","properties":{"osm_id":216048468,"name":"淮徐高速","highway":"motorway","ref":"G2513"},"geometry":{"type":"LineString","coordinates":[[117.8773292,33.9769648],[117.8792965,33.9761857],[117.8806721,33.975666],[117.8819093,33.9752138],[117.883009,33.9748351],[117.8844363,33.974366],[117.8858984,33.9739486]]}},{"type":"Feature","id":"way/216048475","properties":{"osm_id":216048475,"name":"淮徐高速","highway":"motorway","ref":"G2513"},"geometry":{"type":"LineString","coordinates":[[117.9811047,33.9515097],[117.98192,33.95135],[117.98418,33.95084],[117.98848,33.94965],[117.98982,33.94921],[117.99299,33.94803],[117.99479,33.94727],[117.9966,33.94645],[117.99834,33.94559],[118.00002,33.94462],[118.00125,33.944],[118.00771,33.94052],[118.0098,33.93947],[118.01204,33.93845],[118.01508,33.93719],[118.0168,33.9366],[118.01877,33.93597],[118.02137,33.93523],[118.02237,33.93498],[118.0255538,33.9342817],[118.0277956,33.9339071],[118.0291811,33.9336832],[118.0299216,33.9335839],[118.0321591,33.9333244],[118.0341975,33.9331301],[118.0361,33.9330272],[118.04686,33.93231],[118.05177,33.93201],[118.0529327,33.9319173]]}},{"type":"Feature","id":"way/238824508","properties":{"osm_id":238824508,"highway":"trunk","ref":"G104"},"geometry":{"type":"LineString","coordinates":[[117.6014625,34.0364131],[117.6017091,34.0363845],[117.6027683,34.0361935],[117.6033346,34.0360551],[117.6034141,34.0360357],[117.6062047,34.0353538],[117.6113363,34.0340284],[117.6125236,34.0337104],[117.6157942,34.0328345],[117.6246248,34.0304939],[117.6260767,34.0300671],[117.6268516,34.0297664],[117.6313059,34.0274241],[117.633942,34.0260343],[117.6383242,34.023768],[117.639035,34.0234317],[117.6396696,34.0231863],[117.639718,34.0231716],[117.6397523,34.0231611],[117.6404259,34.022981],[117.6472956,34.0216578],[117.6567657,34.019888],[117.6594807,34.0194237],[117.6628023,34.0187844],[117.6666765,34.0180626],[117.6684736,34.017712],[117.6695215,34.0173903],[117.6746226,34.015394],[117.6778411,34.0141344],[117.6788167,34.0137526],[117.680382,34.0131365],[117.6865787,34.0106973],[117.69222,34.0084806],[117.6923297,34.0084378],[117.6956105,34.0071583],[117.6969492,34.006637]]}},{"type":"Feature","id":"way/238824511","properties":{"osm_id":238824511,"name":"淮徐高速","highway":"motorway","ref":"G2513"},"geometry":{"type":"LineString","coordinates":[[117.8859374,33.9740457],[117.8844571,33.9744683],[117.8830683,33.9749274],[117.8819862,33.9753044],[117.8793629,33.9762594],[117.8774201,33.977078]]}},{"type":"Feature","id":"way/238824512","properties":{"osm_id":238824512,"highway":"motorway_link"},"geometry":{"type":"LineString","coordinates":[[117.8838477,33.9758822],[117.8836723,33.9756776],[117.8834507,33.97549],[117.8831633,33.9753585],[117.8828004,33.9752976],[117.882474,33.9752903],[117.8821518,33.9753508],[117.8816004,33.9755062],[117.8807562,33.975809],[117.8800065,33.9760621],[117.8793629,33.9762594]]}},{"type":"Feature","id":"way/238824513","properties":{"osm_id":238824513,"highway":"motorway_link"},"geometry":{"type":"LineString","coordinates":[[117.9496411,33.9530279],[117.9521613,33.952921],[117.9528981,33.952782],[117.9532995,33.9524616],[117.9534367,33.9520949],[117.9533757,33.9516819],[117.9532843,33.9515091],[117.953031,33.9512271],[117.9524205,33.9508389],[117.9518616,33.9506029],[117.9506353,33.9504325],[117.9504811,33.9504141]]}},{"type":"Feature","id":"way/238824514","properties":{"osm_id":238824514,"highway":"motorway_link"},"geometry":{"type":"LineString","coordinates":[[117.9606824,33.9531149],[117.9576471,33.9532717],[117.9569645,33.9534147],[117.9562818,33.9538379],[117.9559423,33.9540957],[117.9557393,33.9542522],[117.9554537,33.9543788],[117.9551626,33.9543923],[117.9549525,33.9543327],[117.9546956,33.9541896],[117.9545195,33.9539959],[117.9543758,33.9537038]]}},{"type":"Feature","id":"way/238824516","properties":{"osm_id":238824516,"highway":"motorway_link"},"geometry":{"type":"LineString","coordinates":[[117.9544459,33.9536874],[117.9546039,33.9539795],[117.9547566,33.9541449],[117.954965,33.954279],[117.9551806,33.9543327],[117.9554249,33.9543222],[117.955689,33.954209],[117.9558273,33.9540436],[117.9558956,33.9538215],[117.955874,33.9536412],[117.9557662,33.9534877],[117.9554806,33.953303],[117.9551105,33.953221],[117.9538567,33.9531593]]}},{"type":"Feature","id":"way/238824518","properties":{"osm_id":238824518,"highway":"trunk_link"},"geometry":{"type":"LineString","coordinates":[[117.5544933,34.045759],[117.5545096,34.0454511],[117.5544189,34.0452474],[117.55432,34.0450822],[117.5541399,34.0449628],[117.553951,34.0448966],[117.5537083,34.0448773],[117.5535013,34.0449142],[117.5533352,34.0449924],[117.5532333,34.0450724],[117.5531313,34.0451791],[117.5530616,34.0453302],[117.5530385,34.0454982],[117.5530678,34.0456944],[117.5531718,34.0458453],[117.5532671,34.0459302],[117.5534425,34.0460236],[117.5535659,34.0460636],[117.5539469,34.0461561]]}},{"type":"Feature","id":"way/238824519","properties":{"osm_id":238824519,"highway":"motorway_link"},"geometry":{"type":"LineString","coordinates":[[117.9538746,33.9522807],[117.9544459,33.9536874]]}},{"type":"Feature","id":"way/238824520","properties":{"osm_id":238824520,"highway":"trunk_link"},"geometry":{"type":"LineString","coordinates":[[117.5545785,34.0457745],[117.5545096,34.0470196]]}},{"type":"Feature","id":"way/238824522","properties":{"osm_id":238824522,"highway":"motorway_link"},"geometry":{"type":"LineString","coordinates":[[117.9543758,33.9537038],[117.9537937,33.9522956]]}},{"type":"Feature","id":"way/238824523","properties":{"osm_id":238824523,"highway":"trunk_link"},"geometry":{"type":"LineString","coordinates":[[117.5544182,34.0470218],[117.5544933,34.045759]]}},{"type":"Feature","id":"way/238824524","properties":{"osm_id":238824524,"highway":"trunk_link"},"geometry":{"type":"LineString","coordinates":[[117.5545096,34.0470196],[117.5544212,34.0487467]]}},{"type":"Feature","id":"way/238824527","properties":{"osm_id":238824527,"highway":"motorway_link"},"geometry":{"type":"LineString","coordinates":[[117.8850311,33.9740534],[117.8852238,33.9739605],[117.8855428,33.9737096],[117.8856524,33.9734977],[117.8856597,33.9732834],[117.8855599,33.9730642],[117.8853918,33.9729107],[117.8850825,33.9728084],[117.884817,33.9727987],[117.8844834,33.9728913],[117.884213,33.9730666],[117.8840571,33.9732931],[117.8839768,33.9735294],[117.8839573,33.973807],[117.8839987,33.9742235],[117.8841351,33.9755509],[117.8841424,33.9760064],[117.8840815,33.9763352],[117.884006,33.9766981],[117.8838574,33.9771487],[117.8837019,33.9774002],[117.8834759,33.9777245],[117.883229,33.9779998],[117.8829322,33.9783014],[117.8825826,33.9785138],[117.8822574,33.9786436],[117.8819145,33.9787186],[117.8815655,33.9787604],[117.8814792,33.97877]]}},{"type":"Feature","id":"way/238824528","properties":{"osm_id":238824528,"highway":"secondary"},"geometry":{"type":"LineString","coordinates":[[117.9497304,33.9822664],[117.9497698,33.9831752],[117.949885,33.9853161],[117.949945,33.9862874],[117.9500622,33.9879863],[117.9501691,33.9901483],[117.9503119,33.9929079],[117.9504787,33.9956759],[117.9508509,33.9979392],[117.951386,34.0006556],[117.9518436,34.0030441],[117.9525028,34.0063261],[117.9530185,34.0090037],[117.9535071,34.0116587],[117.9536014,34.0122223],[117.9539647,34.014394],[117.9543602,34.0169492],[117.954492,34.0177417],[117.9548526,34.0199093],[117.9549457,34.0202275],[117.9558802,34.0214584],[117.9566375,34.0223414],[117.9571288,34.0229143],[117.9572645,34.0232871],[117.957249,34.0234638],[117.9572335,34.0238366],[117.9571316,34.0242009],[117.9570241,34.0245855],[117.9564153,34.0267997],[117.9564119,34.0269098],[117.9564076,34.0270472],[117.9564509,34.0284289],[117.9564812,34.0293963],[117.9566286,34.0301772],[117.9567089,34.0303707],[117.9567527,34.0304761],[117.9574053,34.0314661],[117.9576445,34.031829],[117.9581898,34.0327298]]}},{"type":"Feature","id":"way/238824529","properties":{"osm_id":238824529,"name":"下邳大道","highway":"primary"},"geometry":{"type":"LineString","coordinates":[[117.8780797,33.9333659],[117.8782024,33.9333693],[117.8834388,33.9335568],[117.8881132,33.9337136],[117.8900099,33.933761],[117.8910675,33.9337446],[117.8922743,33.933615],[117.8935591,33.9333645],[117.8951825,33.9329946],[117.8957339,33.9328847]]}},{"type":"Feature","id":"way/238824530","properties":{"osm_id":238824530,"highway":"motorway_link"},"geometry":{"type":"LineString","coordinates":[[117.9534215,33.9514754],[117.9535333,33.9516399],[117.953756,33.9520468],[117.9538746,33.9522807]]}},{"type":"Feature","id":"way/238824531","properties":{"osm_id":238824531,"highway":"motorway_link"},"geometry":{"type":"LineString","coordinates":[[117.9537937,33.9522956],[117.9536949,33.9520632],[117.9534668,33.9516668],[117.9532843,33.9515091]]}},{"type":"Feature","id":"way/238824535","properties":{"osm_id":238824535,"highway":"secondary"},"geometry":{"type":"LineString","coordinates":[[117.9611558,33.8380617],[117.9605268,33.8470716],[117.9604351,33.8482634],[117.9599785,33.8541939],[117.9593432,33.8628651],[117.9593359,33.8629656],[117.9586335,33.8716891],[117.958628,33.8717579],[117.9582893,33.8756569],[117.9581317,33.8774705],[117.9577475,33.883162]]}},{"type":"Feature","id":"way/238824537","properties":{"osm_id":238824537,"highway":"motorway_link"},"geometry":{"type":"LineString","coordinates":[[117.9505084,33.9502958],[117.9506625,33.9503151],[117.9518971,33.9504469],[117.952517,33.9506745],[117.9531827,33.9511761],[117.9534215,33.9514754],[117.9541481,33.9521076],[117.9551643,33.9526344],[117.9559316,33.9528662],[117.957461,33.9530322]]}},{"type":"Feature","id":"way/244164681","properties":{"osm_id":244164681,"highway":"primary"},"geometry":{"type":"LineString","coordinates":[[117.9034043,33.9114072],[117.9034065,33.9112813],[117.9032994,33.9099246],[117.9033197,33.9092157],[117.9037625,33.9084072],[117.9040976,33.9079018],[117.9044469,33.9073602],[117.9068777,33.9024939],[117.9075553,33.901108],[117.9079815,33.8998863],[117.9081947,33.8991469],[117.9087529,33.8946199],[117.9092906,33.8898173],[117.9092947,33.889714],[117.9093775,33.8890132]]}},{"type":"Feature","id":"way/244164683","properties":{"osm_id":244164683,"highway":"secondary"},"geometry":{"type":"LineString","coordinates":[[117.9275985,33.9451903],[117.9158235,33.9446306],[117.9029554,33.9437866],[117.9031022,33.9416438],[117.9036451,33.9337154],[117.9037477,33.9312144],[117.9037523,33.9311014]]}},{"type":"Feature","id":"way/244164684","properties":{"osm_id":244164684,"name":"京福线","highway":"trunk","ref":"G104"},"geometry":{"type":"LineString","coordinates":[[117.8684242,33.7283869],[117.8690107,33.724268],[117.8692266,33.72284],[117.8696309,33.7201655],[117.8698844,33.7177853],[117.8700561,33.7162057],[117.8706086,33.7111009],[117.8708661,33.7094141],[117.8713895,33.7063628],[117.8715354,33.7055125],[117.8716748,33.7046717],[117.87188,33.7034342],[117.8719498,33.7026889],[117.8719283,33.7017562],[117.8718264,33.7007743],[117.8716869,33.6996541],[117.8716667,33.699543],[117.8715367,33.6988285],[117.8713047,33.6979173],[117.8711719,33.6973958],[117.8697215,33.6922451],[117.8687472,33.6890941],[117.867449,33.6845189],[117.8673524,33.6841886],[117.8671593,33.6835101],[117.8667351,33.682346],[117.8659668,33.6787227],[117.8642715,33.6707701],[117.863615,33.6674904],[117.8630788,33.665]]}},{"type":"Feature","id":"way/244164685","properties":{"osm_id":244164685,"highway":"secondary"},"geometry":{"type":"LineString","coordinates":[[117.8068011,34.2188252],[117.80674,34.2095839],[117.8067306,34.2086791],[117.8066837,34.2041595],[117.8066086,34.203911],[117.8063538,34.203852],[117.8039693,34.2038755],[117.803626,34.2038046],[117.7909416,34.1967976],[117.7787334,34.1891282],[117.7784358,34.1889284],[117.7778808,34.1884268],[117.7770989,34.1875961],[117.7769619,34.1874505],[117.7766362,34.1871045],[117.7693077,34.1814353],[117.7639011,34.1772526],[117.7637872,34.1764595],[117.7636704,34.175646],[117.7635148,34.1742081],[117.7620627,34.1740092],[117.7615032,34.1739374],[117.758644,34.1734714],[117.7578971,34.173184],[117.754822,34.1721421],[117.7534422,34.1716508],[117.7520904,34.1711695],[117.7482429,34.1698524],[117.746682,34.1693135],[117.7455527,34.168868],[117.7412419,34.1670446],[117.7403575,34.1666566],[117.7257362,34.160241],[117.7250949,34.1599871],[117.7210583,34.1589294],[117.7174805,34.1581449],[117.7169883,34.1580258],[117.716251,34.1577606],[117.7158448,34.1575093],[117.7154175,34.1572704],[117.7121533,34.1559105],[117.71169,34.1556823]]}},{"type":"Feature","id":"way/244833537","properties":{"osm_id":244833537,"name":"宿邳线","highway":"primary","ref":"S250"},"geometry":{"type":"LineString","coordinates":[[117.9885055,34.1697304],[117.990113,34.1682342],[117.9923747,34.1661032],[117.9949185,34.1632257],[117.9972254,34.1598627],[117.9998701,34.1563575],[118.0044345,34.1508753],[118.0071939,34.1475604],[118.0087464,34.1457813]]}},{"type":"Feature","id":"way/247006577","properties":{"osm_id":247006577,"name":"黄临路","highway":"primary","ref":"S216"},"geometry":{"type":"LineString","coordinates":[[117.73218,33.708369],[117.7322018,33.7070997],[117.7321718,33.7064597],[117.7322018,33.7060507],[117.7322218,33.7059307],[117.7322518,33.7058607],[117.7322918,33.7057307],[117.7323518,33.7056307],[117.7324418,33.7055107],[117.7326834,33.7052919],[117.735841,33.702336],[117.736171,33.702025],[117.736591,33.701645],[117.737651,33.700655],[117.738651,33.699775],[117.74125,33.697485],[117.74181,33.696905],[117.74243,33.696375],[117.74302,33.695925],[117.74318,33.695775],[117.743891,33.695234],[117.744301,33.694904],[117.744461,33.694774],[117.745781,33.693775],[117.748311,33.691845],[117.748451,33.691715],[117.750002,33.690535],[117.750832,33.689905],[117.753243,33.688036],[117.753514,33.687826],[117.753614,33.687706],[117.754184,33.686767],[117.754924,33.685517],[117.755695,33.684308],[117.755855,33.684028],[117.755895,33.683898],[117.755835,33.683628],[117.7550162,33.6808278],[117.7547522,33.6799145],[117.7543313,33.6784581],[117.7540653,33.6775379],[117.7537963,33.6760535],[117.7539394,33.6755903],[117.7556838,33.6752034],[117.7566082,33.675038],[117.7591245,33.6741231],[117.7653683,33.6718529],[117.7675325,33.671187],[117.7689265,33.6709274],[117.7689685,33.6709196],[117.7734507,33.6704891],[117.7856538,33.665]]}},{"type":"Feature","id":"way/261224104","properties":{"osm_id":261224104,"highway":"secondary","ref":"X210"},"geometry":{"type":"LineString","coordinates":[[118.0855242,34.22],[118.0852023,34.2185937],[118.0808798,34.2000729],[118.0797911,34.1954075],[118.0766934,34.1842986],[118.0766513,34.1841572],[118.0766337,34.184098],[118.0766083,34.1840128],[118.0761018,34.1823102],[118.0759729,34.1818768],[118.0758354,34.1814148],[118.0756707,34.1808612],[118.0754387,34.1800817],[118.0753031,34.179347],[118.0748871,34.1750671],[118.0748437,34.1743436],[118.0748843,34.1740029],[118.0749176,34.1737235],[118.0749582,34.1735326],[118.0750178,34.1734035],[118.0752438,34.173079],[118.0753647,34.1729054],[118.0756782,34.1724863],[118.0760105,34.1720422],[118.0761773,34.1718557],[118.0779467,34.1698782],[118.0785778,34.1691448],[118.0787146,34.1689425],[118.080202,34.1664885],[118.0818366,34.1630158],[118.0833199,34.1608592],[118.0861896,34.1576701],[118.0923333,34.1526881],[118.0924143,34.1526224]]}},{"type":"Feature","id":"way/281380942","properties":{"osm_id":281380942,"name":"古镇大道","highway":"primary","ref":"S505"},"geometry":{"type":"LineString","coordinates":[[118.1031409,34.22],[118.095638,34.2141229],[118.0941762,34.2129284],[118.0921565,34.211048],[118.0908458,34.2096083],[118.0893397,34.2075799],[118.0881523,34.2054759],[118.0874668,34.203838],[118.0869073,34.2023755],[118.0860638,34.1990803],[118.085026,34.1950261],[118.0845977,34.1935697]]}},{"type":"Feature","id":"way/289212074","properties":{"osm_id":289212074,"highway":"motorway_link"},"geometry":{"type":"LineString","coordinates":[[118.2395185,33.8447676],[118.2385313,33.8437866],[118.2380906,33.8433816],[118.2374031,33.8429911],[118.2367215,33.8428154],[118.2357695,33.8427129]]}},{"type":"Feature","id":"way/289212077","properties":{"osm_id":289212077,"highway":"motorway_link"},"geometry":{"type":"LineString","coordinates":[[118.2357695,33.8427129],[118.2344663,33.84265]]}},{"type":"Feature","id":"way/289212080","properties":{"osm_id":289212080,"highway":"motorway_link"},"geometry":{"type":"LineString","coordinates":[[118.2395185,33.8447676],[118.2392364,33.8442112]]}},{"type":"Feature","id":"way/289212082","properties":{"osm_id":289212082,"highway":"motorway_link"},"geometry":{"type":"LineString","coordinates":[[118.2351951,33.8417867],[118.2357135,33.8414978],[118.2358963,33.8413863],[118.2360213,33.8412942],[118.2362271,33.8411213],[118.2364675,33.8408878]]}},{"type":"Feature","id":"way/289212083","properties":{"osm_id":289212083,"highway":"motorway_link"},"geometry":{"type":"LineString","coordinates":[[118.2379272,33.8411021],[118.2375469,33.8413109],[118.2374107,33.8413984],[118.2372914,33.8414977],[118.2372158,33.8415726],[118.2371522,33.841665],[118.2370681,33.8418637],[118.2370543,33.841973],[118.2370623,33.8420882],[118.2370811,33.8421673],[118.2371132,33.8422503],[118.2371665,33.842335],[118.2372386,33.8424201],[118.2373194,33.8424957],[118.2374266,33.8425714],[118.2375639,33.8426435],[118.2376968,33.8426777],[118.2378494,33.8427052],[118.2380201,33.842708],[118.2381887,33.8426814],[118.238355,33.8426348]]}},{"type":"Feature","id":"way/289212086","properties":{"osm_id":289212086,"highway":"motorway_link"},"geometry":{"type":"LineString","coordinates":[[118.2374279,33.839624],[118.2373102,33.8399251],[118.2371666,33.8402536],[118.2369705,33.8406204],[118.2367317,33.8409979],[118.2362115,33.8417373],[118.2358223,33.8421349],[118.2356615,33.8422722]]}},{"type":"Feature","id":"way/289212088","properties":{"osm_id":289212088,"highway":"motorway_link"},"geometry":{"type":"LineString","coordinates":[[118.2375102,33.8377888],[118.2376034,33.8380149],[118.2376571,33.8382574],[118.2376633,33.8385097],[118.2376277,33.8387894],[118.2375978,33.838953],[118.2374279,33.839624]]}},{"type":"Feature","id":"way/289212089","properties":{"osm_id":289212089,"highway":"motorway_link"},"geometry":{"type":"LineString","coordinates":[[118.2344663,33.84265],[118.2332794,33.84265],[118.231922,33.8429087]]}},{"type":"Feature","id":"way/289212093","properties":{"osm_id":289212093,"highway":"motorway_link"},"geometry":{"type":"LineString","coordinates":[[118.2392364,33.8442112],[118.2392055,33.8439801],[118.23921,33.843778],[118.2392306,33.8434548],[118.2393775,33.8428886],[118.2397124,33.8420004],[118.24,33.8414563]]}},{"type":"Feature","id":"way/289212094","properties":{"osm_id":289212094,"highway":"motorway_link"},"geometry":{"type":"LineString","coordinates":[[118.24,33.8419663],[118.2398769,33.8424103],[118.2398887,33.8430692],[118.2399651,33.8434792],[118.24,33.8435813]]}},{"type":"Feature","id":"way/289212095","properties":{"osm_id":289212095,"highway":"motorway_link"},"geometry":{"type":"LineString","coordinates":[[118.238355,33.8426348],[118.2385384,33.8425313],[118.2386582,33.8424357],[118.2387435,33.84232],[118.2388075,33.8422102],[118.2388308,33.8421004],[118.2388352,33.8419944],[118.2388251,33.84181],[118.23869,33.8414781],[118.2387095,33.8413375]]}},{"type":"Feature","id":"way/289212097","properties":{"osm_id":289212097,"highway":"motorway_link"},"geometry":{"type":"LineString","coordinates":[[118.2364675,33.8408878],[118.2366397,33.8406679],[118.2367626,33.8404397],[118.2368939,33.8401735],[118.2369973,33.8398187],[118.2370216,33.8394922],[118.237021,33.839235],[118.2369752,33.8389758],[118.2368922,33.8386429],[118.2367874,33.8383355],[118.2367863,33.8381381]]}},{"type":"Feature","id":"way/289212098","properties":{"osm_id":289212098,"highway":"motorway_link"},"geometry":{"type":"LineString","coordinates":[[118.2387806,33.8390382],[118.2386591,33.839066],[118.2384799,33.8391396],[118.2383688,33.8392229],[118.2382385,33.8393565],[118.238171,33.8394834],[118.2381235,33.8396062],[118.238109,33.8397519],[118.2381349,33.8399541],[118.2381553,33.840042],[118.2382009,33.8401989]]}},{"type":"Feature","id":"way/289212099","properties":{"osm_id":289212099,"highway":"motorway_link"},"geometry":{"type":"LineString","coordinates":[[118.2390336,33.8406504],[118.2395712,33.840308],[118.2396531,33.840236],[118.2397349,33.8401457],[118.2398078,33.8400154],[118.2398621,33.8398492],[118.2398578,33.8396968],[118.2398212,33.8395251],[118.2397708,33.8394357],[118.2396695,33.8392982],[118.2395655,33.839204],[118.2394104,33.8391137],[118.2392608,33.83906],[118.2390992,33.839028],[118.2389417,33.8390201],[118.2387806,33.8390382]]}},{"type":"Feature","id":"way/289212100","properties":{"osm_id":289212100,"highway":"motorway_link"},"geometry":{"type":"LineString","coordinates":[[118.2371165,33.8373496],[118.2376923,33.8376668],[118.2389851,33.8384477],[118.2398548,33.8387845],[118.24,33.8388037]]}},{"type":"Feature","id":"way/289212104","properties":{"osm_id":289212104,"name":"新扬高速","highway":"motorway","ref":"S49"},"geometry":{"type":"LineString","coordinates":[[118.1889201,33.6948927],[118.1880915,33.6933184],[118.1865079,33.6901624]]}},{"type":"Feature","id":"way/289212126","properties":{"osm_id":289212126,"name":"淮徐高速","highway":"motorway","ref":"G2513"},"geometry":{"type":"LineString","coordinates":[[118.24,33.8405024],[118.2379272,33.8411021],[118.2373919,33.841257],[118.2335532,33.8424045],[118.231922,33.8429087],[118.2297458,33.8435865]]}},{"type":"Feature","id":"way/289212127","properties":{"osm_id":289212127,"name":"淮徐高速","highway":"motorway","ref":"G2513"},"geometry":{"type":"LineString","coordinates":[[118.2297458,33.8435865],[118.2276926,33.844283],[118.2267695,33.8445998],[118.2237091,33.845755],[118.2213805,33.8467104],[118.2194135,33.8476589],[118.2178061,33.8484676],[118.216229,33.8493161],[118.2146314,33.8502247],[118.212163,33.8516938],[118.2082131,33.8540937],[118.2044249,33.8563527],[118.2039046,33.8566928],[118.201514,33.8581032],[118.2000264,33.8590517],[118.1988781,33.8598005],[118.1965514,33.8613983],[118.1938642,33.8634062],[118.192337,33.864594],[118.1902604,33.8663511],[118.1879938,33.868408],[118.1856063,33.8707855],[118.1794059,33.8771759],[118.1776467,33.8788952],[118.1748776,33.8818542],[118.1701183,33.8867435],[118.1694575,33.8874744],[118.1682336,33.8886782],[118.1666815,33.8900901],[118.1658694,33.890812],[118.1644972,33.8919437],[118.1636746,33.8926059],[118.1621737,33.893707],[118.1616801,33.8940691],[118.1598359,33.8952919],[118.1572915,33.8968546],[118.1557267,33.8977173],[118.1553414,33.897911]]}},{"type":"Feature","id":"way/289212129","properties":{"osm_id":289212129,"name":"淮徐高速","highway":"motorway","ref":"G2513"},"geometry":{"type":"LineString","coordinates":[[118.229659,33.8434806],[118.2332923,33.8423613],[118.2351951,33.8417867],[118.2374918,33.8411008],[118.2390336,33.8406504],[118.24,33.8403677]]}},{"type":"Feature","id":"way/289215678","properties":{"osm_id":289215678,"highway":"motorway_link"},"geometry":{"type":"LineString","coordinates":[[118.2177126,33.7558954],[118.2183357,33.7565116],[118.2188646,33.7569171],[118.2197519,33.7573323],[118.2204805,33.7576499],[118.2208155,33.7580016],[118.2210153,33.7583876],[118.221027,33.7588224],[118.2208272,33.7592816],[118.2205275,33.7596333]]}},{"type":"Feature","id":"way/289215681","properties":{"osm_id":289215681,"highway":"motorway_link"},"geometry":{"type":"LineString","coordinates":[[118.2204923,33.7595796],[118.2208331,33.7591008],[118.2209506,33.7588077],[118.2209154,33.7583973],[118.2207685,33.7580749],[118.2205804,33.7578892],[118.220269,33.7577573],[118.2199576,33.757772],[118.2197284,33.7578941],[118.2195874,33.7581091],[118.219558,33.7584169],[118.2196696,33.7586856],[118.2196323,33.7588317]]}},{"type":"Feature","id":"way/289215685","properties":{"osm_id":289215685,"highway":"motorway_link"},"geometry":{"type":"LineString","coordinates":[[118.2199752,33.7600876],[118.2204923,33.7595796]]}},{"type":"Feature","id":"way/289215686","properties":{"osm_id":289215686,"highway":"motorway_link"},"geometry":{"type":"LineString","coordinates":[[118.2205275,33.7596333],[118.2200031,33.7601489]]}},{"type":"Feature","id":"way/289215689","properties":{"osm_id":289215689,"highway":"motorway_link"},"geometry":{"type":"LineString","coordinates":[[118.2200031,33.7601489],[118.2186681,33.7615566],[118.217848,33.7624325],[118.2174419,33.7628712],[118.2165141,33.7638736],[118.2156099,33.7652282],[118.2155386,33.7653324]]}},{"type":"Feature","id":"way/289215690","properties":{"osm_id":289215690,"highway":"motorway_link"},"geometry":{"type":"LineString","coordinates":[[118.2188712,33.7612211],[118.2193054,33.7605118],[118.2194637,33.7600777],[118.219442,33.7592547],[118.2192774,33.7586392],[118.2191246,33.7583705],[118.2191225,33.7582342]]}},{"type":"Feature","id":"way/289215691","properties":{"osm_id":289215691,"highway":"motorway_link"},"geometry":{"type":"LineString","coordinates":[[118.2152217,33.7653485],[118.215299,33.7652642],[118.2156046,33.7649756],[118.2167022,33.7634828],[118.2173402,33.7628094],[118.2182065,33.7618952],[118.2188712,33.7612211],[118.2192759,33.7608107],[118.2199752,33.7600876]]}},{"type":"Feature","id":"way/289215692","properties":{"osm_id":289215692,"highway":"motorway_link"},"geometry":{"type":"LineString","coordinates":[[118.2218904,33.7630727],[118.2213915,33.7622558],[118.2210683,33.7618162],[118.2207039,33.7614449],[118.2201575,33.7611225],[118.2197344,33.7610687],[118.2192408,33.7611616],[118.2189117,33.7613863],[118.2186681,33.7615566]]}},{"type":"Feature","id":"way/289217780","properties":{"osm_id":289217780,"name":"新扬高速","highway":"motorway","ref":"S49"},"geometry":{"type":"LineString","coordinates":[[118.1914417,33.6986704],[118.1916621,33.6989798],[118.1925612,33.7001971],[118.1944181,33.7025974],[118.1951584,33.7036093],[118.1959987,33.7048803],[118.1968743,33.7062588],[118.1975324,33.7074076],[118.1984843,33.7091576],[118.2001016,33.712702]]}},{"type":"Feature","id":"way/289217781","properties":{"osm_id":289217781,"name":"新扬高速","highway":"motorway","ref":"S49"},"geometry":{"type":"LineString","coordinates":[[118.1902468,33.6970943],[118.1889201,33.6948927]]}},{"type":"Feature","id":"way/289217782","properties":{"osm_id":289217782,"name":"新扬高速","highway":"motorway","ref":"S49"},"geometry":{"type":"LineString","coordinates":[[118.1890023,33.694834],[118.1903518,33.6970389]]}},{"type":"Feature","id":"way/295166750","properties":{"osm_id":295166750,"highway":"primary"},"geometry":{"type":"LineString","coordinates":[[117.987183,33.8834584],[117.9871197,33.8841799],[117.9866195,33.8891392]]}},{"type":"Feature","id":"way/295166751","properties":{"osm_id":295166751,"highway":"secondary"},"geometry":{"type":"LineString","coordinates":[[117.949764,33.8889828],[117.9499147,33.888981],[117.9514291,33.8889597],[117.9567853,33.8888722],[117.9569287,33.8888624],[117.9618898,33.8891573],[117.9628543,33.8892125],[117.9780564,33.8900837],[117.9785714,33.89044],[117.9787193,33.8919076],[117.9790864,33.8942161],[117.9791506,33.896913],[117.9791536,33.8970387],[117.9791162,33.8999281],[117.9791368,33.9018235],[117.979143,33.9022477],[117.979177,33.9023196],[117.9792395,33.9023882]]}},{"type":"Feature","id":"way/295166752","properties":{"osm_id":295166752,"highway":"primary"},"geometry":{"type":"LineString","coordinates":[[117.9829922,33.9030661],[117.982959,33.902979],[117.9837747,33.9002005],[117.9840406,33.899296],[117.9843286,33.8982666],[117.9846425,33.8970814],[117.9846685,33.8969832],[117.9862093,33.8911644],[117.9863961,33.890019]]}},{"type":"Feature","id":"way/295166753","properties":{"osm_id":295166753,"name":"元府东路","highway":"primary"},"geometry":{"type":"LineString","coordinates":[[117.9561052,33.900764],[117.94922,33.8998241]]}},{"type":"Feature","id":"way/295166754","properties":{"osm_id":295166754,"name":"泗阜线","highway":"trunk","ref":"G633"},"geometry":{"type":"LineString","coordinates":[[118.2303843,33.7648116],[118.2261922,33.7649699],[118.2250536,33.7650129],[118.2238394,33.7650587],[118.2219144,33.7651314],[118.2212111,33.765158],[118.22085,33.7651716],[118.2163872,33.7653067],[118.2155386,33.7653324],[118.2154641,33.7653362],[118.2152217,33.7653485],[118.2127129,33.7654294],[118.2104585,33.765502],[118.2097048,33.7655263],[118.2087036,33.7655586],[118.2070839,33.7656108],[118.2062541,33.7656376],[118.2037179,33.7657193],[118.2008738,33.765811],[118.200177,33.7657999],[118.1991263,33.7658003],[118.1969749,33.7657341],[118.1948424,33.7656677],[118.1940829,33.7656441],[118.1928453,33.7656056],[118.1903249,33.7655274],[118.1890421,33.7654876],[118.1876423,33.7654442],[118.1830069,33.7653005],[118.1775006,33.7651298],[118.1676595,33.7648246],[118.1633586,33.7646912],[118.1576368,33.7645138],[118.1563883,33.764399]]}},{"type":"Feature","id":"way/295166755","properties":{"osm_id":295166755,"highway":"secondary"},"geometry":{"type":"LineString","coordinates":[[117.9440956,33.9123338],[117.9440585,33.912587],[117.9438166,33.914276],[117.9434616,33.916788],[117.9430664,33.9197629],[117.9426543,33.9224452],[117.9421064,33.9255708],[117.9418359,33.9269892]]}},{"type":"Feature","id":"way/295166758","properties":{"osm_id":295166758,"highway":"secondary"},"geometry":{"type":"LineString","coordinates":[[118.0256632,33.8516903],[118.0256382,33.8515907],[118.0245994,33.8473071],[118.0244291,33.8467237],[118.0240535,33.8457512],[118.0238453,33.845212],[118.0221603,33.8412887],[118.0198881,33.8356975],[118.0191124,33.832046],[118.0186436,33.8298675],[118.0180044,33.826484],[118.017844,33.8252749],[118.0176024,33.8202211],[118.0173039,33.8139752],[118.0169531,33.8125396],[118.0169338,33.8118266],[118.0166935,33.8097401],[118.0160518,33.8053995],[118.0157852,33.803058],[118.0156857,33.802184],[118.0156604,33.8013038]]}},{"type":"Feature","id":"way/295166760","properties":{"osm_id":295166760,"highway":"secondary"},"geometry":{"type":"LineString","coordinates":[[117.9311146,33.9289494],[117.9311222,33.9288211],[117.9313194,33.9254359],[117.9313118,33.9251512],[117.9312897,33.9243275],[117.9305151,33.9212801],[117.9303027,33.9198815],[117.9303,33.9166991],[117.9302165,33.9137139],[117.9302155,33.9135457],[117.9301868,33.9124249],[117.9301939,33.9122064]]}},{"type":"Feature","id":"way/295166761","properties":{"osm_id":295166761,"name":"通湖大道","highway":"primary"},"geometry":{"type":"LineString","coordinates":[[118.2179996,33.9697863],[118.2181486,33.9701197],[118.2183145,33.9704953],[118.2183552,33.9705879],[118.2185502,33.9710356],[118.2186178,33.9711768],[118.218771,33.9715575],[118.2190309,33.972094]]}},{"type":"Feature","id":"way/295166762","properties":{"osm_id":295166762,"highway":"primary"},"geometry":{"type":"LineString","coordinates":[[117.9793725,33.9024321],[117.9794851,33.9025055],[117.9795678,33.9026025],[117.9796166,33.902729],[117.9796146,33.9028617],[117.9795619,33.9029871],[117.9794727,33.9030853],[117.9793527,33.9031573],[117.9792124,33.9031969],[117.9790643,33.9032004],[117.9789215,33.9031676],[117.9787967,33.9031013],[117.9787106,33.9030201],[117.9786528,33.9029231],[117.9786274,33.9028169],[117.9786361,33.902709],[117.978699,33.9025753],[117.9788046,33.9024734],[117.9789439,33.9024051],[117.9791024,33.9023774],[117.9792395,33.9023882],[117.9793725,33.9024321]]}},{"type":"Feature","id":"way/295167253","properties":{"osm_id":295167253,"highway":"primary","ref":"S347"},"geometry":{"type":"LineString","coordinates":[[117.8856718,33.8028444],[117.8914001,33.8023178],[117.8965368,33.8018551],[117.9004839,33.801496],[117.9094984,33.8006522],[117.9127888,33.8003854],[117.9189419,33.7997803],[117.923173,33.7994012],[117.9323643,33.7985973],[117.9382739,33.798053],[117.940149,33.7978607],[117.9433415,33.7976088],[117.9436088,33.7976384],[117.9440588,33.7977495],[117.9451324,33.7980123],[117.9456448,33.7980123],[117.9518181,33.7978004],[117.9582973,33.7976424],[117.9585544,33.7975613],[117.9586614,33.7974222],[117.9587353,33.7930846],[117.9587423,33.7917786],[117.9623696,33.7917577],[117.969245,33.7918344],[117.9738152,33.7918587],[117.9747953,33.7918671],[117.9836147,33.7919838],[117.9891574,33.7920503],[117.9926765,33.7923937],[117.992693,33.7923954],[117.9960337,33.792748],[117.9992454,33.793087],[117.9997594,33.7931412],[118.000918,33.7932635],[118.0023927,33.7934191],[118.0042511,33.7936152],[118.005563,33.7937696],[118.0077015,33.7939571],[118.0100475,33.7941629],[118.0159461,33.7939292],[118.0162933,33.7939154],[118.0246214,33.7935506],[118.0350978,33.7930918],[118.035166,33.7930888],[118.0430719,33.7927425],[118.0430958,33.7927414],[118.0484552,33.7925067],[118.0501471,33.792448],[118.0550435,33.792278],[118.0570053,33.7921995],[118.0639604,33.7919213],[118.0702904,33.7916241],[118.0729011,33.7913963],[118.0735583,33.7913324],[118.0787066,33.7908315],[118.0820283,33.7905144],[118.0820695,33.7905104],[118.0847147,33.7902569],[118.0861167,33.7901213],[118.0862577,33.7901077],[118.0880149,33.7899379],[118.0900434,33.7897418],[118.0924532,33.7895034],[118.094866,33.7892613],[118.0955566,33.7891979],[118.0977806,33.7889654],[118.0980809,33.7889409],[118.0987208,33.7889823]]}},{"type":"Feature","id":"way/295167264","properties":{"osm_id":295167264,"highway":"secondary"},"geometry":{"type":"LineString","coordinates":[[118.0111755,33.7341211],[118.0110973,33.7337114],[118.0110717,33.7319461],[118.011068,33.73169],[118.0111832,33.7298652],[118.0116971,33.7244232],[118.013125,33.7049844],[118.0135918,33.6971386],[118.0133314,33.6954217],[118.012991,33.6898545],[118.0125618,33.6869978],[118.011226,33.6846929],[118.0044079,33.6729274],[118.0002823,33.665]]}},{"type":"Feature","id":"way/295167269","properties":{"osm_id":295167269,"highway":"secondary"},"geometry":{"type":"LineString","coordinates":[[118.0162933,33.7939154],[118.0160579,33.7962113],[118.0158772,33.797974],[118.0158688,33.7980562]]}},{"type":"Feature","id":"way/295167273","properties":{"osm_id":295167273,"highway":"secondary"},"geometry":{"type":"LineString","coordinates":[[117.9443928,33.891879],[117.9443928,33.8919527],[117.9444127,33.8926141],[117.9444125,33.8937239],[117.9444122,33.8949459],[117.9444109,33.8950227],[117.9443911,33.8971778]]}},{"type":"Feature","id":"way/298838641","properties":{"osm_id":298838641,"name":"通达大道","highway":"secondary"},"geometry":{"type":"LineString","coordinates":[[118.2243693,33.8788127],[118.224371,33.878919],[118.224374,33.8790383],[118.2243941,33.8798717],[118.2244116,33.8805295],[118.2244739,33.883003],[118.2245105,33.8844545],[118.2245688,33.8867678],[118.2245887,33.8875585],[118.2246044,33.8881801],[118.2246076,33.8883076],[118.2246162,33.8886504],[118.2246181,33.888724],[118.2246372,33.8894718],[118.2246575,33.8902629],[118.2247005,33.8926813],[118.2247016,33.8927414],[118.2247035,33.8928495],[118.2245069,33.8962041],[118.2244971,33.8963713],[118.2243744,33.8984644],[118.2242575,33.9006053],[118.2242397,33.9009321],[118.224134,33.9028672],[118.224001,33.9053246],[118.2239975,33.9053892],[118.2239894,33.905538],[118.2239645,33.9059987],[118.2239613,33.9060578],[118.2239212,33.906799]]}},{"type":"Feature","id":"way/298838645","properties":{"osm_id":298838645,"name":"北京路","highway":"primary","ref":"X101"},"geometry":{"type":"LineString","coordinates":[[118.2227999,33.9245222],[118.2263749,33.9239914],[118.2282312,33.9237158],[118.2287525,33.9236384],[118.2289066,33.9236155],[118.2305912,33.9233654],[118.2314226,33.9232419],[118.2323044,33.923111],[118.2344028,33.9227996]]}},{"type":"Feature","id":"way/298838646","properties":{"osm_id":298838646,"name":"北京路","highway":"primary","ref":"X101"},"geometry":{"type":"LineString","coordinates":[[118.2344307,33.9228914],[118.2326998,33.9231486],[118.2305983,33.9234645],[118.2290062,33.923699],[118.2288607,33.9237248],[118.2287565,33.9237413],[118.2272124,33.9239734],[118.2269634,33.9240108],[118.2227859,33.9246387],[118.2226781,33.9246552]]}},{"type":"Feature","id":"way/298838658","properties":{"osm_id":298838658,"name":"西湖西路","highway":"primary"},"geometry":{"type":"LineString","coordinates":[[118.1748846,33.9088582],[118.1750276,33.908966],[118.1750807,33.9089968],[118.1751183,33.9090203],[118.1755344,33.9092809],[118.1762156,33.9097336],[118.1767884,33.9101142],[118.1771424,33.9103494],[118.1772577,33.9104315],[118.1793934,33.9119512],[118.1805049,33.9127009],[118.1811182,33.9130257],[118.1816341,33.9133001],[118.1819068,33.9134216],[118.1828591,33.9138688],[118.1829403,33.9139006],[118.1829898,33.9139178],[118.1836772,33.9141953],[118.184214,33.914412],[118.1851671,33.9147967],[118.1857913,33.9150479],[118.1876181,33.9157089],[118.1883914,33.9159962],[118.1901372,33.9166958],[118.1902717,33.9167436],[118.1929758,33.917816],[118.1937657,33.9181419],[118.1943632,33.9183749],[118.1949171,33.9185793],[118.1970147,33.9194219],[118.1974729,33.9196511],[118.1979033,33.9199108],[118.1981762,33.9200784],[118.1991238,33.9207988],[118.1991988,33.9208546],[118.2002281,33.9216463],[118.2015018,33.9226529],[118.2022573,33.9232043]]}},{"type":"Feature","id":"way/307181281","properties":{"osm_id":307181281,"highway":"primary"},"geometry":{"type":"LineString","coordinates":[[117.9866195,33.8891392],[117.9865282,33.8900415]]}},{"type":"Feature","id":"way/307181282","properties":{"osm_id":307181282,"highway":"primary"},"geometry":{"type":"LineString","coordinates":[[117.9863961,33.890019],[117.9864717,33.8891299]]}},{"type":"Feature","id":"way/307181283","properties":{"osm_id":307181283,"highway":"primary"},"geometry":{"type":"LineString","coordinates":[[117.9864717,33.8891299],[117.9870023,33.884176],[117.9870841,33.8834589]]}},{"type":"Feature","id":"way/307181284","properties":{"osm_id":307181284,"highway":"primary"},"geometry":{"type":"LineString","coordinates":[[117.9865282,33.8900415],[117.9863498,33.8911522],[117.98478,33.8970014],[117.9847459,33.8971056],[117.9844381,33.8982984],[117.9841425,33.8993282],[117.9838971,33.9002267],[117.9830876,33.902985],[117.9829922,33.9030661]]}},{"type":"Feature","id":"way/307181558","properties":{"osm_id":307181558,"highway":"secondary"},"geometry":{"type":"LineString","coordinates":[[117.886894,33.8895394],[117.889076,33.8895895],[117.8892119,33.889597],[117.9002607,33.8897074],[117.9048316,33.8897576],[117.9092947,33.889714],[117.9094259,33.889713],[117.9155798,33.8898878],[117.9170325,33.8898673],[117.9296908,33.8894781],[117.9373261,33.8892967],[117.9411956,33.8892048],[117.9442854,33.8890418],[117.9488169,33.8889732]]}},{"type":"Feature","id":"way/307181559","properties":{"osm_id":307181559,"highway":"secondary"},"geometry":{"type":"LineString","coordinates":[[117.9488169,33.8889732],[117.949764,33.8889828]]}},{"type":"Feature","id":"way/315776185","properties":{"osm_id":315776185,"name":"连霍高速","highway":"motorway","ref":"G30"},"geometry":{"type":"LineString","coordinates":[[117.495178,34.2178875],[117.4988012,34.2180171],[117.5028579,34.2181631],[117.5039921,34.2182317],[117.5060028,34.2183532],[117.5084929,34.2185668],[117.5111915,34.218899],[117.5132137,34.2191777],[117.5141339,34.2193476],[117.5159706,34.2196868],[117.517419,34.22]]}},{"type":"Feature","id":"way/315776196","properties":{"osm_id":315776196,"name":"连霍高速","highway":"motorway","ref":"G30"},"geometry":{"type":"LineString","coordinates":[[117.4811558,34.2172278],[117.4814852,34.2172568]]}},{"type":"Feature","id":"way/315776198","properties":{"osm_id":315776198,"name":"连霍高速","highway":"motorway","ref":"G30"},"geometry":{"type":"LineString","coordinates":[[117.4815066,34.2173648],[117.4811668,34.2173351]]}},{"type":"Feature","id":"way/315776208","properties":{"osm_id":315776208,"name":"连霍高速","highway":"motorway","ref":"G30"},"geometry":{"type":"LineString","coordinates":[[117.4951923,34.2180024],[117.4947898,34.2179884]]}},{"type":"Feature","id":"way/315776231","properties":{"osm_id":315776231,"name":"连霍高速","highway":"motorway","ref":"G30"},"geometry":{"type":"LineString","coordinates":[[117.4947784,34.2178738],[117.495178,34.2178875]]}},{"type":"Feature","id":"way/315776246","properties":{"osm_id":315776246,"name":"连霍高速","highway":"motorway","ref":"G30"},"geometry":{"type":"LineString","coordinates":[[117.4814852,34.2172568],[117.4838404,34.2174396],[117.4868364,34.2176021],[117.4947784,34.2178738]]}},{"type":"Feature","id":"way/315776248","properties":{"osm_id":315776248,"name":"连霍高速","highway":"motorway","ref":"G30"},"geometry":{"type":"LineString","coordinates":[[117.4947898,34.2179884],[117.4868382,34.2177125],[117.4837393,34.2175347],[117.4815066,34.2173648]]}},{"type":"Feature","id":"way/315777992","properties":{"osm_id":315777992,"name":"连霍高速","highway":"motorway","ref":"G30"},"geometry":{"type":"LineString","coordinates":[[117.5169616,34.22],[117.5159964,34.2197933],[117.5141407,34.2194566],[117.5135627,34.2193517],[117.5112069,34.2189884],[117.5084775,34.2186733],[117.5059604,34.2184451],[117.5048909,34.218382],[117.5028309,34.2182605],[117.4987655,34.2181349],[117.4951923,34.2180024]]}},{"type":"Feature","id":"way/320472330","properties":{"osm_id":320472330,"highway":"motorway_link"},"geometry":{"type":"LineString","coordinates":[[118.1601362,33.8999045],[118.1603803,33.8993944],[118.1604507,33.8991874],[118.1604855,33.8989462],[118.1604925,33.8988471],[118.1605243,33.8983953],[118.1605288,33.898094],[118.1605143,33.8979084],[118.1605104,33.8978585]]}},{"type":"Feature","id":"way/320472331","properties":{"osm_id":320472331,"highway":"motorway_link"},"geometry":{"type":"LineString","coordinates":[[118.1621737,33.893707],[118.1608834,33.894705],[118.1606474,33.8949152],[118.1604113,33.8952127],[118.1602443,33.8955171],[118.1601725,33.8957519],[118.1601252,33.896007],[118.1601366,33.896241],[118.1601914,33.8965814],[118.1603067,33.8969207],[118.1604997,33.8972785]]}},{"type":"Feature","id":"way/320472332","properties":{"osm_id":320472332,"highway":"motorway_link"},"geometry":{"type":"LineString","coordinates":[[118.1554807,33.8977061],[118.1560273,33.8972876],[118.1563707,33.8969759],[118.1566389,33.8966464],[118.1568105,33.8962189],[118.1569178,33.8956846],[118.1570056,33.8953749],[118.1571827,33.8951728],[118.1573908,33.8950596],[118.1577211,33.8950123],[118.1580708,33.8950654]]}},{"type":"Feature","id":"way/320472333","properties":{"osm_id":320472333,"highway":"motorway_link"},"geometry":{"type":"LineString","coordinates":[[118.1603213,33.8973152],[118.1599682,33.8968748],[118.1596519,33.8966424],[118.1593624,33.8964977],[118.1589134,33.8964059],[118.1584199,33.8964416],[118.1572915,33.8968546]]}},{"type":"Feature","id":"way/320472346","properties":{"osm_id":320472346,"name":"淮徐高速","highway":"motorway","ref":"G2513"},"geometry":{"type":"LineString","coordinates":[[118.1552616,33.897818],[118.1554807,33.8977061],[118.15566,33.89763],[118.15722,33.89677],[118.1584231,33.8960311],[118.15976,33.89521],[118.1616,33.89399],[118.16359,33.89253],[118.16441,33.89187],[118.16578,33.89074],[118.16659,33.89002],[118.16814,33.88861],[118.16936,33.88741],[118.17002,33.88668],[118.17478,33.88179],[118.17755,33.87883],[118.17931,33.87711],[118.18551,33.87072],[118.1879,33.86834],[118.19017,33.86628],[118.19225,33.86452],[118.19378,33.86333],[118.19647,33.86132],[118.1988,33.85972],[118.19995,33.85897],[118.20144,33.85802],[118.20383,33.85661],[118.20435,33.85627],[118.20814,33.85401],[118.21209,33.85161],[118.21456,33.85014],[118.21616,33.84923],[118.21774,33.84838],[118.21935,33.84757],[118.22132,33.84662],[118.22361,33.84561],[118.2265334,33.8445176],[118.2275029,33.8441582],[118.229659,33.8434806]]}},{"type":"Feature","id":"way/320472347","properties":{"osm_id":320472347,"highway":"motorway_link"},"geometry":{"type":"LineString","coordinates":[[118.1607038,33.8978279],[118.1607439,33.8981062],[118.1607385,33.8984026],[118.1606835,33.8987485],[118.1606305,33.8989902],[118.1605775,33.8991645],[118.1602529,33.8999451]]}},{"type":"Feature","id":"way/320472348","properties":{"osm_id":320472348,"name":"淮徐高速","highway":"motorway","ref":"G2513"},"geometry":{"type":"LineString","coordinates":[[118.1553414,33.897911],[118.1537534,33.898709],[118.1520597,33.8995207],[118.1506039,33.900168]]}},{"type":"Feature","id":"way/320472350","properties":{"osm_id":320472350,"name":"淮徐高速","highway":"motorway","ref":"G2513"},"geometry":{"type":"LineString","coordinates":[[118.0529726,33.9320179],[118.0517805,33.9321129],[118.0468696,33.932413],[118.03611,33.9331302],[118.0342251,33.933247],[118.0322078,33.9334229],[118.0299643,33.9336909],[118.0291935,33.9337931],[118.0277767,33.9340002],[118.0256184,33.9344116],[118.0224077,33.9350879],[118.0214115,33.9353369],[118.0188163,33.9360756],[118.0168502,33.9367043],[118.0151362,33.9372923],[118.0121029,33.9385495],[118.0098677,33.9395673],[118.007782,33.9406152],[118.001322,33.9440951],[118.0000939,33.9447142],[117.9984134,33.9456845],[117.9966671,33.9465476],[117.9948532,33.9473694],[117.9930485,33.9481313],[117.9898727,33.9493135],[117.9885264,33.9497556],[117.9842192,33.9509475],[117.9819537,33.9514588],[117.9811243,33.9516254]]}},{"type":"Feature","id":"way/320472351","properties":{"osm_id":320472351,"highway":"motorway_link"},"geometry":{"type":"LineString","coordinates":[[118.1580428,33.8951372],[118.1577207,33.8950883],[118.1574246,33.8951307],[118.157246,33.8952279],[118.1570786,33.8954189],[118.1570251,33.8956757],[118.1571002,33.8959072],[118.157281,33.8960791],[118.1575707,33.8961682],[118.1578925,33.8961682],[118.1584231,33.8960311]]}},{"type":"Feature","id":"way/320472352","properties":{"osm_id":320472352,"highway":"motorway_link"},"geometry":{"type":"LineString","coordinates":[[118.1580708,33.8950654],[118.1585406,33.8952822],[118.1589322,33.8955248],[118.159385,33.8958803],[118.1597315,33.8962337]]}},{"type":"Feature","id":"way/320472353","properties":{"osm_id":320472353,"name":"淮徐高速","highway":"motorway","ref":"G2513"},"geometry":{"type":"LineString","coordinates":[[118.1505572,33.9000793],[118.152,33.89943],[118.15369,33.89862],[118.1552616,33.897818]]}},{"type":"Feature","id":"way/320472354","properties":{"osm_id":320472354,"highway":"motorway_link"},"geometry":{"type":"LineString","coordinates":[[118.1596562,33.8962429],[118.1593178,33.8959104],[118.1589025,33.8955916],[118.1585007,33.8953579],[118.1580428,33.8951372]]}},{"type":"Feature","id":"way/332343241","properties":{"osm_id":332343241,"name":"沈阳南路","highway":"tertiary"},"geometry":{"type":"LineString","coordinates":[[117.9152906,33.9004814],[117.9163702,33.8974351],[117.9165696,33.8968123],[117.9166535,33.8961284],[117.9167109,33.8953642],[117.9168477,33.8935412],[117.9169946,33.890904],[117.9170288,33.8899682],[117.9170325,33.8898673]]}},{"type":"Feature","id":"way/334051238","properties":{"osm_id":334051238,"name":"劳武路","highway":"tertiary"},"geometry":{"type":"LineString","coordinates":[[118.0806734,34.1798538],[118.0794552,34.1799068],[118.0754387,34.1800817],[118.0749807,34.1801825],[118.0748563,34.1802092],[118.0722453,34.1807687],[118.0711078,34.1810133],[118.068162,34.1816352],[118.0681331,34.1816413],[118.067369,34.1818039],[118.0668138,34.1819216],[118.0667566,34.1819338],[118.0653468,34.1822327],[118.0640921,34.1825006],[118.062356,34.1828694],[118.0606713,34.1832428],[118.0585506,34.1836745],[118.0571564,34.1839723],[118.0571167,34.1839836],[118.0568014,34.1840727],[118.0566369,34.1841496],[118.05651,34.1842387]]}},{"type":"Feature","id":"way/334053082","properties":{"osm_id":334053082,"name":"宿邳线","highway":"primary","ref":"S250"},"geometry":{"type":"LineString","coordinates":[[117.9852762,34.1722998],[117.9837522,34.1734156],[117.9805747,34.1760323],[117.9780548,34.1785289],[117.9750315,34.1822877],[117.9730063,34.1856352],[117.9698749,34.1908932],[117.9694498,34.1916069],[117.9677997,34.1954186],[117.9665614,34.2000086],[117.9661437,34.2030876],[117.966124,34.2032327],[117.9659838,34.2042665],[117.9662847,34.2157693],[117.966431,34.2194526],[117.9663491,34.22]]}},{"type":"Feature","id":"way/334163341","properties":{"osm_id":334163341,"name":"人民路","highway":"tertiary"},"geometry":{"type":"LineString","coordinates":[[118.0737194,34.0351624],[118.0738023,34.0351832],[118.0742201,34.0352131],[118.0746463,34.0352156],[118.0750036,34.0351929],[118.075472,34.0351632],[118.07556,34.0351576],[118.0767553,34.0350713],[118.0772894,34.0350725],[118.0776673,34.0350734],[118.0783356,34.035086],[118.0785599,34.0350602],[118.0791031,34.0349976],[118.0793746,34.0349868],[118.0807274,34.0350336],[118.0810698,34.0350454],[118.0817138,34.0350988],[118.0817867,34.0351078],[118.0830761,34.0352674],[118.0831713,34.035275],[118.0840542,34.0353453],[118.0847569,34.0354017],[118.0858499,34.0354895],[118.0860485,34.0355036],[118.0861771,34.0355215],[118.0886918,34.0358716],[118.090631,34.0361415],[118.0925568,34.0364096],[118.0936584,34.0365622],[118.0937715,34.0365779]]}},{"type":"Feature","id":"way/334163343","properties":{"osm_id":334163343,"name":"工业园路","highway":"tertiary"},"geometry":{"type":"LineString","coordinates":[[118.0507572,34.1245249],[118.0518536,34.1242985],[118.0533413,34.1239912],[118.0534341,34.123972],[118.0569062,34.1232466],[118.0590701,34.1227945],[118.0644929,34.1216867],[118.0651022,34.1215622]]}},{"type":"Feature","id":"way/334163344","properties":{"osm_id":334163344,"name":"镇东路","highway":"tertiary"},"geometry":{"type":"LineString","coordinates":[[117.841956,34.22],[117.8414828,34.2185878]]}},{"type":"Feature","id":"way/334163346","properties":{"osm_id":334163346,"name":"繁荣路","highway":"tertiary"},"geometry":{"type":"LineString","coordinates":[[118.0603245,34.1262004],[118.0578984,34.1267637],[118.0568686,34.1270016],[118.0544783,34.127554],[118.0544345,34.1275641],[118.0529932,34.1278971],[118.0516163,34.1282153]]}},{"type":"Feature","id":"way/334163347","properties":{"osm_id":334163347,"name":"宿黄线","highway":"secondary"},"geometry":{"type":"LineString","coordinates":[[118.0762368,34.0653313],[118.0761686,34.0647268],[118.0761631,34.0646777],[118.076035,34.0636736],[118.0760291,34.0625466],[118.0760277,34.0622854],[118.0760266,34.0620718],[118.0760254,34.0618414],[118.0760242,34.0616235],[118.0760226,34.061317],[118.0760225,34.0608162],[118.0760224,34.0607854],[118.0760223,34.0603579],[118.0760222,34.0601338],[118.0760222,34.0598963],[118.0760221,34.0596429],[118.0760448,34.0586686],[118.0760467,34.0585879],[118.0760714,34.0575309]]}},{"type":"Feature","id":"way/334163348","properties":{"osm_id":334163348,"name":"宿邳线","highway":"tertiary"},"geometry":{"type":"LineString","coordinates":[[118.0969039,34.1193432],[118.0962581,34.1189583]]}},{"type":"Feature","id":"way/334163350","properties":{"osm_id":334163350,"name":"宿黄线","highway":"secondary"},"geometry":{"type":"LineString","coordinates":[[118.1059311,34.0422702],[118.1058811,34.0422913],[118.1055644,34.0424251],[118.1054603,34.0424537],[118.1053621,34.042486],[118.1052554,34.0425471],[118.1046988,34.0429912],[118.1040091,34.0432562],[118.1034241,34.0434809],[118.1032803,34.043571],[118.1032312,34.0436017],[118.1031476,34.0436541],[118.102848,34.043891],[118.1026223,34.0441688],[118.1022246,34.0446931],[118.1008345,34.0465257],[118.1005684,34.0468821],[118.0998166,34.047889],[118.0992801,34.048451],[118.098969,34.0486895],[118.0982001,34.0494351],[118.0978528,34.0497718],[118.0973402,34.0501393],[118.0961835,34.0509685],[118.0957858,34.0512536],[118.0955694,34.0514088],[118.0954306,34.0515031],[118.0946149,34.052057],[118.0916934,34.0540409],[118.0902648,34.055011],[118.0900116,34.0551829],[118.0897351,34.0553707],[118.0891843,34.0557361],[118.0889031,34.0559226],[118.0880014,34.0565208],[118.0859137,34.0579585],[118.0855091,34.0582213],[118.0854767,34.0582433],[118.0853789,34.0583096],[118.0852209,34.0583798],[118.0851537,34.0584055],[118.085072,34.0584223],[118.0849596,34.0584303],[118.0848014,34.0584317],[118.0843514,34.0583924],[118.0840763,34.05836],[118.0836008,34.0583041],[118.0824288,34.0581661],[118.0811817,34.0580413],[118.0802382,34.0579469],[118.0796136,34.0578848],[118.0760714,34.0575309]]}},{"type":"Feature","id":"way/334163354","properties":{"osm_id":334163354,"highway":"secondary"},"geometry":{"type":"LineString","coordinates":[[117.8493264,34.2068702],[117.8497699,34.2068706],[117.8498435,34.2068689],[117.8553307,34.2067004],[117.8634202,34.2064608],[117.8717995,34.2061858],[117.8735804,34.2060793],[117.8814125,34.2045975],[117.8913696,34.2027884],[117.8969364,34.201732],[117.8975031,34.2016244],[117.9065188,34.1999134],[117.9113492,34.1994291],[117.9138237,34.1991586],[117.9195964,34.1986124],[117.9195535,34.1977294],[117.919355,34.1954266],[117.9190385,34.1923875]]}},{"type":"Feature","id":"way/334163359","properties":{"osm_id":334163359,"name":"宿黄线","highway":"secondary"},"geometry":{"type":"LineString","coordinates":[[118.0952665,34.0134319],[118.0953973,34.0139439],[118.0954685,34.0142229],[118.0955955,34.0147201],[118.095678,34.0150431],[118.0957328,34.0152577],[118.0957716,34.0154094],[118.0958017,34.015527],[118.0958435,34.0156908],[118.0959103,34.0159522],[118.0959675,34.0161763],[118.0959914,34.0162884],[118.0960276,34.0165476],[118.0960494,34.0167032],[118.0961059,34.0171073],[118.0961525,34.0174082],[118.0962247,34.0177926],[118.0963444,34.0182974],[118.0964785,34.018607],[118.0967159,34.0190506],[118.0972158,34.019985],[118.0975664,34.0206221],[118.09774,34.0209375],[118.0977986,34.0210439],[118.0980441,34.0214854],[118.0984365,34.0221521],[118.0984466,34.0221692],[118.0987819,34.0227375],[118.0991091,34.0232921],[118.0995019,34.0239578],[118.0995631,34.0240781],[118.0998854,34.0247106],[118.0999847,34.0249056],[118.1003516,34.0256256],[118.1003945,34.0257273],[118.1010951,34.0273884],[118.1021114,34.029798],[118.1021169,34.0298102]]}},{"type":"Feature","id":"way/343563913","properties":{"osm_id":343563913,"highway":"secondary"},"geometry":{"type":"LineString","coordinates":[[117.5541583,34.0953296],[117.5546121,34.0955296],[117.5583887,34.0970222],[117.5600195,34.0976618],[117.5635171,34.098497],[117.5669074,34.0979994],[117.568388,34.1045025],[117.5701475,34.1065813],[117.5707161,34.1075673],[117.5714028,34.1096904],[117.5691068,34.1105521],[117.5674975,34.1113338],[117.5658023,34.1126484],[117.5653221,34.1128472],[117.5652015,34.1128972],[117.5595796,34.1142029],[117.5567365,34.1149935],[117.5543761,34.1160061],[117.552638,34.1167877],[117.5507498,34.1180668],[117.5486255,34.1191326],[117.5454497,34.1208824],[117.544291,34.1214686],[117.5442494,34.1214888],[117.5390875,34.1239999],[117.5368667,34.1249147],[117.5348818,34.1255408],[117.5327253,34.126278],[117.5318456,34.1266599],[117.5285947,34.1291244],[117.5261915,34.1303589],[117.5219214,34.1327078],[117.5177371,34.1346571],[117.5166428,34.1350346],[117.5136173,34.1360869],[117.5119543,34.1378985],[117.5111496,34.1388575],[117.5110638,34.1390529],[117.5105274,34.1423473],[117.5093365,34.1493087]]}},{"type":"Feature","id":"way/343563918","properties":{"osm_id":343563918,"name":"下怀路","highway":"primary","ref":"S224"},"geometry":{"type":"LineString","coordinates":[[117.4891055,33.665],[117.4889388,33.6659911],[117.4888196,33.6671645],[117.4884259,33.6711604],[117.4882887,33.6732117],[117.4880041,33.6779824],[117.4869902,33.6809465],[117.4815614,33.6886179],[117.4740737,33.6993164],[117.4697178,33.7054554],[117.4653078,33.7129026],[117.4638148,33.7161821]]}},{"type":"Feature","id":"way/345825541","properties":{"osm_id":345825541,"name":"徐明高速","highway":"motorway","ref":"S07"},"geometry":{"type":"LineString","coordinates":[[117.6340349,33.969344],[117.6341234,33.9689829]]}},{"type":"Feature","id":"way/345825542","properties":{"osm_id":345825542,"name":"徐明高速","highway":"motorway","ref":"S07"},"geometry":{"type":"LineString","coordinates":[[117.6342282,33.9690196],[117.634135,33.9693749]]}},{"type":"Feature","id":"way/345825543","properties":{"osm_id":345825543,"name":"徐明高速","highway":"motorway","ref":"S65"},"geometry":{"type":"LineString","coordinates":[[117.6406305,34.0507874],[117.6406353,34.0507486],[117.6410557,34.0474569],[117.6412314,34.0447455],[117.641208,34.0422096],[117.6411617,34.04109],[117.6406895,34.0365151],[117.6400399,34.0335694],[117.6394138,34.0313001],[117.6379873,34.0263764]]}},{"type":"Feature","id":"way/345825544","properties":{"osm_id":345825544,"name":"徐明高速","highway":"motorway","ref":"S07"},"geometry":{"type":"LineString","coordinates":[[117.634135,33.9693749],[117.6338506,33.9705305],[117.633627,33.9715616],[117.6334431,33.9724402],[117.6333466,33.9729499],[117.6331885,33.9738401],[117.6330978,33.974359],[117.6329112,33.9755081],[117.6327976,33.9763505],[117.6327155,33.9770525],[117.6326023,33.977967],[117.6324986,33.9788858],[117.6323866,33.9798743],[117.632217,33.9813338],[117.6321027,33.9823173],[117.631963,33.9835677],[117.6318708,33.9843432],[117.6317867,33.9850893],[117.6316559,33.9861935],[117.6315519,33.9871409],[117.6314631,33.987875],[117.6313709,33.9888033],[117.6313154,33.9894368],[117.6312522,33.9903734],[117.6312004,33.9912865],[117.6311626,33.9921834],[117.6311412,33.9928973],[117.6311346,33.9935771],[117.6311346,33.9942487],[117.6311404,33.9950057],[117.6311651,33.9959217],[117.6311996,33.9967502],[117.6312512,33.9976639],[117.6313117,33.9985519],[117.6313862,33.9993858],[117.631498,34.0004243],[117.6315445,34.0008837],[117.6318053,34.0026886],[117.6319357,34.0035089],[117.6320917,34.0043795],[117.6322198,34.005028],[117.6323828,34.0058348],[117.6325388,34.0065374],[117.6326759,34.0071316],[117.6329577,34.0082684],[117.6331183,34.0088629],[117.6333865,34.0098171],[117.6338359,34.011373]]}},{"type":"Feature","id":"way/345827468","properties":{"osm_id":345827468,"name":"徐明高速","highway":"motorway","ref":"S07"},"geometry":{"type":"LineString","coordinates":[[117.6341234,33.9689829],[117.6342551,33.9684825],[117.6344122,33.9679211],[117.6346048,33.967272],[117.635007,33.9660032],[117.635382,33.9648711],[117.6357533,33.9637223],[117.6361864,33.9625172],[117.6365985,33.961478],[117.6368624,33.9608289],[117.6371606,33.9601164],[117.6376008,33.9591023],[117.6380756,33.9580684],[117.6390384,33.956062],[117.6397136,33.9546776],[117.6402347,33.953607],[117.6405715,33.9529019]]}},{"type":"Feature","id":"way/345827469","properties":{"osm_id":345827469,"name":"徐明高速","highway":"motorway","ref":"S07"},"geometry":{"type":"LineString","coordinates":[[117.6406408,33.9530121],[117.6401724,33.9539814],[117.6398706,33.954593],[117.6392455,33.955885],[117.6388961,33.9566036],[117.6382641,33.9579116],[117.6379219,33.9586513],[117.6375335,33.9595153],[117.6370858,33.9605691],[117.6366077,33.9617364],[117.6362929,33.962547],[117.6360225,33.963281],[117.6358011,33.9639289],[117.6355164,33.9648064],[117.6350556,33.9661983],[117.6347107,33.9672721],[117.634528,33.9679168],[117.6343655,33.968493],[117.6342282,33.9690196]]}},{"type":"Feature","id":"way/345832144","properties":{"osm_id":345832144,"highway":"motorway_link"},"geometry":{"type":"LineString","coordinates":[[117.6518508,33.8697667],[117.65172,33.8689017],[117.6516531,33.8684278],[117.6515585,33.8677228],[117.6515174,33.8675271],[117.6514661,33.8673251],[117.6513552,33.8670628],[117.6512243,33.8668561],[117.651045,33.8666458],[117.6508444,33.8664745],[117.6505584,33.8662866],[117.6502895,33.8661579],[117.6500462,33.8660764],[117.6497432,33.8660173],[117.6494245,33.8659842],[117.648965,33.8659783],[117.6485966,33.8659869]]}},{"type":"Feature","id":"way/345832145","properties":{"osm_id":345832145,"highway":"secondary"},"geometry":{"type":"LineString","coordinates":[[117.6702228,33.8662208],[117.6711595,33.8661821],[117.6807829,33.8657791],[117.6813904,33.8657564],[117.684041,33.8656575],[117.6851194,33.8656642],[117.6855983,33.8657009],[117.6868176,33.8659043],[117.6883749,33.8661215],[117.6902139,33.8663721],[117.6921777,33.8666394],[117.6931137,33.8667355],[117.6930997,33.8674335],[117.6979276,33.8678611],[117.6997408,33.8680125],[117.7007274,33.8680151]]}},{"type":"Feature","id":"way/345832147","properties":{"osm_id":345832147,"highway":"motorway_link"},"geometry":{"type":"LineString","coordinates":[[117.6486593,33.8659273],[117.6490247,33.8658555],[117.6493391,33.8658129],[117.6495696,33.8657574],[117.6498186,33.8656806],[117.6500263,33.8655885],[117.6502312,33.865481],[117.6504517,33.8653215],[117.6506267,33.8651584],[117.6508031,33.8649529],[117.6509483,33.8647024],[117.6510222,33.8645063],[117.6510735,33.8643138],[117.6510991,33.8641236],[117.6510976,33.8638353],[117.651082,33.8635518],[117.6510165,33.8630071],[117.6508771,33.8618635],[117.6508598,33.861292]]}},{"type":"Feature","id":"way/345832148","properties":{"osm_id":345832148,"highway":"secondary"},"geometry":{"type":"LineString","coordinates":[[117.6509231,33.8672324],[117.6524233,33.8671006]]}},{"type":"Feature","id":"way/345832149","properties":{"osm_id":345832149,"highway":"motorway_link"},"geometry":{"type":"LineString","coordinates":[[117.652219,33.8655931],[117.6524141,33.8655163],[117.6525449,33.8654311],[117.6526898,33.8653141],[117.6528005,33.8651838],[117.6528709,33.8650384],[117.6529151,33.8648814],[117.6529212,33.864706],[117.652895,33.8645239],[117.6528085,33.8643384],[117.6526657,33.8641814],[117.6525127,33.8640945],[117.6523256,33.8640444],[117.6521365,33.864041],[117.6519655,33.8640828],[117.6518206,33.8641513],[117.6517039,33.8642448],[117.6516174,33.8643618],[117.651555,33.8644988],[117.6515168,33.8646792],[117.6515288,33.8649566],[117.6515912,33.865548],[117.6517321,33.8667927],[117.6517422,33.8672777]]}},{"type":"Feature","id":"way/345832150","properties":{"osm_id":345832150,"highway":"motorway_link"},"geometry":{"type":"LineString","coordinates":[[117.6508237,33.8601238],[117.6509991,33.8609721],[117.6512426,33.8623507],[117.6513129,33.8625779],[117.651377,33.8627705],[117.6514746,33.8629607],[117.6515884,33.8631486],[117.6517449,33.8633447],[117.6519242,33.8635313],[117.6521902,33.8637464],[117.6525018,33.863972],[117.6526355,33.8640807],[117.6527792,33.8642201],[117.6528916,33.8643737],[117.6529613,33.864545],[117.6529898,33.8647222],[117.6529812,33.864897],[117.6529443,33.8650341],[117.6528745,33.8651805],[117.6527821,33.8652963],[117.6526796,33.8653979],[117.6525374,33.8655042],[117.6523965,33.8655798],[117.6522457,33.8656377]]}},{"type":"Feature","id":"way/345832151","properties":{"osm_id":345832151,"highway":"motorway_link"},"geometry":{"type":"LineString","coordinates":[[117.6507396,33.8658253],[117.6496631,33.8658988],[117.6485966,33.8659869],[117.6474462,33.8660906]]}},{"type":"Feature","id":"way/345832152","properties":{"osm_id":345832152,"highway":"motorway_link"},"geometry":{"type":"LineString","coordinates":[[117.6507401,33.8657786],[117.6515007,33.8657234],[117.6517562,33.865695],[117.6520057,33.8656533],[117.652219,33.8655931]]}},{"type":"Feature","id":"way/345832153","properties":{"osm_id":345832153,"highway":"motorway_link"},"geometry":{"type":"LineString","coordinates":[[117.6522457,33.8656377],[117.6520166,33.8657015],[117.6517691,33.8657417],[117.6514945,33.8657689],[117.6507396,33.8658253]]}},{"type":"Feature","id":"way/345832154","properties":{"osm_id":345832154,"highway":"secondary"},"geometry":{"type":"LineString","coordinates":[[117.5786042,33.8588903],[117.5789912,33.8591148],[117.5794082,33.8592807],[117.5801694,33.8594593],[117.5824229,33.8599037],[117.5842311,33.8603471],[117.5849023,33.8604325],[117.5854436,33.8606977],[117.5862284,33.8609718],[117.5884963,33.8611606],[117.5894115,33.8613513],[117.5920667,33.8616343],[117.5926269,33.861677],[117.5936797,33.8616431],[117.5943022,33.8616296],[117.5948922,33.8615622],[117.5954849,33.8615397],[117.5960342,33.8614745],[117.5967595,33.8614206],[117.5971682,33.8613981],[117.5978871,33.8614551],[117.602484,33.8618173],[117.6052621,33.8620351],[117.6075777,33.8622085],[117.6086196,33.8622647],[117.6091392,33.8623208],[117.6103389,33.8625857],[117.6127998,33.8631642],[117.616708,33.8640583],[117.6236316,33.8656415],[117.6278642,33.8666286],[117.6288845,33.8668781],[117.6291118,33.8669118],[117.6303639,33.8668831],[117.6329107,33.8668285],[117.6348752,33.8667861],[117.6382952,33.866815],[117.6407203,33.8668432],[117.6414838,33.8668512],[117.6417957,33.8668734],[117.6426296,33.866955],[117.6429379,33.8669852],[117.6434117,33.867038],[117.6435807,33.8670663],[117.6436777,33.8670825],[117.6437741,33.8671238],[117.6438595,33.8671604],[117.6439237,33.8672027],[117.6441102,33.8673257],[117.6444992,33.8675969],[117.6446805,33.8677014],[117.6448497,33.8677655],[117.6449715,33.8677868],[117.6452015,33.8677722],[117.6464555,33.8676644],[117.6474655,33.8675565],[117.6509231,33.8672324]]}},{"type":"Feature","id":"way/345832155","properties":{"osm_id":345832155,"highway":"motorway_link"},"geometry":{"type":"LineString","coordinates":[[117.6474441,33.8659514],[117.6479504,33.8659162],[117.6486593,33.8659273],[117.6493615,33.8658753],[117.6502327,33.8658102],[117.6507401,33.8657786]]}},{"type":"Feature","id":"way/345832156","properties":{"osm_id":345832156,"name":"徐明高速","highway":"motorway","ref":"S07"},"geometry":{"type":"LineString","coordinates":[[117.6500195,33.8939808],[117.6501033,33.8933731],[117.6502789,33.8919484],[117.6504991,33.8900894],[117.6507113,33.88824],[117.6508991,33.8867192],[117.6510695,33.8852867],[117.651237,33.883839],[117.6514194,33.882331],[117.6515916,33.8808313],[117.651774,33.8790632],[117.6519021,33.8772009],[117.65194,33.8764612],[117.6519725,33.875804],[117.6519801,33.8751139],[117.6520012,33.8742337],[117.6519951,33.8736686],[117.6519838,33.8727449],[117.6519351,33.8712956],[117.6518674,33.8699766],[117.6518508,33.8697667],[117.6517538,33.8685452],[117.651599,33.8669774],[117.6514617,33.8658906],[117.6513369,33.8649361],[117.6512106,33.8639843],[117.6510709,33.8629228],[117.6508598,33.861292],[117.6507529,33.8604724],[117.6506821,33.8599162],[117.6505551,33.8589156],[117.6504007,33.8577779],[117.6502572,33.8566448],[117.6500512,33.8550219],[117.6498504,33.8534888],[117.6496027,33.8515196],[117.6495472,33.8510315],[117.6494591,33.8502273],[117.6494031,33.8495536],[117.6493192,33.8484635],[117.649284,33.8478139],[117.6492461,33.8471172],[117.649219,33.8464406],[117.6491947,33.8457371],[117.6491879,33.8452223],[117.6491764,33.8447805],[117.6491783,33.8440637],[117.6491822,33.8435503],[117.6491917,33.8431307],[117.6492128,33.8424822]]}},{"type":"Feature","id":"way/345832157","properties":{"osm_id":345832157,"name":"徐明高速","highway":"motorway","ref":"S07"},"geometry":{"type":"LineString","coordinates":[[117.6493186,33.8424817],[117.6492937,33.8435053],[117.649288,33.843909],[117.6492861,33.8446481],[117.6492948,33.8453053],[117.649308,33.8457461],[117.6493271,33.8466314],[117.6493599,33.8473961],[117.6493883,33.8478085],[117.6494451,33.8487166],[117.6495155,33.8495887],[117.6495768,33.8502902],[117.6496332,33.8508329],[117.6497032,33.8514666],[117.6498173,33.8523803],[117.6500007,33.8537852],[117.6502153,33.8554311],[117.6503569,33.8565078],[117.6504272,33.8570866],[117.650565,33.8581408],[117.6508237,33.8601238],[117.6511134,33.8623348],[117.6512488,33.8634337],[117.6513759,33.8644023],[117.6515708,33.8658248],[117.6517115,33.8669776],[117.6517422,33.8672777],[117.6518797,33.8686215],[117.6519486,33.8695542],[117.6520022,33.8703539],[117.6520481,33.8712882],[117.6520737,33.8718726],[117.6520956,33.8728091],[117.6521064,33.8741415],[117.6520983,33.8747752],[117.6520847,33.8755032],[117.6520694,33.8760922],[117.6520125,33.8772157],[117.6519424,33.8782622],[117.651872,33.8791294],[117.6518368,33.8795327],[117.6517611,33.8803158],[117.6516116,33.8816354],[117.6514352,33.8831057],[117.6512865,33.8843421],[117.6511203,33.8857288],[117.650954,33.8871522],[117.6507514,33.888832],[117.6506052,33.890103],[117.6504913,33.8910962],[117.6503343,33.8923902],[117.6501909,33.8935651],[117.6501447,33.8939746]]}},{"type":"Feature","id":"way/345834396","properties":{"osm_id":345834396,"name":"徐明高速","highway":"motorway","ref":"S07"},"geometry":{"type":"LineString","coordinates":[[117.6685954,33.7656127],[117.6687761,33.7649496]]}},{"type":"Feature","id":"way/345834397","properties":{"osm_id":345834397,"name":"徐明高速","highway":"motorway","ref":"S07"},"geometry":{"type":"LineString","coordinates":[[117.6688961,33.7649387],[117.6687121,33.765604]]}},{"type":"Feature","id":"way/345834398","properties":{"osm_id":345834398,"name":"徐明高速","highway":"motorway","ref":"S07"},"geometry":{"type":"LineString","coordinates":[[117.650721,33.8307082],[117.6508691,33.8299445],[117.651095,33.8288709],[117.6513418,33.8275686],[117.6516147,33.8262309],[117.651802,33.8252619],[117.6520183,33.8241558],[117.6523412,33.8225389],[117.6526913,33.8207518],[117.6529934,33.8192431],[117.6531939,33.818224],[117.6534003,33.8171975],[117.6536157,33.8161311],[117.6539149,33.8148013],[117.6542889,33.8133099],[117.6545521,33.8123628],[117.654983,33.8108738],[117.6554347,33.8094694],[117.6557309,33.8085943],[117.6561378,33.8074459],[117.6565836,33.8062651],[117.6571759,33.8048356],[117.6579358,33.8031178],[117.6587077,33.8014621],[117.6591126,33.8005832],[117.6599905,33.79867],[117.6604072,33.7977119],[117.6608578,33.7965973],[117.661339,33.7952906],[117.6618724,33.7936926],[117.6622003,33.7925903],[117.6624244,33.7918069],[117.6626501,33.7909437],[117.6628912,33.7899187],[117.6632777,33.7880365],[117.663447,33.7870115],[117.6635857,33.7860574],[117.6637578,33.784681]]}},{"type":"Feature","id":"way/345834399","properties":{"osm_id":345834399,"name":"徐明高速","highway":"motorway","ref":"S07"},"geometry":{"type":"LineString","coordinates":[[117.6638818,33.7846026],[117.6635807,33.7868611],[117.6634374,33.7877518],[117.6629803,33.790013],[117.6627646,33.7909307],[117.6625376,33.7918079],[117.6622275,33.7928972],[117.6619715,33.7937358],[117.6617071,33.7945533],[117.66145,33.795306],[117.661091,33.7962707],[117.6605525,33.7976456],[117.6598374,33.799279],[117.6596004,33.7997819],[117.6592048,33.8006363],[117.6585694,33.8020036],[117.6579137,33.8034111],[117.6571379,33.8051887],[117.6566346,33.8064395],[117.656239,33.8074749],[117.6559238,33.8083643],[117.655725,33.8089286],[117.6552027,33.8105425],[117.654841,33.8117377],[117.6545305,33.8128472],[117.6542279,33.813995],[117.6539521,33.815135],[117.6537109,33.8162019],[117.6534439,33.8175412],[117.6530306,33.8196289],[117.6526969,33.821315],[117.6521937,33.8238433],[117.6519,33.8253469],[117.6517145,33.8262951],[117.6514873,33.8274102],[117.6512424,33.8286755],[117.6509597,33.8300676],[117.6508296,33.8307207]]}},{"type":"Feature","id":"way/345836945","properties":{"osm_id":345836945,"name":"徐明高速","highway":"motorway","ref":"S07"},"geometry":{"type":"LineString","coordinates":[[117.682275,33.7146368],[117.6819875,33.7154042],[117.6815365,33.7165109],[117.6809992,33.7177959],[117.6802551,33.7193414],[117.679192,33.7213541],[117.6784076,33.72283],[117.6775044,33.7245085],[117.6764789,33.7264135],[117.675671,33.7279464],[117.6750083,33.7292799],[117.674556,33.7302599],[117.6740945,33.7313296],[117.6737237,33.7322463],[117.6734059,33.7330814],[117.6731273,33.7338509],[117.6728146,33.7348115],[117.6725384,33.7357088],[117.6723561,33.7363458],[117.6721352,33.7371593],[117.6719817,33.7377604],[117.6717456,33.7387843],[117.6714595,33.74016],[117.671256,33.7413317],[117.6711248,33.7422362],[117.671066,33.7427183],[117.670994,33.7433154],[117.6709306,33.7439439],[117.6708997,33.7443172]]}},{"type":"Feature","id":"way/345836946","properties":{"osm_id":345836946,"name":"徐明高速","highway":"motorway","ref":"S07"},"geometry":{"type":"LineString","coordinates":[[117.670784,33.7443349],[117.6708178,33.7439246],[117.6709198,33.7429891],[117.6710035,33.7423177],[117.6710962,33.7416501],[117.6712932,33.7404895],[117.6713859,33.7399629],[117.671499,33.7393912],[117.6716076,33.7388966],[117.6716913,33.7385035],[117.6718222,33.7379583],[117.6719986,33.7372474],[117.6721658,33.7366116],[117.672306,33.7361019],[117.6725728,33.7352123],[117.6728494,33.7343486],[117.673166,33.7334195],[117.6735822,33.7323117],[117.6740306,33.7312066],[117.6743698,33.7304148],[117.6747837,33.729495],[117.6755572,33.7279277],[117.6763193,33.7264881],[117.6766947,33.7257771],[117.6771101,33.7250138],[117.6774491,33.7243847],[117.6779085,33.7235306],[117.6784422,33.7225318],[117.6792016,33.7211076],[117.6797838,33.7200243],[117.6801773,33.71926],[117.6805921,33.7184151],[117.6810127,33.7175046],[117.681203,33.717051],[117.681606,33.71604],[117.6821462,33.7146075]]}},{"type":"Feature","id":"way/345839983","properties":{"osm_id":345839983,"name":"徐明高速","highway":"motorway","ref":"S07"},"geometry":{"type":"LineString","coordinates":[[117.6821462,33.7146075],[117.6827147,33.7128441],[117.6830819,33.7117691],[117.6832893,33.711107]]}},{"type":"Feature","id":"way/360105291","properties":{"osm_id":360105291,"highway":"primary","ref":"X307"},"geometry":{"type":"LineString","coordinates":[[117.5555689,34.0915721],[117.5533403,34.094969],[117.552406,34.0962204],[117.5496773,34.100766],[117.5491995,34.1015924],[117.5487741,34.1025821],[117.5473804,34.1070197],[117.5459328,34.111594],[117.5456214,34.1123119],[117.5451896,34.1131968],[117.5441597,34.1146649],[117.5435899,34.1153769],[117.5429564,34.116045],[117.5404825,34.1181162],[117.5302684,34.1258436],[117.5299742,34.1260639],[117.5296613,34.126207],[117.5250941,34.1276798],[117.5248326,34.1277378],[117.5244776,34.1276721],[117.5209004,34.126033],[117.520298,34.125774],[117.5196022,34.125542],[117.5191585,34.1254531],[117.5171738,34.1254106],[117.514135,34.1254261],[117.5028088,34.125484],[117.4985405,34.1261644],[117.4979427,34.1262649],[117.4976018,34.1262804],[117.4969947,34.1261876],[117.496495,34.1260755],[117.4893126,34.1232186],[117.4888186,34.123043],[117.4876267,34.1226194],[117.4860155,34.1221439],[117.4847873,34.1218694],[117.4831388,34.1218037],[117.4819059,34.1219428],[117.4812802,34.1220936],[117.4776796,34.1232263],[117.4645476,34.128538],[117.4618816,34.1298394],[117.4605641,34.1304825],[117.4527932,34.1361686],[117.45,34.1386173]]}},{"type":"Feature","id":"way/364743474","properties":{"osm_id":364743474,"name":"潼河桥","highway":"secondary"},"geometry":{"type":"LineString","coordinates":[[118.1993704,33.685262],[118.1999572,33.6869066]]}},{"type":"Feature","id":"way/364743485","properties":{"osm_id":364743485,"highway":"secondary"},"geometry":{"type":"LineString","coordinates":[[118.197977,33.681326],[118.1980617,33.6815652],[118.199328,33.6851422],[118.1993704,33.685262]]}},{"type":"Feature","id":"way/364743486","properties":{"osm_id":364743486,"highway":"trunk","ref":"G235"},"geometry":{"type":"LineString","coordinates":[[118.2198269,33.7400805],[118.2211022,33.7430461],[118.2213405,33.7436003],[118.2228284,33.7470603],[118.223084,33.7476546],[118.2231907,33.7479027],[118.2240849,33.7499823],[118.2241882,33.7502225],[118.2242759,33.7504265],[118.2244913,33.7509274],[118.2252382,33.7526643],[118.2253266,33.7528698],[118.2253659,33.7529613],[118.2254913,33.7532528],[118.2259198,33.7542548],[118.2261955,33.7549124],[118.2269719,33.7567243],[118.2273946,33.7577107],[118.2289283,33.7612893],[118.2291406,33.761801],[118.229272,33.7621176],[118.2293723,33.7623594],[118.229493,33.7626504],[118.2296055,33.7629215],[118.2297511,33.7632725],[118.2300873,33.7640828],[118.2303384,33.764688]]}},{"type":"Feature","id":"way/364743504","properties":{"osm_id":364743504,"name":"新235国道","highway":"trunk","ref":"G235"},"geometry":{"type":"LineString","coordinates":[[118.2116954,33.7209305],[118.2111528,33.7194247],[118.210208,33.7167089],[118.2086286,33.7121527],[118.2085549,33.7119402],[118.2081295,33.7107129],[118.2064168,33.7057377],[118.2059773,33.7045142],[118.2051734,33.7020628],[118.2048611,33.7009695],[118.2046535,33.700138],[118.2045588,33.6996907],[118.2043883,33.6987739],[118.2042535,33.6980823],[118.2041726,33.6974863],[118.2039438,33.6957955],[118.2037204,33.6931416],[118.2034439,33.6911887],[118.2029903,33.6883423]]}},{"type":"Feature","id":"way/364743505","properties":{"osm_id":364743505,"highway":"trunk","ref":"S249"},"geometry":{"type":"LineString","coordinates":[[118.230522,33.7651475],[118.2303843,33.7648116]]}},{"type":"Feature","id":"way/364743506","properties":{"osm_id":364743506,"name":"人民北路","highway":"secondary","ref":"S249"},"geometry":{"type":"LineString","coordinates":[[118.24,33.8189912],[118.2396349,33.8179688],[118.2390196,33.816291],[118.2389708,33.816159]]}},{"type":"Feature","id":"way/364743536","properties":{"osm_id":364743536,"highway":"secondary"},"geometry":{"type":"LineString","coordinates":[[118.1975529,33.6799661],[118.1961591,33.6756835],[118.1952233,33.6728081],[118.195199,33.6727332],[118.1947743,33.6714282],[118.1943801,33.6703633],[118.1942952,33.6701339],[118.1942657,33.6698211],[118.1942842,33.6688805],[118.1943213,33.666988],[118.1943452,33.6657725],[118.1943467,33.6656979],[118.1943604,33.665]]}},{"type":"Feature","id":"way/364743588","properties":{"osm_id":364743588,"name":"新扬高速","highway":"motorway","ref":"S49"},"geometry":{"type":"LineString","coordinates":[[118.2230104,33.7654401],[118.222699,33.7647705]]}},{"type":"Feature","id":"way/364743589","properties":{"osm_id":364743589,"name":"新扬高速","highway":"motorway","ref":"S49"},"geometry":{"type":"LineString","coordinates":[[118.2228258,33.7647611],[118.2231184,33.7654216]]}},{"type":"Feature","id":"way/364743590","properties":{"osm_id":364743590,"name":"通湖大道","highway":"primary"},"geometry":{"type":"LineString","coordinates":[[118.2190309,33.972094],[118.2194537,33.9729045]]}},{"type":"Feature","id":"way/364743591","properties":{"osm_id":364743591,"name":"通湖大道","highway":"primary"},"geometry":{"type":"LineString","coordinates":[[118.2156372,33.9518544],[118.2156517,33.952586]]}},{"type":"Feature","id":"way/364743593","properties":{"osm_id":364743593,"name":"姚河桥","highway":"trunk","ref":"G235"},"geometry":{"type":"LineString","coordinates":[[118.2116954,33.7209305],[118.2117752,33.7211491]]}},{"type":"Feature","id":"way/364743594","properties":{"osm_id":364743594,"name":"新扬高速","highway":"motorway","ref":"S49"},"geometry":{"type":"LineString","coordinates":[[118.2058892,33.7341473],[118.20452,33.729946],[118.2037443,33.7271017],[118.2034329,33.7257919],[118.2028688,33.7232163],[118.2028207,33.7229459]]}},{"type":"Feature","id":"way/364743595","properties":{"osm_id":364743595,"name":"新扬高速","highway":"motorway","ref":"S49"},"geometry":{"type":"LineString","coordinates":[[118.226154,33.8108013],[118.2267016,33.8068921],[118.2268015,33.8057642],[118.2268603,33.8048805],[118.2268779,33.8038063],[118.2268662,33.8011256],[118.226684,33.798689],[118.22602,33.7938399],[118.2256909,33.7911248],[118.2255381,33.7891372],[118.2255408,33.7866586]]}},{"type":"Feature","id":"way/364743599","properties":{"osm_id":364743599,"name":"新扬高速","highway":"motorway","ref":"S49"},"geometry":{"type":"LineString","coordinates":[[118.1863863,33.689884],[118.1856458,33.6880615]]}},{"type":"Feature","id":"way/364743600","properties":{"osm_id":364743600,"name":"新扬高速","highway":"motorway","ref":"S49"},"geometry":{"type":"LineString","coordinates":[[118.2130367,33.7489241],[118.2132087,33.7492531]]}},{"type":"Feature","id":"way/364743601","properties":{"osm_id":364743601,"name":"新扬高速","highway":"motorway","ref":"S49"},"geometry":{"type":"LineString","coordinates":[[118.2231184,33.7654216],[118.2245387,33.7693907]]}},{"type":"Feature","id":"way/364744673","properties":{"osm_id":364744673,"name":"新扬高速","highway":"motorway","ref":"S49"},"geometry":{"type":"LineString","coordinates":[[118.2130934,33.7492675],[118.2129045,33.7489414]]}},{"type":"Feature","id":"way/364744674","properties":{"osm_id":364744674,"name":"新扬高速","highway":"motorway","ref":"S49"},"geometry":{"type":"LineString","coordinates":[[118.1855262,33.6877292],[118.1840481,33.6828435]]}},{"type":"Feature","id":"way/364744675","properties":{"osm_id":364744675,"name":"新扬高速","highway":"motorway","ref":"S49"},"geometry":{"type":"LineString","coordinates":[[118.1841459,33.6827412],[118.1856475,33.6877452]]}},{"type":"Feature","id":"way/364744678","properties":{"osm_id":364744678,"name":"新扬高速","highway":"motorway","ref":"S49"},"geometry":{"type":"LineString","coordinates":[[118.185774,33.6880812],[118.186449,33.6897916]]}},{"type":"Feature","id":"way/364744680","properties":{"osm_id":364744680,"name":"新扬高速","highway":"motorway","ref":"S49"},"geometry":{"type":"LineString","coordinates":[[118.2262324,33.8112197],[118.226251,33.815643],[118.2264378,33.8175241],[118.226808,33.8196868],[118.2271253,33.8210635],[118.2274309,33.8221765],[118.2279539,33.8237289],[118.2284298,33.8249932],[118.2295874,33.8275706],[118.2303102,33.8288788],[118.2311093,33.8302358],[118.231838,33.8313732],[118.2324743,33.8322587],[118.2352263,33.8357911],[118.2359295,33.8367004],[118.237049,33.8382789],[118.237854,33.839587],[118.2382009,33.8401989],[118.239041,33.8416808],[118.24,33.8439453]]}},{"type":"Feature","id":"way/364744681","properties":{"osm_id":364744681,"name":"新扬高速","highway":"motorway","ref":"S49"},"geometry":{"type":"LineString","coordinates":[[118.24,33.8440751],[118.239507,33.8429163],[118.2391191,33.8421013],[118.2387095,33.8413375],[118.2382318,33.8404467],[118.2367863,33.8381381],[118.2359284,33.8369179],[118.2321136,33.8319654],[118.2311557,33.8305401],[118.2296573,33.8279579],[118.2283293,33.8250778],[118.2278475,33.8237793],[118.2271541,33.8216265],[118.2265665,33.8191026],[118.226302,33.8175013],[118.2261786,33.8161881],[118.2260552,33.8136591],[118.2261263,33.8112248]]}},{"type":"Feature","id":"way/364744683","properties":{"osm_id":364744683,"name":"新扬高速","highway":"motorway","ref":"S49"},"geometry":{"type":"LineString","coordinates":[[118.1839704,33.6825241],[118.1832855,33.6783369],[118.1830278,33.6752741]]}},{"type":"Feature","id":"way/364744684","properties":{"osm_id":364744684,"name":"新扬高速","highway":"motorway","ref":"S49"},"geometry":{"type":"LineString","coordinates":[[118.2244432,33.7694423],[118.2239614,33.767907],[118.2230104,33.7654401]]}},{"type":"Feature","id":"way/364744685","properties":{"osm_id":364744685,"name":"新扬高速","highway":"motorway","ref":"S49"},"geometry":{"type":"LineString","coordinates":[[118.1865668,33.6900597],[118.1876865,33.692355],[118.1890023,33.694834]]}},{"type":"Feature","id":"way/364744686","properties":{"osm_id":364744686,"name":"新扬高速","highway":"motorway","ref":"S49"},"geometry":{"type":"LineString","coordinates":[[118.2091202,33.7416779],[118.2114284,33.746174],[118.2130367,33.7489241]]}},{"type":"Feature","id":"way/364744694","properties":{"osm_id":364744694,"name":"新扬高速","highway":"motorway","ref":"S49"},"geometry":{"type":"LineString","coordinates":[[118.2129045,33.7489414],[118.2111835,33.7459396],[118.2090025,33.7416943]]}},{"type":"Feature","id":"way/364744737","properties":{"osm_id":364744737,"name":"新扬高速","highway":"motorway","ref":"S49"},"geometry":{"type":"LineString","coordinates":[[118.1831534,33.6752402],[118.1833436,33.6779355],[118.1836073,33.6797119],[118.1840604,33.6824]]}},{"type":"Feature","id":"way/364744747","properties":{"osm_id":364744747,"name":"新扬高速","highway":"motorway","ref":"S49"},"geometry":{"type":"LineString","coordinates":[[118.208853,33.7413626],[118.2073699,33.7379749],[118.2066824,33.7362793],[118.2060109,33.7344753]]}},{"type":"Feature","id":"way/364744756","properties":{"osm_id":364744756,"name":"新扬高速","highway":"motorway","ref":"S49"},"geometry":{"type":"LineString","coordinates":[[118.2061333,33.7344685],[118.2066981,33.7360447],[118.2072798,33.7374862],[118.2078675,33.7389131],[118.2089565,33.7413459]]}},{"type":"Feature","id":"way/364744762","properties":{"osm_id":364744762,"name":"新扬高速","highway":"motorway","ref":"S49"},"geometry":{"type":"LineString","coordinates":[[118.2255467,33.7862308],[118.225638,33.7759748],[118.225544,33.7748612],[118.225262,33.7728732],[118.2246499,33.7701752]]}},{"type":"Feature","id":"way/364744767","properties":{"osm_id":364744767,"name":"新扬高速","highway":"motorway","ref":"S49"},"geometry":{"type":"LineString","coordinates":[[118.2247416,33.7701356],[118.2251723,33.7717984],[118.2254779,33.7735373],[118.2256777,33.775071],[118.2257834,33.7764484],[118.2256558,33.786213]]}},{"type":"Feature","id":"way/364744807","properties":{"osm_id":364744807,"name":"新扬高速","highway":"motorway","ref":"S49"},"geometry":{"type":"LineString","coordinates":[[118.202952,33.7229317],[118.2034133,33.725269],[118.2041949,33.7283772],[118.2060158,33.7341119]]}},{"type":"Feature","id":"way/364744813","properties":{"osm_id":364744813,"name":"新扬高速","highway":"motorway","ref":"S49"},"geometry":{"type":"LineString","coordinates":[[118.2132087,33.7492531],[118.2177126,33.7558954],[118.2196323,33.7588317],[118.2203715,33.7599622],[118.2214601,33.7619657],[118.2222434,33.7635691],[118.2228258,33.7647611]]}},{"type":"Feature","id":"way/364744821","properties":{"osm_id":364744821,"name":"新扬高速","highway":"motorway","ref":"S49"},"geometry":{"type":"LineString","coordinates":[[118.1838171,33.665],[118.1838087,33.6650375],[118.183551,33.6665436]]}},{"type":"Feature","id":"way/364744834","properties":{"osm_id":364744834,"name":"新扬高速","highway":"motorway","ref":"S49"},"geometry":{"type":"LineString","coordinates":[[118.222699,33.7647705],[118.2221452,33.7636076],[118.2218904,33.7630727],[118.2199643,33.7595131],[118.2191225,33.7582342],[118.2179573,33.7564637],[118.2155267,33.7529909],[118.2130934,33.7492675]]}},{"type":"Feature","id":"way/364744848","properties":{"osm_id":364744848,"name":"新扬高速","highway":"motorway","ref":"S49"},"geometry":{"type":"LineString","coordinates":[[118.199986,33.7127271],[118.1988083,33.7100341],[118.198115,33.7086801],[118.1970984,33.7068763],[118.196358,33.7056249],[118.1956176,33.704481],[118.1949066,33.7034593],[118.1913515,33.6987223],[118.1913145,33.6986678]]}},{"type":"Feature","id":"way/364744860","properties":{"osm_id":364744860,"name":"新扬高速","highway":"motorway","ref":"S49"},"geometry":{"type":"LineString","coordinates":[[118.1834315,33.6664873],[118.1837149,33.665]]}},{"type":"Feature","id":"way/364744891","properties":{"osm_id":364744891,"name":"新扬高速","highway":"motorway","ref":"S49"},"geometry":{"type":"LineString","coordinates":[[118.2256616,33.7866423],[118.2256542,33.7891467],[118.2258481,33.7915836],[118.2266707,33.7976926],[118.2269117,33.7999681],[118.2270116,33.8016772],[118.2270292,33.8032104],[118.226894,33.8061205],[118.2262736,33.8107875]]}},{"type":"Feature","id":"way/364744898","properties":{"osm_id":364744898,"name":"新扬高速","highway":"motorway","ref":"S49"},"geometry":{"type":"LineString","coordinates":[[118.2261263,33.8112248],[118.226154,33.8108013]]}},{"type":"Feature","id":"way/364744904","properties":{"osm_id":364744904,"name":"新扬高速","highway":"motorway","ref":"S49"},"geometry":{"type":"LineString","coordinates":[[118.2262736,33.8107875],[118.2262324,33.8112197]]}},{"type":"Feature","id":"way/364744909","properties":{"osm_id":364744909,"name":"引湖运河大桥","highway":"primary"},"geometry":{"type":"LineString","coordinates":[[118.2275903,33.9856363],[118.2360699,33.9987586]]}},{"type":"Feature","id":"way/364744916","properties":{"osm_id":364744916,"name":"新扬高速","highway":"motorway","ref":"S49"},"geometry":{"type":"LineString","coordinates":[[118.2001016,33.712702],[118.2002241,33.713004]]}},{"type":"Feature","id":"way/364744931","properties":{"osm_id":364744931,"name":"新扬高速","highway":"motorway","ref":"S49"},"geometry":{"type":"LineString","coordinates":[[118.2001133,33.7130117],[118.199986,33.7127271]]}},{"type":"Feature","id":"way/364744957","properties":{"osm_id":364744957,"name":"新扬高速","highway":"motorway","ref":"S49"},"geometry":{"type":"LineString","coordinates":[[118.1865079,33.6901624],[118.1863863,33.689884]]}},{"type":"Feature","id":"way/364744964","properties":{"osm_id":364744964,"name":"新扬高速","highway":"motorway","ref":"S49"},"geometry":{"type":"LineString","coordinates":[[118.186449,33.6897916],[118.1865668,33.6900597]]}},{"type":"Feature","id":"way/364744998","properties":{"osm_id":364744998,"name":"新扬高速","highway":"motorway","ref":"S49"},"geometry":{"type":"LineString","coordinates":[[118.1830743,33.6727856],[118.1831534,33.6752402]]}},{"type":"Feature","id":"way/364744999","properties":{"osm_id":364744999,"name":"新扬高速","highway":"motorway","ref":"S49"},"geometry":{"type":"LineString","coordinates":[[118.1830278,33.6752741],[118.1829275,33.6727311]]}},{"type":"Feature","id":"way/364745000","properties":{"osm_id":364745000,"name":"潼河桥","highway":"secondary"},"geometry":{"type":"LineString","coordinates":[[118.1975529,33.6799661],[118.197977,33.681326]]}},{"type":"Feature","id":"way/364745009","properties":{"osm_id":364745009,"name":"新扬高速","highway":"motorway","ref":"S49"},"geometry":{"type":"LineString","coordinates":[[118.2255408,33.7866586],[118.2255467,33.7862308]]}},{"type":"Feature","id":"way/364745010","properties":{"osm_id":364745010,"name":"新扬高速","highway":"motorway","ref":"S49"},"geometry":{"type":"LineString","coordinates":[[118.2256558,33.786213],[118.2256616,33.7866423]]}},{"type":"Feature","id":"way/364745037","properties":{"osm_id":364745037,"name":"新扬高速","highway":"motorway","ref":"S49"},"geometry":{"type":"LineString","coordinates":[[118.2246499,33.7701752],[118.2244432,33.7694423]]}},{"type":"Feature","id":"way/364745038","properties":{"osm_id":364745038,"name":"新扬高速","highway":"motorway","ref":"S49"},"geometry":{"type":"LineString","coordinates":[[118.2245387,33.7693907],[118.2247416,33.7701356]]}},{"type":"Feature","id":"way/364745043","properties":{"osm_id":364745043,"name":"通湖大道","highway":"primary"},"geometry":{"type":"LineString","coordinates":[[118.2194537,33.9729045],[118.2202166,33.9742222],[118.2211607,33.975708],[118.2217902,33.9766894],[118.2219654,33.9769625],[118.2221904,33.9772966],[118.2224241,33.9776434],[118.2226379,33.977973],[118.2230143,33.9785501],[118.2238576,33.9798432],[118.2240039,33.9800675],[118.2245786,33.9809291],[118.2246932,33.9811008],[118.2248376,33.9813091],[118.2248958,33.9813932],[118.2249755,33.9815229],[118.225105,33.9817481],[118.2252268,33.9819385],[118.2255058,33.9823742],[118.2261687,33.9834098],[118.2271375,33.9849233],[118.2275903,33.9856363]]}},{"type":"Feature","id":"way/364745044","properties":{"osm_id":364745044,"name":"通湖大道","highway":"primary"},"geometry":{"type":"LineString","coordinates":[[118.2156517,33.952586],[118.2156606,33.9535618],[118.2156691,33.9541972],[118.215673,33.9544924],[118.2156731,33.9554651],[118.2156731,33.9558222],[118.2157051,33.955907],[118.2157207,33.9561823],[118.215722,33.9563359],[118.215726,33.9568319],[118.2157264,33.9568814],[118.2157131,33.9572449],[118.2157286,33.9583998],[118.2157395,33.9592144],[118.2157418,33.95928],[118.2157446,33.9593662],[118.2158468,33.9605454],[118.2158719,33.9608343],[118.2158805,33.9609215],[118.2158886,33.9610527]]}},{"type":"Feature","id":"way/364745045","properties":{"osm_id":364745045,"name":"新扬高速","highway":"motorway","ref":"S49"},"geometry":{"type":"LineString","coordinates":[[118.2090025,33.7416943],[118.208853,33.7413626]]}},{"type":"Feature","id":"way/364745064","properties":{"osm_id":364745064,"name":"新扬高速","highway":"motorway","ref":"S49"},"geometry":{"type":"LineString","coordinates":[[118.2089565,33.7413459],[118.2091202,33.7416779]]}},{"type":"Feature","id":"way/364745103","properties":{"osm_id":364745103,"name":"靳桥","highway":"trunk","ref":"G235"},"geometry":{"type":"LineString","coordinates":[[118.230705,33.7655876],[118.230522,33.7651475]]}},{"type":"Feature","id":"way/364745105","properties":{"osm_id":364745105,"name":"新扬高速","highway":"motorway","ref":"S49"},"geometry":{"type":"LineString","coordinates":[[118.2060158,33.7341119],[118.2061333,33.7344685]]}},{"type":"Feature","id":"way/364745109","properties":{"osm_id":364745109,"name":"新扬高速","highway":"motorway","ref":"S49"},"geometry":{"type":"LineString","coordinates":[[118.2060109,33.7344753],[118.2058892,33.7341473]]}},{"type":"Feature","id":"way/364745110","properties":{"osm_id":364745110,"name":"通湖大道","highway":"primary"},"geometry":{"type":"LineString","coordinates":[[118.2178895,33.9695116],[118.2179996,33.9697863]]}},{"type":"Feature","id":"way/364745111","properties":{"osm_id":364745111,"name":"新扬高速","highway":"motorway","ref":"S49"},"geometry":{"type":"LineString","coordinates":[[118.1840604,33.6824],[118.1841459,33.6827412]]}},{"type":"Feature","id":"way/364745112","properties":{"osm_id":364745112,"name":"新扬高速","highway":"motorway","ref":"S49"},"geometry":{"type":"LineString","coordinates":[[118.1856475,33.6877452],[118.185774,33.6880812]]}},{"type":"Feature","id":"way/364745113","properties":{"osm_id":364745113,"name":"新扬高速","highway":"motorway","ref":"S49"},"geometry":{"type":"LineString","coordinates":[[118.1840481,33.6828435],[118.1839704,33.6825241]]}},{"type":"Feature","id":"way/364745115","properties":{"osm_id":364745115,"name":"新扬高速","highway":"motorway","ref":"S49"},"geometry":{"type":"LineString","coordinates":[[118.1856458,33.6880615],[118.1855262,33.6877292]]}},{"type":"Feature","id":"way/367999055","properties":{"osm_id":367999055,"highway":"primary","ref":"S252"},"geometry":{"type":"LineString","coordinates":[[117.5790041,34.0363956],[117.579005,34.0362761],[117.579017,34.034606],[117.5790205,34.033554],[117.5790189,34.0333579],[117.5790103,34.0319354],[117.5790047,34.0306662],[117.5789973,34.0289757],[117.5789887,34.0270073],[117.5789771,34.0170478],[117.5789773,34.0137518],[117.5789243,34.008627],[117.5788815,34.0058764],[117.5788553,34.0029945],[117.5787272,33.9958036],[117.5786885,33.9936294],[117.5786489,33.9908023],[117.578593,33.9858012],[117.5787842,33.9842881]]}},{"type":"Feature","id":"way/368606136","properties":{"osm_id":368606136,"highway":"primary"},"geometry":{"type":"LineString","coordinates":[[117.8724499,33.7893976],[117.8724396,33.7893219],[117.8722448,33.7878996],[117.871821,33.7841857],[117.8712416,33.7787907],[117.8709681,33.7764275],[117.8709369,33.7758843],[117.8709877,33.7757654],[117.8710381,33.7756431]]}},{"type":"Feature","id":"way/381178341","properties":{"osm_id":381178341,"highway":"secondary"},"geometry":{"type":"LineString","coordinates":[[117.8076518,33.8673684],[117.807209,33.867234],[117.8065526,33.8670761],[117.804643,33.86671],[117.804182,33.866609],[117.803691,33.866488],[117.802268,33.866126],[117.801847,33.866025],[117.800714,33.865734],[117.800664,33.865724],[117.800564,33.865703],[117.799061,33.865311],[117.7979563,33.8649807],[117.796986,33.864768],[117.796705,33.864678],[117.794962,33.864225],[117.7936178,33.8638863],[117.791996,33.863501],[117.791314,33.86334],[117.790382,33.863119],[117.789511,33.862908],[117.788429,33.862636],[117.7881585,33.8625437],[117.784461,33.861672],[117.782358,33.861199],[117.7793454,33.8604653],[117.7776715,33.8601194],[117.773274,33.859041],[117.7680785,33.8574355],[117.7663946,33.856926],[117.7656584,33.8566862],[117.764334,33.856295],[117.762402,33.855715],[117.760611,33.855174],[117.7590957,33.8547157]]}},{"type":"Feature","id":"way/381178343","properties":{"osm_id":381178343,"name":"朝凤路","highway":"primary","ref":"S223"},"geometry":{"type":"LineString","coordinates":[[117.5880173,33.9359693],[117.587967,33.93478],[117.587927,33.93411],[117.587867,33.93293],[117.587817,33.931961],[117.587707,33.929831],[117.587647,33.928721],[117.587607,33.927901],[117.587577,33.927042],[117.587577,33.926762],[117.587577,33.926482],[117.587607,33.926202],[117.587627,33.925922],[117.587658,33.925352],[117.587678,33.9251532],[117.587698,33.924772],[117.587748,33.923982],[117.587758,33.923672],[117.587758,33.923093],[117.587728,33.922823],[117.587588,33.922303],[117.587518,33.922003],[117.587188,33.921023],[117.587028,33.920513],[117.586868,33.919863],[117.586768,33.919273],[117.586698,33.918673],[117.586658,33.918253],[117.586608,33.917663],[117.586548,33.916953],[117.586528,33.916693],[117.586498,33.916144],[117.586498,33.915754],[117.586578,33.914244],[117.586588,33.913954],[117.586608,33.913594],[117.586608,33.913384],[117.586618,33.913074],[117.586618,33.912744],[117.586598,33.912514],[117.586568,33.912174],[117.586538,33.911994],[117.586498,33.911814],[117.586438,33.911614],[117.586318,33.911274],[117.586168,33.910964],[117.586028,33.910684],[117.585838,33.910384],[117.585758,33.910254],[117.585618,33.910074],[117.585388,33.909774],[117.585107,33.909424],[117.584847,33.909064],[117.584437,33.908524],[117.584257,33.908264],[117.584077,33.908004],[117.583927,33.907724],[117.583867,33.907544],[117.583827,33.907374],[117.583767,33.907014],[117.583727,33.906654],[117.583697,33.906144],[117.583617,33.904394],[117.5835819,33.9039969],[117.583457,33.902585],[117.5834524,33.9015008],[117.583447,33.900775],[117.583457,33.900005],[117.583427,33.899675],[117.583397,33.899425],[117.583387,33.899305],[117.583347,33.899065],[117.583287,33.898775],[117.583227,33.898566],[117.583197,33.898476],[117.583127,33.898305],[117.583007,33.898035],[117.582837,33.897745],[117.582617,33.897415],[117.582496,33.897255],[117.582286,33.896985],[117.581716,33.896255],[117.581516,33.895975],[117.581215,33.895525],[117.5807384,33.8947392],[117.579444,33.892434],[117.579284,33.891994],[117.5789894,33.8907652],[117.578824,33.889974],[117.578633,33.889114],[117.578403,33.887954],[117.5774939,33.8825381],[117.577423,33.882085],[117.577273,33.880995],[117.577133,33.878915],[117.577043,33.878305],[117.5769123,33.8780053]]}},{"type":"Feature","id":"way/381178344","properties":{"osm_id":381178344,"highway":"secondary"},"geometry":{"type":"LineString","coordinates":[[117.640535,33.71188],[117.638119,33.711724],[117.638089,33.711704],[117.638069,33.710594],[117.638069,33.710334],[117.638129,33.709505],[117.638219,33.708395],[117.638209,33.707935]]}},{"type":"Feature","id":"way/381178358","properties":{"osm_id":381178358,"highway":"secondary"},"geometry":{"type":"LineString","coordinates":[[117.6982386,33.8263747],[117.6983478,33.8264916],[117.6987,33.826875],[117.699348,33.827814],[117.6995455,33.8281112],[117.7002276,33.8291378],[117.700536,33.829602],[117.700736,33.829891],[117.7011347,33.8305117],[117.701235,33.83148],[117.701344,33.83291],[117.7013814,33.833531],[117.701424,33.834239],[117.701464,33.834769],[117.7014663,33.8348737],[117.701484,33.835679],[117.698639,33.835923],[117.6988238,33.8398017],[117.6988989,33.8399426],[117.6989558,33.8413572],[117.699047,33.844521],[117.699087,33.84519],[117.699147,33.84646],[117.699167,33.84705],[117.6992562,33.8495225],[117.6992672,33.8500906],[117.6992998,33.8508604],[117.6993122,33.8513191],[117.699338,33.852465],[117.699386,33.853318],[117.699426,33.854198],[117.699465,33.854428],[117.699695,33.856877],[117.6997496,33.8575236],[117.699834,33.858486],[117.700074,33.861135],[117.700134,33.861795],[117.700223,33.862655],[117.700263,33.863084],[117.700273,33.863214],[117.700333,33.863814],[117.700453,33.865024],[117.7005544,33.8662303],[117.7007274,33.8680151],[117.7011625,33.8719355],[117.701859,33.874379],[117.7030994,33.8781089],[117.704874,33.883663],[117.705183,33.884582],[117.705303,33.884792],[117.705523,33.884831],[117.706451,33.88466],[117.707559,33.884518],[117.707709,33.884498],[117.708718,33.884327],[117.708858,33.884347],[117.708987,33.884456],[117.709037,33.884626],[117.709237,33.885916],[117.709726,33.888964],[117.7097523,33.889111],[117.7098665,33.8898984],[117.7101106,33.8910788],[117.7101215,33.8911162],[117.710305,33.891863],[117.710511,33.8926888],[117.710684,33.893382],[117.710844,33.894162],[117.710864,33.894242],[117.7111616,33.8956025],[117.711393,33.89684],[117.711463,33.89718]]}},{"type":"Feature","id":"way/381178374","properties":{"osm_id":381178374,"highway":"secondary"},"geometry":{"type":"LineString","coordinates":[[117.6828525,33.7491449],[117.6803112,33.7513019],[117.6784247,33.752624],[117.6746805,33.7550882],[117.6737022,33.7559672],[117.672683,33.7580009],[117.6722753,33.7587413],[117.6718998,33.7591694],[117.6713204,33.7593478],[117.6707467,33.7593131]]}},{"type":"Feature","id":"way/381178383","properties":{"osm_id":381178383,"highway":"secondary"},"geometry":{"type":"LineString","coordinates":[[117.6828525,33.7491449],[117.6847609,33.7505277],[117.6852971,33.750985],[117.6864809,33.7521333],[117.6865232,33.7521669],[117.6888692,33.7540314],[117.6918204,33.7564132]]}},{"type":"Feature","id":"way/381178394","properties":{"osm_id":381178394,"highway":"secondary"},"geometry":{"type":"LineString","coordinates":[[117.6828525,33.7491449],[117.6829289,33.7490771],[117.6859302,33.7464152],[117.68674,33.745697],[117.687299,33.745206],[117.688816,33.743873],[117.690223,33.742761],[117.695055,33.740243],[117.695284,33.740163],[117.695674,33.740052],[117.6961249,33.7399766]]}},{"type":"Feature","id":"way/381178396","properties":{"osm_id":381178396,"name":"高黄路","highway":"primary","ref":"S302"},"geometry":{"type":"LineString","coordinates":[[117.4526213,33.9082705],[117.451519,33.908354],[117.450496,33.908422],[117.45,33.9084631]]}},{"type":"Feature","id":"way/381178401","properties":{"osm_id":381178401,"name":"朝凤路","highway":"primary","ref":"S223"},"geometry":{"type":"LineString","coordinates":[[117.6047259,33.7928491],[117.6047668,33.7927744],[117.6052305,33.7918669],[117.6055208,33.7914284],[117.6056272,33.7912677],[117.6064559,33.7900792],[117.6069375,33.7894283],[117.6070497,33.7892763],[117.611152,33.784143],[117.615529,33.778791],[117.617588,33.77622],[117.619477,33.773239],[117.619876,33.772389],[117.6224442,33.7674931],[117.623709,33.7647539],[117.625012,33.762267],[117.625032,33.762237],[117.625352,33.761777],[117.62725,33.759185],[117.627439,33.758935],[117.627959,33.758255],[117.628159,33.758064],[117.628338,33.757844],[117.628508,33.757574],[117.628968,33.756794],[117.629577,33.755683],[117.629867,33.755093],[117.629966,33.754793],[117.630056,33.754473],[117.630096,33.754163],[117.630067,33.751604],[117.630027,33.751304],[117.629937,33.750674],[117.629837,33.750014],[117.629827,33.749954],[117.629737,33.749375],[117.629518,33.748125],[117.6292836,33.7470477],[117.629208,33.746726],[117.6291624,33.7462215],[117.6290507,33.744948],[117.629059,33.744347],[117.629009,33.743547],[117.628989,33.743247],[117.6289407,33.7430816],[117.628909,33.742738],[117.628909,33.742478],[117.628929,33.742078],[117.628969,33.741398],[117.628999,33.741108],[117.629099,33.740828],[117.629369,33.740268],[117.629519,33.739988],[117.629568,33.739878],[117.629658,33.739698],[117.630378,33.738097],[117.630477,33.737807],[117.630527,33.737507],[117.630937,33.735107],[117.631057,33.734247],[117.631167,33.733497],[117.631287,33.732787],[117.631487,33.731527],[117.631587,33.731287],[117.631736,33.731057],[117.632146,33.730587],[117.632645,33.730066],[117.633115,33.729746],[117.633155,33.729716],[117.633424,33.729495],[117.633694,33.729265],[117.633963,33.729015],[117.635331,33.727733],[117.636759,33.726452],[117.637049,33.726191],[117.637568,33.725701],[117.637688,33.725591],[117.638856,33.724519],[117.639775,33.723588],[117.640004,33.723328],[117.640224,33.723048],[117.640454,33.722767],[117.640703,33.722497],[117.6411029,33.7220345],[117.6413693,33.7216959],[117.6416221,33.7213043],[117.641822,33.720926],[117.641852,33.720876],[117.641971,33.720626],[117.6420243,33.7204875]]}},{"type":"Feature","id":"way/394256840","properties":{"osm_id":394256840,"name":"宿黄线","highway":"secondary"},"geometry":{"type":"LineString","coordinates":[[118.0994006,33.993009],[118.1018677,33.992395],[118.1044077,33.9918183],[118.1047629,33.9917316],[118.1068994,33.9912371],[118.1079535,33.9909913],[118.1090626,33.9907287],[118.1092915,33.9906745],[118.1101748,33.9904654],[118.1104914,33.990384],[118.1109528,33.9902654],[118.111409,33.9901481],[118.11271,33.9898137],[118.1135438,33.9895994],[118.1137698,33.9895413],[118.1144496,33.9893508],[118.1162954,33.9888336],[118.1186833,33.9881583],[118.1209732,33.9874952],[118.122787,33.9869687],[118.1232553,33.9868296],[118.1237185,33.9866908],[118.1246764,33.9864056],[118.1251134,33.9862749],[118.126587,33.9858343],[118.1273585,33.9856021],[118.1288015,33.9851698],[118.1297444,33.9848873],[118.1308686,33.984581],[118.1352333,33.9833916],[118.1378009,33.9826937],[118.1393009,33.9822861],[118.1404263,33.9819635],[118.142971,33.9812749],[118.1454789,33.980621],[118.1459284,33.9804982],[118.1463721,33.9803811],[118.1465842,33.980312],[118.1469863,33.9801805],[118.1480967,33.9797863],[118.1481972,33.9797506],[118.1483423,33.9796991],[118.150233,33.9790274],[118.1507096,33.978859],[118.1516743,33.97852],[118.1524454,33.978249],[118.1530829,33.9780335],[118.1534901,33.9778959],[118.1538046,33.9777896],[118.156232,33.9769692],[118.1574859,33.9765024],[118.1587333,33.9760617],[118.1609821,33.9751899],[118.161632,33.9749273],[118.1617316,33.9748871],[118.1620905,33.9747421],[118.1628371,33.9743962],[118.1629322,33.9743521],[118.1632573,33.9742015],[118.1639526,33.97388],[118.1644125,33.9736673],[118.1644683,33.9736415],[118.1646459,33.9735594],[118.1646751,33.9735459]]}},{"type":"Feature","id":"way/394256850","properties":{"osm_id":394256850,"name":"五一路","highway":"tertiary"},"geometry":{"type":"LineString","coordinates":[[118.1531275,33.9502906],[118.1530323,33.9537932],[118.1529618,33.9561574],[118.152952,33.9564866],[118.1528759,33.9590997],[118.1528454,33.9600115],[118.1527951,33.9612615],[118.1527409,33.9630729],[118.1527264,33.9635591],[118.1527066,33.9640843],[118.1526898,33.9645306],[118.1526532,33.9655017],[118.1526034,33.9668251],[118.1525771,33.9675234],[118.1525761,33.9675538],[118.1525243,33.9692125],[118.1524708,33.970813],[118.1524048,33.9726083],[118.1523962,33.9730533],[118.1523836,33.9737067],[118.1523803,33.9738795],[118.152376,33.9740112],[118.1523725,33.9741195],[118.1523668,33.9742956],[118.1523651,33.9743472],[118.1523543,33.9746788],[118.1523507,33.9747306],[118.1523467,33.9749111],[118.1523407,33.9750949],[118.1523362,33.975234],[118.1523284,33.9754729],[118.1523074,33.9761184],[118.1522961,33.9764643],[118.152278,33.977123]]}},{"type":"Feature","id":"way/394257478","properties":{"osm_id":394257478,"name":"胡园路","highway":"tertiary"},"geometry":{"type":"LineString","coordinates":[[118.1596084,33.987098],[118.1596686,33.9872893],[118.1598318,33.9878464],[118.1599345,33.9881971],[118.1600691,33.9886567],[118.160112,33.9887923],[118.1601916,33.9890438],[118.1603879,33.9896638],[118.1604895,33.9900288],[118.1605685,33.9903125],[118.1606663,33.9906516],[118.1608931,33.9914373],[118.161124,33.9922012],[118.1618575,33.9946154],[118.1619129,33.9947878]]}},{"type":"Feature","id":"way/394257494","properties":{"osm_id":394257494,"name":"祠堂路","highway":"tertiary"},"geometry":{"type":"LineString","coordinates":[[118.174309,33.9693816],[118.175555,33.9715939],[118.1757454,33.9719272],[118.175958,33.9722998],[118.1761575,33.9726542],[118.1762739,33.9728678],[118.1765383,33.973353],[118.1767575,33.9737486],[118.1770664,33.9743084],[118.1773703,33.9748591],[118.1774547,33.9750026],[118.1775327,33.9751512],[118.1776958,33.9754479],[118.1780441,33.9760948]]}},{"type":"Feature","id":"way/396949962","properties":{"osm_id":396949962,"name":"通湖大道","highway":"secondary"},"geometry":{"type":"LineString","coordinates":[[118.2097811,33.8793244],[118.2097826,33.8794423],[118.209803,33.8799314],[118.2098594,33.8812879],[118.2098923,33.8820784],[118.2099786,33.8847047],[118.2100456,33.8870216],[118.210092,33.8885519],[118.2101329,33.8898262],[118.2101883,33.8913344],[118.2102007,33.8916533],[118.2102384,33.892507],[118.2102579,33.8929469],[118.210262,33.8930404]]}},{"type":"Feature","id":"way/396949963","properties":{"osm_id":396949963,"name":"通湖大道","highway":"primary","ref":"S250"},"geometry":{"type":"LineString","coordinates":[[118.210262,33.8930404],[118.210265,33.8931402],[118.2102678,33.8932317],[118.2102797,33.8936275],[118.2102919,33.8940308],[118.2103905,33.8968975],[118.2104164,33.8976499],[118.2104443,33.898462],[118.2104512,33.8986619],[118.2105524,33.9015754],[118.2106204,33.9035285],[118.2106547,33.9045134],[118.2107296,33.906746],[118.2107575,33.9075767],[118.2107616,33.9076986],[118.2107651,33.9078564],[118.210765,33.9080245],[118.2107755,33.90835],[118.2108686,33.9112279],[118.2108733,33.911384],[118.210896,33.9120733],[118.2109264,33.9129971],[118.2109472,33.913725],[118.2110305,33.9161519],[118.2110765,33.9174913],[118.2111109,33.9184535],[118.211165,33.9200696],[118.211215,33.9213723],[118.2112258,33.9216579],[118.2113352,33.9245517],[118.2113766,33.9256478]]}},{"type":"Feature","id":"way/396949964","properties":{"osm_id":396949964,"name":"南京路","highway":"primary","ref":"S325"},"geometry":{"type":"LineString","coordinates":[[118.1915851,33.893569],[118.1893914,33.8937572],[118.1883567,33.8938881],[118.1874275,33.8940087],[118.1858365,33.8942982],[118.1846414,33.8945571],[118.1834725,33.8948274],[118.1833754,33.8948499],[118.182005,33.8952375],[118.1805991,33.8956956],[118.1795323,33.8960683],[118.1787274,33.8963646],[118.1774568,33.896908],[118.1773425,33.8969569],[118.1771072,33.8970626],[118.1767796,33.8972098],[118.17559,33.8977835],[118.1754849,33.8978346],[118.1751536,33.8979956]]}},{"type":"Feature","id":"way/396949983","properties":{"osm_id":396949983,"name":"西湖西路","highway":"primary"},"geometry":{"type":"LineString","coordinates":[[118.2127771,33.9268791],[118.2125848,33.9267894],[118.2125369,33.926767],[118.2115093,33.9263888]]}},{"type":"Feature","id":"way/396949985","properties":{"osm_id":396949985,"name":"通湖大道","highway":"primary"},"geometry":{"type":"LineString","coordinates":[[118.2115093,33.9263888],[118.211591,33.9268019],[118.2116903,33.9273044],[118.2119176,33.9282452],[118.2125579,33.930895],[118.2125772,33.9309735],[118.2126784,33.9313857],[118.2127011,33.9314893],[118.2128365,33.9320654],[118.2129264,33.9324477],[118.2130289,33.9328839],[118.2130398,33.9329281],[118.2132849,33.9338355],[118.2137102,33.9355501],[118.2138032,33.9359184],[118.2139483,33.9365353],[118.2141864,33.9375667],[118.2142177,33.9377136],[118.2142705,33.9379842],[118.2144657,33.9387817],[118.2145096,33.9389127],[118.2145415,33.9390461],[118.214551,33.9391276],[118.2145634,33.9391951],[118.2146947,33.93998],[118.2147213,33.9402006],[118.2149978,33.9420331],[118.2151375,33.943032],[118.215255,33.9440018],[118.2152669,33.9441043],[118.2154012,33.9456788],[118.2154255,33.9459637],[118.2154807,33.9460821],[118.2154961,33.946407],[118.2155276,33.9470688],[118.2155366,33.9472582],[118.2155441,33.9475714],[118.2155847,33.9489198],[118.215593,33.9491939],[118.2155967,33.949266],[118.2156017,33.9494378],[118.2156379,33.9495514],[118.2156412,33.9498652],[118.2156465,33.9503645],[118.2156464,33.950382],[118.2156372,33.9518544]]}},{"type":"Feature","id":"way/400625828","properties":{"osm_id":400625828,"highway":"primary"},"geometry":{"type":"LineString","coordinates":[[117.8725211,33.7897568],[117.8724499,33.7893976]]}},{"type":"Feature","id":"way/400625830","properties":{"osm_id":400625830,"highway":"primary","ref":"S347"},"geometry":{"type":"LineString","coordinates":[[117.8583474,33.8008794],[117.8617589,33.8022452],[117.8656152,33.8037168],[117.8662835,33.8039939]]}},{"type":"Feature","id":"way/400625832","properties":{"osm_id":400625832,"highway":"primary","ref":"S347"},"geometry":{"type":"LineString","coordinates":[[117.8579733,33.8007409],[117.8583474,33.8008794]]}},{"type":"Feature","id":"way/402972279","properties":{"osm_id":402972279,"name":"淮徐高速","highway":"motorway","ref":"G2513"},"geometry":{"type":"LineString","coordinates":[[117.48911,34.1015702],[117.4901364,34.1012321]]}},{"type":"Feature","id":"way/402972283","properties":{"osm_id":402972283,"name":"淮徐高速","highway":"motorway","ref":"G2513"},"geometry":{"type":"LineString","coordinates":[[117.4901857,34.1013623],[117.4892584,34.1016493]]}},{"type":"Feature","id":"way/402972286","properties":{"osm_id":402972286,"name":"淮徐高速","highway":"motorway","ref":"G2513"},"geometry":{"type":"LineString","coordinates":[[117.4892584,34.1016493],[117.4879769,34.1020459],[117.4867357,34.1023791],[117.484855,34.1028916],[117.4820452,34.1035606],[117.4790584,34.1042015],[117.4736246,34.1050996],[117.4634586,34.106705],[117.4605836,34.107309],[117.4563958,34.1082593],[117.4529288,34.1091795],[117.4502499,34.1099962],[117.45,34.1100826]]}},{"type":"Feature","id":"way/402972290","properties":{"osm_id":402972290,"name":"淮徐高速","highway":"motorway","ref":"G2513"},"geometry":{"type":"LineString","coordinates":[[117.45,34.1099443],[117.4502167,34.1098701],[117.45289,34.10909],[117.45635,34.10815],[117.4605764,34.1071617],[117.46347,34.1066],[117.4735948,34.1049581],[117.4790325,34.1040622],[117.4819869,34.1034583],[117.48483,34.10276],[117.4866869,34.1022762],[117.4879475,34.1019532],[117.48911,34.1015702]]}},{"type":"Feature","id":"way/404361271","properties":{"osm_id":404361271,"name":"洪泽湖西路","highway":"primary"},"geometry":{"type":"LineString","coordinates":[[118.2281918,33.9614717],[118.2279011,33.9614605],[118.2276341,33.9614502],[118.2237575,33.9613007],[118.2235989,33.9612946],[118.2232024,33.9612793],[118.2230416,33.9612714],[118.2227321,33.9612622],[118.2226553,33.9612599],[118.2225337,33.9612563],[118.2209055,33.9612082],[118.2202675,33.9611893],[118.2201772,33.9611868],[118.2196691,33.9611726],[118.2184699,33.9611391],[118.2160478,33.9610599],[118.2159828,33.961057],[118.2158886,33.9610527]]}},{"type":"Feature","id":"way/405421591","properties":{"osm_id":405421591,"name":"265乡道","highway":"tertiary","ref":"Y265"},"geometry":{"type":"LineString","coordinates":[[118.106691,34.0934822],[118.1066926,34.0936297],[118.1066912,34.0938316],[118.1066783,34.0957171],[118.1067298,34.0974828],[118.1067492,34.0981929],[118.1067514,34.0993603],[118.1067703,34.1033882],[118.1067698,34.1062132],[118.1067211,34.1067618],[118.1066981,34.1070438],[118.1065972,34.1074987],[118.1064834,34.1078214],[118.1063905,34.1080743],[118.1062528,34.1083586],[118.1060581,34.1086987],[118.1057542,34.1090949],[118.1031584,34.1121585],[118.1015795,34.1140599],[118.1007049,34.1150865],[118.0990063,34.1169171],[118.0975025,34.1186337],[118.0969039,34.1193432],[118.0967273,34.1195229],[118.0960455,34.120242],[118.0954625,34.1208935],[118.0949169,34.1213129],[118.0943341,34.1218172],[118.093848,34.1224146],[118.0935397,34.1232303],[118.093188,34.124114],[118.0924408,34.1255275],[118.0918179,34.1264963],[118.0877359,34.1310324],[118.0832199,34.1359422],[118.0777412,34.1415431],[118.0756318,34.1437341],[118.0742445,34.1450581],[118.0734941,34.1457494],[118.0711441,34.1476357],[118.0674917,34.1505178],[118.0652401,34.1524234]]}},{"type":"Feature","id":"way/405428957","properties":{"osm_id":405428957,"name":"265乡道","highway":"tertiary","ref":"Y265"},"geometry":{"type":"LineString","coordinates":[[118.0652401,34.1524234],[118.0607803,34.1566226],[118.0603247,34.1570694],[118.0601879,34.1571768],[118.0600141,34.1572981],[118.0597939,34.1574396],[118.0595569,34.1575745],[118.0593425,34.157667],[118.0591222,34.1577509],[118.0589727,34.1578127],[118.0588421,34.157864],[118.0587481,34.1579344],[118.0585756,34.1580814],[118.0575907,34.158985],[118.0573059,34.1592414]]}},{"type":"Feature","id":"way/405431197","properties":{"osm_id":405431197,"name":"龙运大道","highway":"tertiary"},"geometry":{"type":"LineString","coordinates":[[118.1133739,34.031552],[118.1132972,34.03081],[118.1131456,34.0293437],[118.1130353,34.0282313],[118.1127975,34.0258328],[118.1127908,34.0257574]]}},{"type":"Feature","id":"way/405434102","properties":{"osm_id":405434102,"name":"行宫路","highway":"secondary"},"geometry":{"type":"LineString","coordinates":[[118.1033918,34.0338459],[118.1049828,34.0337281],[118.1052599,34.0337062],[118.106302,34.033625],[118.1064491,34.0336124],[118.1083372,34.0334634],[118.1083773,34.0334602],[118.1085656,34.0334454],[118.1094606,34.0333635],[118.109621,34.0333488],[118.1118134,34.0331481],[118.1129699,34.0330423],[118.113036,34.0330362],[118.1132443,34.0330171],[118.1135227,34.0329909],[118.1139966,34.03294],[118.1145549,34.0328799],[118.114584,34.0328768],[118.1150088,34.032843],[118.1153133,34.0328477],[118.1153396,34.0328481],[118.1156412,34.0328763],[118.1157785,34.0328892],[118.116003,34.0329195],[118.116376,34.0329955],[118.1164065,34.0330017],[118.1170582,34.0331345],[118.1188229,34.0334629],[118.1189703,34.0334903],[118.119177,34.0335177],[118.1193034,34.0336088],[118.119381,34.0337403],[118.1195613,34.0340478]]}},{"type":"Feature","id":"way/405434753","properties":{"osm_id":405434753,"name":"京杭西路","highway":"secondary"},"geometry":{"type":"LineString","coordinates":[[118.1247543,34.0336763],[118.1266334,34.0330321],[118.1270171,34.0328958],[118.1274662,34.0327362],[118.1277235,34.0326449],[118.1283143,34.032403],[118.1294235,34.0320955],[118.1300594,34.0319193],[118.1305289,34.031782],[118.1316472,34.0314549],[118.1320001,34.0313122],[118.132796,34.0309905],[118.133859,34.0305327],[118.1369884,34.0291797],[118.1374377,34.0290042],[118.1380918,34.0288386],[118.1393807,34.0284748],[118.1413666,34.0278125],[118.141935,34.0276274],[118.1442481,34.0268524],[118.1448353,34.0266557],[118.1454728,34.026411],[118.1469988,34.0258227],[118.1520346,34.0238705],[118.1526743,34.0236094],[118.1540506,34.0230477],[118.1543901,34.0229091],[118.1546682,34.0227954],[118.1549645,34.0226741],[118.1552162,34.0225712],[118.1553879,34.0224645],[118.1555488,34.0223311],[118.1558278,34.0220643],[118.1558935,34.0220119],[118.1561175,34.0218331],[118.1565037,34.0215753],[118.1574893,34.0209932],[118.1575617,34.0209472],[118.1580652,34.0206671],[118.1591055,34.0201439],[118.1602266,34.0196723],[118.1615861,34.0191743],[118.1639032,34.0183431],[118.1641641,34.0182495],[118.1649493,34.0179805],[118.1650601,34.0179425],[118.1660656,34.0175981],[118.1667532,34.0173625],[118.1672352,34.0171974],[118.1674402,34.0171271],[118.1680805,34.0169077],[118.1683524,34.0168146],[118.1687668,34.0166843],[118.1693609,34.0164959],[118.1702658,34.016209],[118.170742,34.016058],[118.171048,34.015961],[118.171562,34.0158026],[118.1716299,34.0157817],[118.172412,34.0155406],[118.1724795,34.0155195],[118.1731952,34.0153014],[118.1747206,34.0147979],[118.1750385,34.0146929],[118.1759565,34.0144705],[118.176963,34.0142052],[118.1776663,34.014035],[118.1783862,34.0138717],[118.1785835,34.013827],[118.1795706,34.0136646],[118.17968,34.0136466],[118.1807124,34.0134098],[118.18092,34.0133228],[118.1811359,34.0131827],[118.1813443,34.0130475],[118.1815269,34.0129007],[118.1821166,34.0124748],[118.1826391,34.01214],[118.1827199,34.012093],[118.1832733,34.011771],[118.1835799,34.0116415],[118.1839555,34.0115391],[118.1840419,34.0115156],[118.1840879,34.0115052],[118.1849351,34.0113129],[118.1855659,34.0111831],[118.1862176,34.0110398],[118.1864928,34.01096],[118.1870542,34.0107972],[118.1872602,34.0107235],[118.187714,34.0104343],[118.1880508,34.0102196],[118.1881216,34.0101745],[118.1885647,34.0098125],[118.1888619,34.0095697],[118.1906881,34.0081919],[118.1907656,34.0081334],[118.1910043,34.0079533],[118.1921096,34.0071195],[118.1924714,34.0068683],[118.1926166,34.0067441],[118.1928658,34.0064504],[118.1931105,34.006119],[118.1933953,34.0057393],[118.1940419,34.0048771],[118.1948583,34.0038325],[118.1949752,34.0036829],[118.195485,34.0030838],[118.1957703,34.0027102],[118.1964273,34.0018498],[118.1967936,34.0013484],[118.1976166,34.0002221],[118.1977271,34.000086],[118.1983616,33.9993041],[118.1983864,33.9992731],[118.198849,33.9986953],[118.1992682,33.9982988],[118.2000943,33.9976286],[118.2001845,33.9975664],[118.2005867,33.9972892],[118.2009488,33.9970397],[118.2009848,33.9970149],[118.2014992,33.9967774],[118.2017368,33.9966979],[118.2019993,33.996632],[118.2025715,33.9964997],[118.2034486,33.9962854],[118.2045396,33.996058],[118.2046702,33.9960308],[118.204952,33.9959462],[118.205623,33.9955912],[118.2058051,33.9954949],[118.206317,33.9952359],[118.2064783,33.9951371],[118.2069624,33.9948404],[118.2073101,33.9945714],[118.2083673,33.9935078],[118.2084411,33.9934336],[118.2086039,33.9932534],[118.2092268,33.9925225],[118.2097559,33.9918975],[118.2108091,33.9906506],[118.2111058,33.9903291],[118.2122343,33.9891866],[118.2124196,33.9890103],[118.2127049,33.9887386],[118.212737,33.9887081],[118.2134439,33.9880347],[118.2137069,33.9877896],[118.2137578,33.9877614],[118.2139476,33.9876563],[118.2140996,33.9876121],[118.2142271,33.9875942],[118.2144915,33.9875868],[118.2146683,33.987594],[118.2149374,33.9876391],[118.2154777,33.9877298],[118.2157379,33.987777],[118.2159694,33.9878117],[118.2161201,33.9878343],[118.2164006,33.9878411],[118.2165204,33.9878451],[118.2165808,33.9878478],[118.2168641,33.9878141],[118.2181082,33.9876469],[118.2191952,33.9874988],[118.22059,33.9873043],[118.2223217,33.9870624],[118.2241491,33.9867248],[118.2243789,33.986695],[118.2263161,33.9864436],[118.2266498,33.9863982],[118.2268847,33.9863191],[118.2272339,33.9862014],[118.2275094,33.9861033],[118.2276235,33.9860627],[118.2279126,33.9859574],[118.2279799,33.9859452],[118.2280861,33.9859488],[118.2282042,33.9859582],[118.2283224,33.9859691],[118.2285069,33.9859871],[118.2286485,33.9860063],[118.2286911,33.9860121],[118.2288571,33.9860347],[118.2290666,33.9860478],[118.2294385,33.9860505],[118.2297339,33.9860403],[118.2299906,33.9860137],[118.2305366,33.9859569],[118.2306254,33.9859449],[118.2316466,33.9858065],[118.2329989,33.9856233],[118.2332223,33.9855918],[118.2340451,33.9854759],[118.2340718,33.9854721],[118.2340917,33.9854699],[118.2351626,33.9853534],[118.2368935,33.9851651],[118.2399033,33.9845781],[118.24,33.9845639]]}},{"type":"Feature","id":"way/405437272","properties":{"osm_id":405437272,"name":"宿黄线","highway":"secondary"},"geometry":{"type":"LineString","coordinates":[[118.0760714,34.0575309],[118.0737954,34.0572969],[118.0723334,34.0571471],[118.0709054,34.0570008],[118.0698173,34.0568894],[118.0695972,34.0568666]]}},{"type":"Feature","id":"way/405437273","properties":{"osm_id":405437273,"name":"宿黄线","highway":"secondary"},"geometry":{"type":"LineString","coordinates":[[118.0763849,34.0666697],[118.0764814,34.0674793],[118.076526,34.0678532],[118.0766838,34.0691765],[118.0771284,34.0730627],[118.0772688,34.0742896],[118.0774541,34.075909],[118.0774903,34.0762261],[118.0775274,34.0765497],[118.077555,34.0767917],[118.0775933,34.0771266],[118.0776645,34.0777485],[118.0776845,34.0778883],[118.0777146,34.0780988],[118.0777574,34.0784305],[118.0777432,34.0788552],[118.0776985,34.0791384],[118.077638,34.0796168],[118.0773183,34.0829184],[118.077273,34.0833867],[118.0771695,34.0844555],[118.0771344,34.0848],[118.0770775,34.0853586],[118.0770211,34.0859126],[118.0769588,34.0865237],[118.0769502,34.0866088],[118.0769439,34.0866705]]}},{"type":"Feature","id":"way/405438581","properties":{"osm_id":405438581,"name":"黄马线","highway":"tertiary"},"geometry":{"type":"LineString","coordinates":[[118.0512045,34.1266386],[118.0507572,34.1245249]]}},{"type":"Feature","id":"way/405583302","properties":{"osm_id":405583302,"name":"宿黄线","highway":"secondary"},"geometry":{"type":"LineString","coordinates":[[118.0903806,33.9993821],[118.090534,33.9990701],[118.0907806,33.9987655],[118.0912443,33.9983435],[118.0916355,33.9979929],[118.0917579,33.9978832],[118.0922373,33.9974536],[118.0932619,33.9965414],[118.0944446,33.9954997],[118.0952327,33.9947947],[118.0964586,33.9936981],[118.0976836,33.9934239],[118.0992231,33.9930519],[118.0994006,33.993009]]}},{"type":"Feature","id":"way/405583415","properties":{"osm_id":405583415,"name":"宿黄线","highway":"secondary"},"geometry":{"type":"LineString","coordinates":[[118.1646751,33.9735459],[118.1648181,33.9734797],[118.1660346,33.972916],[118.1669444,33.9724944],[118.1670555,33.9724429],[118.1681168,33.9719512],[118.1685429,33.9717721],[118.1693515,33.9714322],[118.1694386,33.9713956],[118.1698477,33.9712271],[118.1704246,33.9709896],[118.171015,33.9707391],[118.1712671,33.9706321],[118.1718899,33.9703678],[118.1722353,33.9702263],[118.1723468,33.9701806],[118.1727798,33.9700046],[118.1729923,33.9699182],[118.1730959,33.969876],[118.174309,33.9693816],[118.1750715,33.9690588],[118.1753133,33.9689564],[118.1765814,33.9684196],[118.1766711,33.9683816],[118.1772742,33.9681385],[118.1780535,33.9678245],[118.1781793,33.9677721],[118.1787487,33.967535],[118.1789324,33.9674593],[118.1790907,33.9673927],[118.1792,33.9673553],[118.17941,33.9672836],[118.1796173,33.9672128],[118.1797707,33.9671604],[118.1799617,33.9670951],[118.1800634,33.9670604],[118.1801266,33.9670396],[118.1802946,33.9669844],[118.1810085,33.9667496],[118.1817769,33.9664969],[118.1845316,33.9655911],[118.1857785,33.9652112],[118.1862325,33.9650729],[118.1865524,33.9649689],[118.1867218,33.9649138],[118.1868691,33.9648659],[118.1870619,33.9648032],[118.1883069,33.9643492],[118.1889329,33.9641204],[118.1898126,33.9637938],[118.1905793,33.9635092],[118.1914526,33.9631847],[118.1914873,33.9631721],[118.1915389,33.9631534],[118.1916745,33.9630994],[118.1943986,33.9621172],[118.1958105,33.9616082],[118.1964206,33.9613875],[118.1973126,33.9611054],[118.1985085,33.9607904],[118.1985616,33.9607774],[118.1994796,33.9605527],[118.2000645,33.9604095],[118.201066,33.9601569],[118.2013073,33.960096],[118.2013759,33.9600847],[118.2038189,33.9597015],[118.2039103,33.9596871],[118.2052442,33.9594606]]}},{"type":"Feature","id":"way/415933318","properties":{"osm_id":415933318,"name":"浦东路","highway":"tertiary"},"geometry":{"type":"LineString","coordinates":[[118.2355251,33.9363178],[118.2356104,33.9363163],[118.2367546,33.9362967],[118.2375068,33.9362838],[118.2380248,33.9362749],[118.2382512,33.9362711],[118.2386121,33.9362649],[118.2386581,33.9362641],[118.2390356,33.9362576],[118.2391462,33.9362557],[118.2392596,33.9362538],[118.2397174,33.936246],[118.2399482,33.936242],[118.24,33.9362411]]}},{"type":"Feature","id":"way/416628334","properties":{"osm_id":416628334,"name":"厦门西路","highway":"tertiary"},"geometry":{"type":"LineString","coordinates":[[118.235717,33.9304109],[118.2371096,33.9304879],[118.2388922,33.9305865],[118.2399973,33.9306476],[118.24,33.9306477]]}},{"type":"Feature","id":"way/416628411","properties":{"osm_id":416628411,"name":"富民大道","highway":"tertiary"},"geometry":{"type":"LineString","coordinates":[[118.24,33.9173698],[118.2397054,33.9157976],[118.2396315,33.9152254],[118.2395999,33.9149807],[118.2395904,33.9149074],[118.2395588,33.9139286],[118.2395766,33.9123668],[118.23958,33.9122064],[118.239587,33.9118215],[118.2395747,33.9100196],[118.2395749,33.9077208],[118.239584,33.9065319],[118.2395898,33.9057032],[118.2395901,33.9056578]]}},{"type":"Feature","id":"way/416628412","properties":{"osm_id":416628412,"name":"振兴大道","highway":"secondary"},"geometry":{"type":"LineString","coordinates":[[118.234443,33.8675985],[118.2344338,33.8694337],[118.2344534,33.8718144],[118.2344736,33.8734462],[118.234485,33.8743658],[118.2344977,33.8753958],[118.2344683,33.8772639],[118.2344721,33.8776587],[118.2344767,33.8781379],[118.2344772,33.8781895],[118.2344796,33.8784368],[118.2344809,33.8785858],[118.2344797,33.8788765],[118.2344791,33.8789994],[118.2344748,33.8800177],[118.2344621,33.8830376],[118.2344572,33.884183],[118.2344601,33.8877413],[118.2344306,33.89107],[118.2342354,33.8925233],[118.234211,33.8926447],[118.2341013,33.8933426],[118.234024,33.8939123],[118.2339042,33.8983303],[118.2339133,33.9004903],[118.2339212,33.9023806],[118.2339509,33.9052541],[118.2339547,33.9056203],[118.2339569,33.9058401]]}},{"type":"Feature","id":"way/417907138","properties":{"osm_id":417907138,"name":"元府东路","highway":"primary"},"geometry":{"type":"LineString","coordinates":[[117.9795678,33.9026025],[117.9798136,33.9026473],[117.9800393,33.9027146],[117.9803703,33.9027979],[117.9810075,33.902854],[117.9815098,33.9028972],[117.982959,33.902979],[117.9830876,33.902985],[117.9838008,33.9030374]]}},{"type":"Feature","id":"way/417907144","properties":{"osm_id":417907144,"highway":"trunk","ref":"G104"},"geometry":{"type":"LineString","coordinates":[[117.8553423,33.9154655],[117.854188,33.9155981],[117.8514804,33.9159731],[117.8490019,33.916406],[117.8473429,33.916706],[117.846403,33.9168804],[117.8457169,33.9170432],[117.8451108,33.9172112],[117.8366797,33.9200669],[117.8348072,33.9207131],[117.8339187,33.9210902],[117.8335774,33.921235],[117.8302185,33.9231734],[117.8280243,33.9243927],[117.8272926,33.9249496],[117.8266684,33.9255361],[117.826137,33.9262096],[117.8251043,33.92767],[117.824412,33.9286386],[117.8240341,33.9290613],[117.8236176,33.9294867],[117.8232227,33.9298386],[117.8221028,33.930745],[117.8197494,33.9325774],[117.8179687,33.9339946],[117.8115282,33.93912],[117.8107056,33.9398039],[117.8099912,33.9402668],[117.8091094,33.9407744],[117.8069567,33.9419717],[117.8065185,33.94224],[117.8057069,33.9427222],[117.805004,33.9431879],[117.8044346,33.9436278],[117.803626,33.9443341],[117.8030326,33.9449805],[117.8010243,33.9472392],[117.7968853,33.9518942],[117.7956689,33.9533544],[117.7927966,33.9568773],[117.7921832,33.9575543],[117.7916378,33.9581081],[117.7834096,33.9650701],[117.7826306,33.9654887],[117.7819697,33.9657467],[117.7773582,33.9670027],[117.7760026,33.9677918],[117.7747227,33.968641],[117.7533546,33.9842259],[117.7507675,33.9860964],[117.7456176,33.9898199],[117.7448321,33.9903842],[117.7442629,33.9907777],[117.7436723,33.9911178],[117.7429322,33.9914212],[117.7422334,33.9916578],[117.7413552,33.991859],[117.7362845,33.9929166],[117.7345032,33.9932881],[117.7297284,33.9942855],[117.7285411,33.9945993],[117.7276001,33.9949209],[117.7262721,33.9954233],[117.726025,33.9955177],[117.7134261,34.0003333],[117.7057127,34.0033466],[117.6989405,34.0060092],[117.6972491,34.0066759],[117.697135,34.0067219]]}},{"type":"Feature","id":"way/417907146","properties":{"osm_id":417907146,"name":"八李线","highway":"primary","ref":"S271"},"geometry":{"type":"LineString","coordinates":[[117.7826211,33.8106314],[117.7825349,33.8183493],[117.7825372,33.8212846],[117.7824692,33.8242368],[117.781559,33.8322541],[117.7813671,33.833435],[117.7810841,33.8360314],[117.7798611,33.8472067],[117.7795939,33.8502587],[117.7784725,33.8559679],[117.7779429,33.8591341],[117.7776715,33.8601194],[117.7763873,33.8636182],[117.7724869,33.8722885],[117.7714256,33.8747755],[117.7711179,33.8754963],[117.7706392,33.8766204],[117.7704313,33.8771088],[117.7701196,33.8779627],[117.7699211,33.8786953],[117.7691492,33.8815775],[117.7687548,33.883147],[117.7682742,33.8850593],[117.7682241,33.8854146],[117.7681643,33.8858386]]}},{"type":"Feature","id":"way/417907149","properties":{"osm_id":417907149,"name":"元府东路","highway":"primary"},"geometry":{"type":"LineString","coordinates":[[117.9837388,33.9031253],[117.9829922,33.9030661],[117.982283,33.9030148],[117.9815297,33.9029823],[117.9803542,33.9029193],[117.9799415,33.9028894],[117.9797695,33.9029148],[117.9795619,33.9029871]]}},{"type":"Feature","id":"way/417907150","properties":{"osm_id":417907150,"name":"八李线","highway":"primary","ref":"S271"},"geometry":{"type":"LineString","coordinates":[[117.729793,33.913007],[117.729833,33.913327],[117.730032,33.914807],[117.730162,33.915816],[117.730462,33.918056],[117.730632,33.919055],[117.7314602,33.9247459],[117.7326045,33.9318698],[117.7333729,33.9368335],[117.733548,33.938069],[117.733658,33.938689],[117.733748,33.939289],[117.7339741,33.9406287],[117.734168,33.941778],[117.734487,33.943677],[117.734527,33.943887],[117.734587,33.944217],[117.7347529,33.945607],[117.7349494,33.9471817],[117.735017,33.947636],[117.735076,33.948296],[117.735116,33.949366],[117.735126,33.949616],[117.735186,33.950525],[117.735196,33.950875],[117.735226,33.951375],[117.735306,33.952235],[117.735546,33.953575],[117.735686,33.954244],[117.735746,33.954574],[117.736045,33.956584],[117.736385,33.958523],[117.736485,33.959033],[117.7366434,33.9596797],[117.737264,33.963651],[117.737294,33.963801],[117.737404,33.964471],[117.737574,33.965391],[117.7376981,33.9659647],[117.7379278,33.9672404]]}},{"type":"Feature","id":"way/417907153","properties":{"osm_id":417907153,"highway":"secondary"},"geometry":{"type":"LineString","coordinates":[[117.8037609,33.7685476],[117.8026684,33.768159],[117.8024388,33.768116],[117.8023725,33.7681036],[117.7941072,33.7689505],[117.7899404,33.7692865],[117.7871593,33.7695609],[117.7862887,33.769672],[117.7860412,33.7697354],[117.7855048,33.7700966],[117.7851132,33.7703017],[117.7844326,33.770381],[117.7837694,33.7703218],[117.7825899,33.7699663],[117.7816913,33.7698289],[117.7797826,33.7699663]]}},{"type":"Feature","id":"way/417907155","properties":{"osm_id":417907155,"name":"八李线","highway":"primary","ref":"S271"},"geometry":{"type":"LineString","coordinates":[[117.7097786,34.1441846],[117.7099203,34.1425947],[117.7103244,34.1401489],[117.7105966,34.1387479],[117.7113623,34.1354998],[117.7124285,34.130571],[117.712712,34.1292352],[117.7135161,34.1254469],[117.7141265,34.122566],[117.7144724,34.1209335],[117.7147984,34.1191106],[117.7158057,34.113523],[117.7162245,34.1112001],[117.7163796,34.1103435],[117.7167014,34.1083892],[117.7169523,34.1069824],[117.7176202,34.1052991],[117.7182872,34.1038474],[117.7187792,34.1026173],[117.7197197,34.1003515],[117.7214251,34.096337],[117.722929,34.0928017],[117.7244094,34.0893215],[117.7268003,34.0835333],[117.7275923,34.0816242],[117.7313196,34.0727638],[117.7314228,34.0725186],[117.7328701,34.0690779],[117.7331135,34.0684873],[117.7331766,34.0683341],[117.7333935,34.0678138],[117.7338284,34.0667704],[117.737494,34.0581396],[117.738128,34.0564729],[117.7383097,34.0555807]]}},{"type":"Feature","id":"way/417907157","properties":{"osm_id":417907157,"name":"永昶路","highway":"secondary"},"geometry":{"type":"LineString","coordinates":[[117.8949026,33.9191966],[117.895137,33.9191473],[117.8960088,33.918999],[117.896928,33.9189195],[117.8976755,33.9189335],[117.8981807,33.9189824],[117.8983878,33.9190024],[117.8993063,33.9191339],[117.9032455,33.9197961],[117.9044256,33.9199618],[117.9054207,33.9200042],[117.9063407,33.9199307],[117.9086707,33.9196169],[117.9092573,33.9195657],[117.9102085,33.9195535],[117.9114635,33.9195777],[117.9139506,33.9196256],[117.9165538,33.919674],[117.9175628,33.9196001],[117.918979,33.9193865],[117.9199982,33.9192974],[117.9212156,33.9192897],[117.9226891,33.9192924],[117.9237426,33.9195111],[117.9250565,33.9197615],[117.9264355,33.9200987],[117.9305151,33.9212801],[117.9323933,33.9217728],[117.9325617,33.921817],[117.9333531,33.9219945],[117.9341546,33.922103],[117.935294,33.9222355],[117.9355228,33.9222621],[117.936562,33.9223084],[117.9405372,33.9224279]]}},{"type":"Feature","id":"way/417907158","properties":{"osm_id":417907158,"highway":"primary"},"geometry":{"type":"LineString","coordinates":[[117.956968,33.8882867],[117.9569287,33.8888624],[117.9569237,33.8889558],[117.9567662,33.8913737],[117.9566151,33.8939944],[117.9564585,33.8970912],[117.9562397,33.9007025],[117.9562355,33.9007856],[117.9560891,33.9028111],[117.9558747,33.9055171],[117.9557081,33.9080872],[117.9554271,33.9118183],[117.9554227,33.9119192],[117.9554152,33.9120908]]}},{"type":"Feature","id":"way/417907160","properties":{"osm_id":417907160,"highway":"primary"},"geometry":{"type":"LineString","coordinates":[[117.9095729,33.888182],[117.9095095,33.8890188]]}},{"type":"Feature","id":"way/417907164","properties":{"osm_id":417907164,"highway":"secondary"},"geometry":{"type":"LineString","coordinates":[[117.6651434,34.1401546],[117.6722296,34.1401982],[117.6732592,34.1402176],[117.6748815,34.1403664],[117.6753134,34.1404648],[117.6768288,34.1407141],[117.6845035,34.1420843],[117.6849452,34.1421201],[117.6869439,34.1420869],[117.6875351,34.1421077],[117.6930746,34.1425861],[117.693736,34.1426262],[117.6940915,34.1426174],[117.6949874,34.1425375],[117.696552,34.1425806],[117.697411,34.1426361],[117.7003514,34.1428717],[117.7006252,34.1429465],[117.7008239,34.1430569],[117.7009297,34.1431813],[117.7010999,34.1433145],[117.701327,34.1433731],[117.7084382,34.1440422],[117.7094868,34.1441584]]}},{"type":"Feature","id":"way/417907166","properties":{"osm_id":417907166,"highway":"secondary"},"geometry":{"type":"LineString","coordinates":[[117.9789439,33.9024051],[117.979014,33.9023351],[117.9790516,33.9022651],[117.9790564,33.9018166],[117.9790179,33.8999242],[117.979027,33.8970335],[117.9790261,33.8969753],[117.9790253,33.8969175],[117.9789857,33.8942212],[117.9785763,33.891917],[117.9784758,33.8904828],[117.9780169,33.8901653],[117.9628553,33.8892964],[117.9618907,33.8892411],[117.9569237,33.8889558],[117.9567789,33.888959],[117.9514331,33.8890433],[117.9499037,33.8890816],[117.9497978,33.8890718]]}},{"type":"Feature","id":"way/417907168","properties":{"osm_id":417907168,"highway":"secondary"},"geometry":{"type":"LineString","coordinates":[[117.9497978,33.8890718],[117.9488202,33.8890739]]}},{"type":"Feature","id":"way/417907169","properties":{"osm_id":417907169,"highway":"secondary","ref":"X309"},"geometry":{"type":"LineString","coordinates":[[117.5995819,34.1350345],[117.6062021,34.134655],[117.6154844,34.1341821],[117.6163117,34.1341734],[117.6179103,34.134319],[117.6186399,34.1344416],[117.6204209,34.1350934],[117.6212041,34.1354522],[117.6219873,34.135818],[117.6232962,34.1361927],[117.623476,34.136232],[117.627443,34.1371004]]}},{"type":"Feature","id":"way/417907170","properties":{"osm_id":417907170,"highway":"primary"},"geometry":{"type":"LineString","coordinates":[[117.8750274,33.8037706],[117.8743262,33.7997938],[117.8736746,33.7961709],[117.8733003,33.7940896],[117.8731689,33.7933588],[117.8725211,33.7897568]]}},{"type":"Feature","id":"way/417907173","properties":{"osm_id":417907173,"name":"枣睢线","highway":"primary","ref":"S612;S251"},"geometry":{"type":"LineString","coordinates":[[118.0079632,33.9059972],[118.0078444,33.9065635],[118.0076299,33.9076835],[118.0072829,33.9088591],[118.005621,33.91297],[118.0055852,33.9130579],[118.0048718,33.9147702],[118.0039537,33.9169738],[118.0016164,33.9228108],[117.9999964,33.9253026],[117.9983103,33.9269593],[117.9965979,33.9280527],[117.9955832,33.9285838],[117.9936744,33.9294435],[117.9914016,33.9299267],[117.9884311,33.9303565],[117.9774448,33.9317096],[117.9716443,33.9317845],[117.9715001,33.9317864],[117.9669756,33.9314685],[117.9624487,33.9311504],[117.9578783,33.9308292],[117.9531607,33.9305086],[117.952964,33.9304987],[117.9501947,33.9302666],[117.9471617,33.9299788],[117.9459526,33.9298641],[117.9419848,33.9291585],[117.94146,33.9290792],[117.9413189,33.9290676],[117.9395214,33.9288564],[117.937718,33.9287704],[117.9352626,33.9287704],[117.9332473,33.9288389],[117.9312489,33.9289449],[117.9311146,33.9289494],[117.9310071,33.9289523],[117.9256623,33.9291362],[117.9221573,33.9292497],[117.9178068,33.9294487],[117.9164833,33.9294939],[117.9136478,33.9295906],[117.9111407,33.929529],[117.9110085,33.9295258],[117.9101227,33.9294415],[117.9098011,33.9294014],[117.9090634,33.9293094],[117.9080551,33.9291106],[117.9068761,33.9288326],[117.9049997,33.9282329],[117.9024758,33.9270626],[117.9003724,33.9257237],[117.8992036,33.9247202],[117.8981038,33.9236883],[117.8978991,33.9234679],[117.8948484,33.9196525],[117.8945568,33.9193493],[117.8944607,33.9192227],[117.8916494,33.915501],[117.8912346,33.9149187],[117.8906926,33.9141444]]}},{"type":"Feature","id":"way/417907175","properties":{"osm_id":417907175,"highway":"primary"},"geometry":{"type":"LineString","coordinates":[[117.9552804,33.9120968],[117.9553011,33.9119138],[117.955312,33.9118175],[117.9555775,33.9080739],[117.955709,33.9054993],[117.9559154,33.902846],[117.9561052,33.900764],[117.9561098,33.9006855],[117.9563217,33.8970894],[117.9564874,33.8940037],[117.9566538,33.8913705],[117.9567789,33.888959],[117.9567853,33.8888722],[117.9568241,33.8882714]]}},{"type":"Feature","id":"way/417907178","properties":{"osm_id":417907178,"highway":"secondary"},"geometry":{"type":"LineString","coordinates":[[117.9488202,33.8890739],[117.9484773,33.889086],[117.9472755,33.8891283],[117.9442909,33.8891487],[117.9427294,33.8892692],[117.9411978,33.8893056],[117.941181,33.889306],[117.9387354,33.8893641],[117.9373228,33.8893977],[117.9343349,33.8894686],[117.9334974,33.8894885],[117.9297356,33.8895779],[117.9296934,33.8895789],[117.9280065,33.8896308],[117.9253116,33.8897136],[117.9170288,33.8899682],[117.9155394,33.8899841],[117.90943,33.8898175],[117.9092906,33.8898173],[117.9048315,33.8898584],[117.9002545,33.8898081],[117.8891789,33.8896872],[117.8890412,33.8896884],[117.8868829,33.8896557]]}},{"type":"Feature","id":"way/417907180","properties":{"osm_id":417907180,"name":"京岚线","highway":"trunk","ref":"G104"},"geometry":{"type":"LineString","coordinates":[[117.8891789,33.8896872],[117.889064,33.8901118],[117.8889481,33.8906531],[117.8888357,33.8914674],[117.8887721,33.8928567],[117.8887493,33.8935739],[117.8885944,33.8990238],[117.88847,33.9022935],[117.888393,33.9057785],[117.8883896,33.9065404],[117.8884552,33.9074542],[117.8885663,33.9083679],[117.8889011,33.9099292],[117.8892652,33.9109661],[117.8894389,33.9114429]]}},{"type":"Feature","id":"way/427573230","properties":{"osm_id":427573230,"name":"振兴大道","highway":"secondary"},"geometry":{"type":"LineString","coordinates":[[118.2355476,33.9375137],[118.2355528,33.937666],[118.2355917,33.938814],[118.2355946,33.9389004],[118.2355946,33.939063],[118.2355899,33.9391589],[118.2355832,33.9392637],[118.2355026,33.9405209],[118.2354936,33.9406617],[118.2354883,33.9407441],[118.2354302,33.941718],[118.2353436,33.9430028],[118.2353339,33.9431541],[118.235324,33.9433085],[118.2353147,33.9434544],[118.2353136,33.9434692],[118.2353041,33.9436018],[118.2352916,33.9437668],[118.2351852,33.9452579],[118.2351769,33.9453556],[118.2350387,33.9470183],[118.2350261,33.9471317],[118.2349009,33.9489761],[118.2348359,33.9499344],[118.2348189,33.9501853],[118.2348142,33.9502542],[118.234808,33.9503992],[118.2347983,33.9505299],[118.2347761,33.9508281],[118.2347567,33.9510886],[118.234751,33.9511647],[118.2346659,33.9523088],[118.2346405,33.9526495],[118.234601,33.9531802],[118.2344952,33.9545635],[118.234474,33.9548405],[118.2344641,33.9549704],[118.2344578,33.9550315],[118.2344238,33.9555145],[118.2344051,33.9557791],[118.2343611,33.9564047],[118.2343368,33.9567492],[118.2343141,33.9570714],[118.2343076,33.9571636],[118.2342865,33.9574639],[118.2342753,33.9576228],[118.2342268,33.9583119],[118.2341822,33.9589443],[118.2341531,33.9593578]]}},{"type":"Feature","id":"way/427760693","properties":{"osm_id":427760693,"name":"骆马湖西路","highway":"tertiary"},"geometry":{"type":"LineString","coordinates":[[118.24,33.9663827],[118.2394223,33.9663848],[118.2393001,33.9663864],[118.2385784,33.9663961],[118.2373146,33.9664132],[118.2369759,33.9664178],[118.235631,33.966436],[118.2336936,33.9664622],[118.2335581,33.9664811],[118.23098,33.9669644],[118.2293626,33.9672677],[118.2287272,33.9673868],[118.2286682,33.9673979],[118.2285655,33.9674165],[118.2284472,33.9674421],[118.2277867,33.9675854],[118.2276702,33.9676166],[118.2254953,33.9681983],[118.2254278,33.9682164],[118.2242183,33.9685337],[118.224076,33.968571],[118.2239629,33.9686017],[118.223918,33.9686138],[118.2237823,33.9686485],[118.2236117,33.968692],[118.2218065,33.9691526],[118.2216183,33.9692048],[118.2206769,33.9694664],[118.2183826,33.9700619],[118.2182794,33.9700854],[118.2181486,33.9701197],[118.2180202,33.9701527]]}},{"type":"Feature","id":"way/427760695","properties":{"osm_id":427760695,"name":"成子湖路","highway":"tertiary"},"geometry":{"type":"LineString","coordinates":[[118.2326815,33.9639922],[118.2313032,33.9639664],[118.230466,33.9639508],[118.2303751,33.9639491],[118.2303181,33.9639507],[118.2291436,33.963983],[118.2281581,33.9640314],[118.2280378,33.9640347],[118.2273312,33.964054],[118.2264626,33.9641479],[118.2263603,33.964159],[118.2260078,33.9641971],[118.225701,33.9642407],[118.2245804,33.9643971],[118.2244525,33.964415],[118.2241163,33.9644619],[118.2230139,33.9646158],[118.2228341,33.9646423],[118.2220437,33.9647759],[118.2200622,33.9651032],[118.2199598,33.9651182],[118.2190423,33.9652524],[118.2187812,33.9652906],[118.2171461,33.9655287],[118.2170525,33.9655424],[118.2167934,33.9655801],[118.216753,33.9655862]]}},{"type":"Feature","id":"way/427760700","properties":{"osm_id":427760700,"name":"北海大道","highway":"tertiary"},"geometry":{"type":"LineString","coordinates":[[118.2236818,33.9529805],[118.2236661,33.953338],[118.2236398,33.9539356],[118.2236384,33.9539675],[118.2236335,33.954082],[118.223631,33.9541415],[118.2235751,33.9554095],[118.2235728,33.9554608],[118.2235695,33.9555371],[118.223559,33.9556917],[118.2235393,33.9559808],[118.2235044,33.9564934],[118.223479,33.9568674],[118.223365,33.9585428],[118.2233469,33.9588086],[118.2233222,33.9591714],[118.2233183,33.9592295],[118.2233124,33.9593195],[118.2233084,33.9593908],[118.2232357,33.9606863],[118.2232192,33.9609809],[118.2232154,33.9610478],[118.2232096,33.9611522],[118.2232024,33.9612793],[118.2231934,33.9614378],[118.2231886,33.9615225],[118.223184,33.9616048],[118.2231716,33.9618243],[118.2231167,33.9627971],[118.223108,33.9629507],[118.2231002,33.9630887],[118.2230348,33.9642469],[118.2230181,33.9645422],[118.2230139,33.9646158],[118.223025,33.9650935],[118.2230354,33.9655412],[118.2231277,33.9659333],[118.2231506,33.9660308],[118.2232071,33.9662709],[118.223223,33.9663125],[118.223362,33.9666753],[118.2236142,33.9673338],[118.2238792,33.9680505]]}},{"type":"Feature","id":"way/427760702","properties":{"osm_id":427760702,"name":"微山湖西路","highway":"tertiary"},"geometry":{"type":"LineString","coordinates":[[118.2343071,33.9550408],[118.23274,33.955118],[118.2318951,33.9551597],[118.231192,33.9551943],[118.2310869,33.9551995],[118.2286582,33.9553192],[118.2285343,33.9553245],[118.226143,33.9554269],[118.2259584,33.9554348],[118.2259002,33.9554373],[118.2257765,33.9554412],[118.2235695,33.9555371],[118.2234288,33.9555416],[118.2221755,33.9555987],[118.2219753,33.9556098],[118.2205975,33.9556705],[118.2204993,33.9556755],[118.2184864,33.9557772],[118.2182455,33.9557894],[118.2181126,33.9557956],[118.2177807,33.9558109],[118.217139,33.9558404],[118.2163032,33.9558789],[118.2158675,33.955899],[118.2158235,33.9559012],[118.2157051,33.955907]]}},{"type":"Feature","id":"way/427761006","properties":{"osm_id":427761006,"name":"青海湖西路","highway":"primary"},"geometry":{"type":"LineString","coordinates":[[118.24,33.9505944],[118.2397359,33.9505706],[118.2395625,33.950559],[118.2394782,33.9505534],[118.2372497,33.9504829],[118.234808,33.9503992]]}},{"type":"Feature","id":"way/427761187","properties":{"osm_id":427761187,"name":"苏宿大道","highway":"primary"},"geometry":{"type":"LineString","coordinates":[[118.20606,33.9493876],[118.2050769,33.9493937],[118.2034923,33.9493919],[118.203373,33.9493898],[118.1956703,33.9493443],[118.1956239,33.9493436],[118.1949078,33.9493447],[118.1908083,33.9493652],[118.1902852,33.9493881],[118.1887305,33.9494196],[118.1886066,33.9494222],[118.1884808,33.9494225],[118.1883253,33.9494274],[118.1820976,33.9496241],[118.1819844,33.9496256],[118.1769472,33.949694],[118.1767081,33.9497032],[118.1756784,33.9497053],[118.1754909,33.9497171],[118.1753012,33.9497275],[118.1744982,33.949738],[118.1690575,33.9499217],[118.1689593,33.949925]]}},{"type":"Feature","id":"way/427761630","properties":{"osm_id":427761630,"name":"阳明山大道","highway":"secondary"},"geometry":{"type":"LineString","coordinates":[[118.1882212,33.9396153],[118.1882816,33.9415892],[118.1883052,33.9428775],[118.1883347,33.9442111],[118.1883981,33.9460831],[118.188427,33.9465376],[118.1884364,33.946792],[118.1884397,33.946864],[118.1885158,33.9484011],[118.1885258,33.948557],[118.1885832,33.9491871],[118.1885899,33.9492672],[118.1886066,33.9494222],[118.1886251,33.9495325],[118.1887345,33.9503093],[118.188789,33.9508016],[118.1888606,33.9513262],[118.1889057,33.9517112],[118.1891759,33.9539527],[118.1894028,33.9555749],[118.1895538,33.9566549],[118.1895649,33.9567485],[118.1896771,33.9575182],[118.189769,33.9581765],[118.189958,33.9593384]]}},{"type":"Feature","id":"way/427761631","properties":{"osm_id":427761631,"name":"科苑路","highway":"tertiary"},"geometry":{"type":"LineString","coordinates":[[118.1947478,33.9263566],[118.1947528,33.9264481],[118.1947869,33.9276976],[118.1947899,33.927811],[118.1947955,33.9280147],[118.1948361,33.9292382],[118.1949308,33.9305563],[118.1949344,33.9306439],[118.1950076,33.933333],[118.1950103,33.9334345],[118.1950381,33.9344552],[118.1950585,33.9348468],[118.1950811,33.9353017],[118.1951567,33.9366898],[118.1952982,33.9393446],[118.1953018,33.9394121],[118.1952672,33.9399607]]}},{"type":"Feature","id":"way/427761632","properties":{"osm_id":427761632,"name":"古城路","highway":"secondary"},"geometry":{"type":"LineString","coordinates":[[118.1952123,33.9394139],[118.1950889,33.9394164],[118.1941995,33.9394342],[118.1930332,33.9394575],[118.1920494,33.9394907],[118.1897343,33.9395688],[118.1883278,33.9396128],[118.1882212,33.9396153],[118.1881279,33.939617],[118.1879852,33.9396208],[118.1865957,33.9396343],[118.1851539,33.9396484],[118.1846311,33.9396535],[118.1818802,33.9397152],[118.1817536,33.9397214],[118.1816584,33.939722],[118.1815389,33.9397229],[118.1801735,33.9397535],[118.1799543,33.9397584],[118.1780088,33.939802],[118.1766918,33.9398315],[118.1752875,33.9398471],[118.1751886,33.9398499]]}},{"type":"Feature","id":"way/427761957","properties":{"osm_id":427761957,"name":"苏州大道","highway":"tertiary"},"geometry":{"type":"LineString","coordinates":[[118.2061114,33.9468142],[118.2054342,33.9468171],[118.2047383,33.9468205],[118.2042352,33.9468229],[118.2034435,33.9468268],[118.2033041,33.9468275],[118.2011154,33.9468382],[118.1989291,33.9468488],[118.1976335,33.9468551],[118.1960037,33.946863],[118.1955652,33.9468618],[118.1955261,33.9468615],[118.1944949,33.9468616],[118.1885451,33.946864],[118.1884397,33.946864],[118.1883139,33.9468666],[118.1881806,33.9468686],[118.1872198,33.9468855],[118.186219,33.9469031],[118.1819444,33.9470138],[118.1818518,33.9470185],[118.1817623,33.9470213],[118.1765312,33.9471857],[118.1755388,33.9472169],[118.1753729,33.9472204],[118.175235,33.9472232],[118.1689793,33.9473522],[118.1688753,33.9473543]]}},{"type":"Feature","id":"way/427764091","properties":{"osm_id":427764091,"name":"栖霞山路","highway":"tertiary"},"geometry":{"type":"LineString","coordinates":[[118.1968554,33.9584535],[118.1968348,33.9582887],[118.1966154,33.9565363],[118.1965993,33.9564212],[118.1964985,33.9556513],[118.1963905,33.9547337],[118.1963828,33.9546443],[118.1962703,33.9537584],[118.1961499,33.9528721],[118.1960657,33.952243],[118.1959379,33.9512879],[118.1958379,33.9506323],[118.1957911,33.9503279],[118.1957758,33.9502293],[118.1957411,33.9500067],[118.1956792,33.9494257],[118.1956703,33.9493443],[118.1956659,33.9491875],[118.1956636,33.9491449],[118.1955915,33.9474916],[118.1955652,33.9468618],[118.19556,33.9467598],[118.1954858,33.9452015],[118.1954733,33.9447886],[118.1954665,33.9446393],[118.195429,33.9438425],[118.1953742,33.9426758],[118.1953389,33.9420029],[118.1952746,33.9401711],[118.1952672,33.9399607]]}},{"type":"Feature","id":"way/427764092","properties":{"osm_id":427764092,"name":"科兴路","highway":"secondary"},"geometry":{"type":"LineString","coordinates":[[118.1879139,33.9262255],[118.187912,33.9263736],[118.1879097,33.9277726],[118.1879774,33.9301638],[118.1879814,33.930255],[118.1880095,33.9314055],[118.1880128,33.9316345],[118.188072,33.9334798],[118.1881068,33.9345638],[118.1881086,33.934695],[118.1881245,33.935879],[118.1881257,33.9359684],[118.1881274,33.9360322],[118.1881715,33.9376646],[118.1881825,33.9381042],[118.1882185,33.9395482],[118.1882212,33.9396153]]}},{"type":"Feature","id":"way/427764095","properties":{"osm_id":427764095,"name":"紫金山北路","highway":"unclassified"},"geometry":{"type":"LineString","coordinates":[[118.2119357,33.9702951],[118.211882,33.9699157],[118.2118592,33.9697547],[118.2117956,33.9693057],[118.2117855,33.969235],[118.2117523,33.9690005],[118.2116934,33.9684912],[118.2116603,33.9682053],[118.2116114,33.9677827],[118.2115843,33.9675482],[118.2115589,33.9673288],[118.2114923,33.9667528],[118.2114881,33.9667149],[118.2114828,33.9666661],[118.2114464,33.9663338],[118.2114205,33.9660976],[118.2113651,33.9655928],[118.2113544,33.9654947],[118.2113266,33.9652415],[118.2113189,33.9651709],[118.2112986,33.9649855],[118.211166,33.9637763],[118.2111016,33.9631887],[118.2110485,33.9627646],[118.211048,33.9627607],[118.2110458,33.9627434],[118.2109965,33.9623488],[118.2109687,33.9621598],[118.210955,33.9620665],[118.2109413,33.9619732],[118.2108647,33.9614522],[118.210782,33.9608894]]}},{"type":"Feature","id":"way/427764096","properties":{"osm_id":427764096,"name":"紫金山路","highway":"tertiary"},"geometry":{"type":"LineString","coordinates":[[118.2097312,33.9520246],[118.209631,33.9511866],[118.2095829,33.9507849],[118.2095336,33.950373],[118.209426,33.9494737],[118.2094135,33.9493694],[118.2093945,33.9492483],[118.2093897,33.9492072],[118.2093113,33.9485309],[118.2092595,33.948106],[118.2090813,33.9466455],[118.2090676,33.9465522],[118.2089384,33.9452457],[118.2089013,33.94495],[118.2088268,33.9443643],[118.2088073,33.9442096],[118.2088024,33.9441714],[118.2087907,33.9440786],[118.2087751,33.9439554],[118.2086754,33.9431677],[118.2086048,33.94261],[118.2086023,33.9425904],[118.2085976,33.9425533],[118.2085713,33.9423456],[118.2085414,33.9421089]]}},{"type":"Feature","id":"way/427764097","properties":{"osm_id":427764097,"name":"阳澄湖路","highway":"secondary"},"geometry":{"type":"LineString","coordinates":[[118.2341588,33.9390639],[118.2332082,33.9390634],[118.2330867,33.9390633],[118.2330478,33.9390633],[118.2329977,33.9390637],[118.2329512,33.9390641],[118.2327421,33.9390597],[118.2311055,33.9390255],[118.2306491,33.9390507],[118.2298926,33.9390456],[118.2296991,33.9390464],[118.229574,33.9390489],[118.2293421,33.9390507],[118.2292327,33.939051],[118.2286267,33.9390526],[118.2283626,33.939038],[118.225789,33.9390412],[118.2255901,33.9390415],[118.2255172,33.9390408],[118.2253126,33.939039],[118.222833,33.9390164],[118.2218296,33.9390195],[118.2215912,33.9390202],[118.2214904,33.9390194]]}},{"type":"Feature","id":"way/427764098","properties":{"osm_id":427764098,"name":"东山大道","highway":"secondary"},"geometry":{"type":"LineString","coordinates":[[118.2034923,33.9493919],[118.2034984,33.9495221],[118.2035369,33.9503489],[118.2035448,33.9505181],[118.2035779,33.9512303],[118.2036086,33.9518885],[118.2036861,33.9535528],[118.2036933,33.9537072],[118.2037017,33.953888],[118.2038086,33.9561832],[118.203811,33.9562807],[118.2038387,33.957428],[118.2038519,33.9579746],[118.2038682,33.9586454]]}},{"type":"Feature","id":"way/427764099","properties":{"osm_id":427764099,"name":"东山大道","highway":"secondary"},"geometry":{"type":"LineString","coordinates":[[118.203988,33.9392294],[118.2038792,33.9399172],[118.2037472,33.9409283],[118.2037415,33.9409721],[118.2037319,33.9410474],[118.2036321,33.9418839],[118.2036067,33.9421494],[118.2035607,33.9428114],[118.2035083,33.9433915],[118.2034911,33.9436008],[118.2034768,33.9442536],[118.2034742,33.944354],[118.2034602,33.9448874],[118.2034486,33.9453286],[118.2034423,33.945569],[118.2034368,33.9457771],[118.2034436,33.9467339],[118.2034435,33.9468268],[118.2034747,33.9484531],[118.2034881,33.9491541],[118.2034894,33.9492198],[118.2034923,33.9493919]]}},{"type":"Feature","id":"way/427764100","properties":{"osm_id":427764100,"name":"科工大道","highway":"tertiary"},"geometry":{"type":"LineString","coordinates":[[118.2044009,33.9310222],[118.2043937,33.9311438],[118.2042769,33.9333337],[118.2042607,33.9336364],[118.2042493,33.9338505],[118.204223,33.9343445],[118.2042081,33.9346245],[118.2042061,33.9346617],[118.2041791,33.9351673],[118.2041772,33.9351971],[118.2041174,33.9361142],[118.2040258,33.9375182],[118.2040071,33.9378049],[118.203971,33.9383586],[118.2039185,33.9391643],[118.203988,33.9392294]]}},{"type":"Feature","id":"way/427764141","properties":{"osm_id":427764141,"name":"隆锦路","highway":"secondary"},"geometry":{"type":"LineString","coordinates":[[118.206926,33.9312225],[118.2058092,33.9311878],[118.2055246,33.9311789],[118.2044519,33.9311456],[118.2043937,33.9311438],[118.2042779,33.9311392],[118.2042162,33.9311368],[118.2030723,33.931074],[118.202939,33.9310669],[118.2024935,33.9310434],[118.2020503,33.9310199],[118.2013479,33.9309828],[118.2003384,33.9309295],[118.1997889,33.9309004],[118.1993124,33.9308752],[118.1985525,33.9308351],[118.1975965,33.9307846],[118.1968498,33.9307451],[118.1962561,33.9307137],[118.1949344,33.9306439],[118.1948256,33.9306378],[118.1933529,33.930555],[118.1915545,33.930454],[118.1901437,33.9303747],[118.1880778,33.9302586],[118.1879814,33.930255],[118.1878897,33.930251],[118.1877924,33.9302472],[118.1877774,33.9302466],[118.1867559,33.9301849],[118.1836274,33.9299894],[118.1824836,33.9299179],[118.1823987,33.9299126],[118.1823384,33.9299088],[118.1795369,33.9297397],[118.1794354,33.9297332],[118.1767135,33.9295601],[118.1765935,33.9295531],[118.1754276,33.9294871],[118.1737124,33.9293901],[118.1735052,33.9293784],[118.1724359,33.9293179],[118.1706881,33.929219],[118.1704966,33.9292179]]}},{"type":"Feature","id":"way/427957052","properties":{"osm_id":427957052,"name":"上海路","highway":"secondary"},"geometry":{"type":"LineString","coordinates":[[118.24,33.8784095],[118.2399311,33.8784126],[118.2398025,33.8784166],[118.2388634,33.878446],[118.2384196,33.8784599],[118.2382595,33.8784649],[118.2349897,33.8785672],[118.234768,33.8785741],[118.2344809,33.8785858],[118.2342391,33.8785928],[118.2338977,33.8786027],[118.2337105,33.8786081],[118.2288942,33.8787475],[118.2286193,33.8787555],[118.2265696,33.8788148],[118.2245048,33.8789127],[118.224371,33.878919],[118.2242364,33.8789237],[118.2233923,33.8789532],[118.2198919,33.8790757],[118.2190586,33.8791048],[118.2188189,33.8791132],[118.2176303,33.8791548],[118.2141572,33.8792763],[118.2121501,33.8793403],[118.2105671,33.8794085],[118.2097826,33.8794423],[118.209615,33.879446],[118.2095306,33.8794492],[118.2079701,33.879508],[118.2045553,33.8796367],[118.2030616,33.879693]]}},{"type":"Feature","id":"way/430027759","properties":{"osm_id":430027759,"name":"枣睢线","highway":"primary","ref":"S251"},"geometry":{"type":"LineString","coordinates":[[117.8702118,34.0934094],[117.8702539,34.0924961],[117.8702575,34.0921062],[117.8703241,34.0848846],[117.8706535,34.0790573],[117.870763,34.0781345],[117.8710979,34.0770873],[117.8712292,34.0767696],[117.8713835,34.0763964],[117.8770245,34.0651257],[117.8780528,34.063221],[117.8834394,34.0519559],[117.885313,34.0496842],[117.8860624,34.0483492],[117.8862966,34.046218],[117.8862523,34.0392115],[117.8862108,34.0349194],[117.885535,34.027802],[117.8852779,34.0251115],[117.8850445,34.0229387],[117.884844,34.0210484],[117.8845704,34.0182899],[117.8840339,34.0128535],[117.8836036,34.0074167],[117.8823399,33.9904102],[117.882227,33.9888537],[117.8818291,33.9841557],[117.8814792,33.97877],[117.8814735,33.9786921],[117.881074,33.973241],[117.8808938,33.9707823],[117.8808043,33.9695208],[117.8804277,33.9643267],[117.8802314,33.9614927],[117.8795971,33.9524526],[117.8791812,33.9467042],[117.8789257,33.9432913],[117.8784514,33.9378236],[117.8782311,33.9352119],[117.8781406,33.9341568],[117.8780884,33.9334786],[117.8780797,33.9333659],[117.8779028,33.9314294],[117.8772598,33.924775],[117.876529,33.9168261],[117.8764746,33.9160791],[117.876397,33.9151597],[117.8764177,33.9150534]]}},{"type":"Feature","id":"way/430027780","properties":{"osm_id":430027780,"name":"枣睢线","highway":"primary","ref":"S251"},"geometry":{"type":"LineString","coordinates":[[117.8765886,33.9150587],[117.8765589,33.9151668],[117.8766175,33.9157051],[117.876655,33.9162006],[117.8766504,33.9169306],[117.8773653,33.9247017],[117.8773723,33.9247767],[117.8779947,33.9314304],[117.8782024,33.9333693],[117.8782113,33.9334843],[117.8783439,33.9351966],[117.878578,33.9378169],[117.8787605,33.9401705],[117.879026,33.9432874],[117.879281,33.9466901],[117.879712,33.9524341],[117.8803544,33.9614967],[117.8805346,33.9643203],[117.8809069,33.9695234],[117.8809801,33.9705249],[117.8811836,33.9732376],[117.8815173,33.9780629],[117.8815603,33.9786851],[117.8815655,33.9787604],[117.8815998,33.9792354],[117.8819544,33.984152],[117.882337,33.9888548],[117.882412,33.9898315],[117.8837304,34.0074362],[117.8841648,34.0128779],[117.8847189,34.0182987],[117.8849762,34.0210791],[117.8851479,34.0229253],[117.8856639,34.0277819],[117.8863157,34.0349105],[117.8863502,34.0392699],[117.8863667,34.0462207],[117.8861311,34.0483646],[117.8853741,34.049713],[117.8835017,34.0519833],[117.8781177,34.0632429],[117.8771399,34.0651413],[117.8714848,34.0764388],[117.8713291,34.0768003],[117.8711874,34.0771296],[117.8708776,34.0781407],[117.8707502,34.0790717],[117.8703942,34.0848861],[117.8703276,34.0921054],[117.870324,34.0924975],[117.8702814,34.0934207]]}},{"type":"Feature","id":"way/434332274","properties":{"osm_id":434332274,"name":"沈阳北路","highway":"tertiary"},"geometry":{"type":"LineString","coordinates":[[117.9113955,33.9114948],[117.9114183,33.9113819],[117.9122772,33.9090374],[117.9127577,33.9075248],[117.9145861,33.9024743],[117.9152906,33.9004814]]}},{"type":"Feature","id":"way/434333315","properties":{"osm_id":434333315,"name":"复兴路","highway":"tertiary"},"geometry":{"type":"LineString","coordinates":[[117.8384554,34.22],[117.837982,34.2190129]]}},{"type":"Feature","id":"way/434336625","properties":{"osm_id":434336625,"name":"复兴路","highway":"tertiary"},"geometry":{"type":"LineString","coordinates":[[117.7941072,33.7689505],[117.793433,33.7644933],[117.7932778,33.7634675],[117.7929342,33.7612912]]}},{"type":"Feature","id":"way/434336626","properties":{"osm_id":434336626,"name":"府前西街","highway":"tertiary"},"geometry":{"type":"LineString","coordinates":[[117.7735314,33.7705737],[117.7777675,33.7701621],[117.7797826,33.7699663]]}},{"type":"Feature","id":"way/434336627","properties":{"osm_id":434336627,"name":"新胜北街","highway":"tertiary"},"geometry":{"type":"LineString","coordinates":[[117.7829663,33.7617871],[117.7830425,33.7649794],[117.783064,33.7667409],[117.7830103,33.7675168],[117.7828816,33.7681991],[117.7825899,33.7699663],[117.7822164,33.7719761]]}},{"type":"Feature","id":"way/434336628","properties":{"osm_id":434336628,"name":"武昌路","highway":"tertiary"},"geometry":{"type":"LineString","coordinates":[[117.7890557,33.7614853],[117.7894194,33.7647328],[117.7899404,33.7692865],[117.7904776,33.773354],[117.7908155,33.7760428],[117.7909228,33.7766894]]}},{"type":"Feature","id":"way/434336629","properties":{"osm_id":434336629,"name":"金陵路","highway":"tertiary"},"geometry":{"type":"LineString","coordinates":[[117.7724852,33.7654259],[117.7763262,33.7652804],[117.7790235,33.765155],[117.7806339,33.7651154],[117.7830425,33.7649794],[117.785596,33.7649236],[117.786239,33.7648922],[117.7874252,33.7648344],[117.7894194,33.7647328],[117.793433,33.7644933]]}},{"type":"Feature","id":"way/434336630","properties":{"osm_id":434336630,"name":"青年路","highway":"tertiary"},"geometry":{"type":"LineString","coordinates":[[117.7754084,33.7621646],[117.7759507,33.7639826],[117.7763262,33.7652804],[117.776705,33.7665676],[117.777029,33.7676684],[117.7774947,33.7692411],[117.7777675,33.7701621]]}},{"type":"Feature","id":"way/434698097","properties":{"osm_id":434698097,"highway":"primary","ref":"S414"},"geometry":{"type":"LineString","coordinates":[[118.1033256,33.7298947],[118.1034769,33.7325028],[118.1038561,33.7357837],[118.1041987,33.73876],[118.1047039,33.7420685],[118.105146,33.7437564],[118.1069323,33.7505379],[118.107092,33.7508227],[118.1072834,33.7509871],[118.1076279,33.7511197],[118.1080106,33.7511833],[118.1084636,33.7511674],[118.1135543,33.7502922],[118.1179115,33.7494064],[118.1182815,33.749364],[118.1186579,33.749417],[118.1189832,33.7495337],[118.119283,33.7497512],[118.124897,33.755009]]}},{"type":"Feature","id":"way/464269716","properties":{"osm_id":464269716,"highway":"secondary"},"geometry":{"type":"LineString","coordinates":[[117.9443995,33.8916832],[117.944413,33.8915117],[117.9442909,33.8891487],[117.9442854,33.8890418]]}},{"type":"Feature","id":"way/464269718","properties":{"osm_id":464269718,"highway":"secondary"},"geometry":{"type":"LineString","coordinates":[[117.9443928,33.891879],[117.9443995,33.8916832]]}},{"type":"Feature","id":"way/464269796","properties":{"osm_id":464269796,"highway":"primary"},"geometry":{"type":"LineString","coordinates":[[117.9485022,33.8997707],[117.9483569,33.8997606],[117.9477987,33.8997415],[117.9461423,33.8997793],[117.9457991,33.8997872],[117.9449592,33.8998064],[117.9443152,33.8998211],[117.9442357,33.8998224],[117.9433417,33.8998368],[117.9425264,33.8998499],[117.9423471,33.8998521]]}},{"type":"Feature","id":"way/464269801","properties":{"osm_id":464269801,"name":"元府西路","highway":"primary"},"geometry":{"type":"LineString","coordinates":[[117.9339141,33.8999855],[117.9337075,33.8999868],[117.9315701,33.9000008],[117.9302775,33.8998851],[117.9301081,33.8998699],[117.9297563,33.8998384],[117.9280798,33.8997268],[117.9279932,33.8997211],[117.9266951,33.8996347],[117.925916,33.8995828],[117.9251182,33.8996628],[117.9246595,33.8998043],[117.9244822,33.8998589],[117.9221214,33.9010675],[117.9211233,33.9015784]]}},{"type":"Feature","id":"way/464269803","properties":{"osm_id":464269803,"highway":"primary"},"geometry":{"type":"LineString","coordinates":[[117.9423471,33.8998521],[117.9420564,33.8998565]]}},{"type":"Feature","id":"way/464269806","properties":{"osm_id":464269806,"highway":"secondary"},"geometry":{"type":"LineString","coordinates":[[117.9442829,33.9022094],[117.9442807,33.9024446]]}},{"type":"Feature","id":"way/464269808","properties":{"osm_id":464269808,"highway":"secondary"},"geometry":{"type":"LineString","coordinates":[[117.9443911,33.8971778],[117.9443521,33.8983968],[117.9443152,33.8998211],[117.944307,33.9006868],[117.9442982,33.9016192],[117.944287,33.9020898],[117.9442843,33.9021512],[117.9442829,33.9022094]]}},{"type":"Feature","id":"way/464271047","properties":{"osm_id":464271047,"name":"汇金路","highway":"tertiary"},"geometry":{"type":"LineString","coordinates":[[117.941979,33.9255621],[117.9421064,33.9255708],[117.9530221,33.9257044],[117.9531536,33.9257053],[117.9536235,33.9257084],[117.9538212,33.9257098],[117.954205,33.9258463],[117.9558382,33.9262319],[117.9566946,33.9263507],[117.9717464,33.926469],[117.979061,33.9265431]]}},{"type":"Feature","id":"way/464275929","properties":{"osm_id":464275929,"name":"京岚线","highway":"trunk","ref":"G104"},"geometry":{"type":"LineString","coordinates":[[117.8866412,33.915],[117.8875036,33.9149169],[117.8884595,33.9147353],[117.8891841,33.9145484],[117.8898214,33.9143041],[117.8906161,33.9139994],[117.8907414,33.9139563]]}},{"type":"Feature","id":"way/464275930","properties":{"osm_id":464275930,"name":"京岚线","highway":"trunk","ref":"G104"},"geometry":{"type":"LineString","coordinates":[[117.8861891,33.9150435],[117.8866412,33.915]]}},{"type":"Feature","id":"way/464275931","properties":{"osm_id":464275931,"name":"京岚线","highway":"trunk","ref":"G104"},"geometry":{"type":"LineString","coordinates":[[117.8866238,33.9151504],[117.8862096,33.9151903]]}},{"type":"Feature","id":"way/464275932","properties":{"osm_id":464275932,"name":"京岚线","highway":"trunk","ref":"G104"},"geometry":{"type":"LineString","coordinates":[[117.8908187,33.9140937],[117.8906926,33.9141444],[117.8898427,33.9144299],[117.8892844,33.9146343],[117.8885946,33.914815],[117.8880284,33.9149438],[117.8874841,33.9150406],[117.8866238,33.9151504]]}},{"type":"Feature","id":"way/464275939","properties":{"osm_id":464275939,"name":"永昶路","highway":"secondary"},"geometry":{"type":"LineString","coordinates":[[117.9410359,33.922433],[117.9425093,33.9224429],[117.9426543,33.9224452],[117.9486716,33.9225593],[117.9525395,33.92252],[117.9534636,33.9223433],[117.9540448,33.9221688]]}},{"type":"Feature","id":"way/464275940","properties":{"osm_id":464275940,"highway":"secondary"},"geometry":{"type":"LineString","coordinates":[[117.9405372,33.9224279],[117.9410359,33.922433]]}},{"type":"Feature","id":"way/464281654","properties":{"osm_id":464281654,"highway":"secondary"},"geometry":{"type":"LineString","coordinates":[[117.7491269,34.0868628],[117.7473781,34.086765],[117.7462837,34.0866229],[117.7398522,34.085265],[117.7391333,34.0851673],[117.7378351,34.0851228],[117.7361507,34.0850873],[117.7348847,34.0849896],[117.7295418,34.0840388],[117.7268003,34.0835333]]}},{"type":"Feature","id":"way/464281656","properties":{"osm_id":464281656,"highway":"secondary"},"geometry":{"type":"LineString","coordinates":[[117.7500281,34.0868983],[117.7491269,34.0868628]]}},{"type":"Feature","id":"way/464281657","properties":{"osm_id":464281657,"highway":"secondary"},"geometry":{"type":"LineString","coordinates":[[117.8212683,34.0661938],[117.8245391,34.0661261],[117.8274523,34.0660248],[117.8323395,34.0659113],[117.8385717,34.0657953],[117.8756328,34.0651052],[117.8768931,34.0651057],[117.8770245,34.0651257],[117.8771399,34.0651413]]}},{"type":"Feature","id":"way/464281659","properties":{"osm_id":464281659,"highway":"secondary"},"geometry":{"type":"LineString","coordinates":[[117.8212683,34.0661938],[117.8179439,34.0662984],[117.8053496,34.0666091],[117.7891516,34.0665767],[117.7840064,34.0665061],[117.7832858,34.0664962],[117.7798203,34.0663629],[117.7760867,34.0661495],[117.7741877,34.0660873],[117.77275,34.0662029],[117.7711836,34.0664251],[117.7697781,34.0668783],[117.7688018,34.067376],[117.7678255,34.0682026],[117.7672676,34.0688514],[117.766581,34.0697401],[117.7661411,34.0705222],[117.7646179,34.0749585],[117.7644781,34.0753656],[117.7640785,34.0769829],[117.763534,34.0791868],[117.7632979,34.0801731],[117.7630619,34.0809462],[117.7624182,34.082288],[117.7610556,34.0849449],[117.7604226,34.0860645],[117.7603161,34.0862165],[117.7601582,34.0863338],[117.7599643,34.0864052],[117.7598435,34.0864157],[117.7597533,34.0864235],[117.7595458,34.0863871],[117.7573988,34.0860453],[117.7563152,34.0859831],[117.7557466,34.0860275],[117.7526352,34.0867828],[117.7517554,34.0869516],[117.7500281,34.0868983]]}},{"type":"Feature","id":"way/464281668","properties":{"osm_id":464281668,"name":"淮徐高速","highway":"motorway","ref":"G2513"},"geometry":{"type":"LineString","coordinates":[[117.8630176,33.9852104],[117.8617529,33.9860392]]}},{"type":"Feature","id":"way/464281669","properties":{"osm_id":464281669,"name":"淮徐高速","highway":"motorway","ref":"G2513"},"geometry":{"type":"LineString","coordinates":[[117.8729225,33.979159],[117.8705688,33.9804245],[117.8693462,33.9811211],[117.8659264,33.9832855]]}},{"type":"Feature","id":"way/464281670","properties":{"osm_id":464281670,"name":"淮徐高速","highway":"motorway","ref":"G2513"},"geometry":{"type":"LineString","coordinates":[[117.8659258,33.9831174],[117.869278,33.9810284],[117.8704777,33.9803388],[117.8727499,33.9791088]]}},{"type":"Feature","id":"way/464281671","properties":{"osm_id":464281671,"name":"淮徐高速","highway":"motorway","ref":"G2513"},"geometry":{"type":"LineString","coordinates":[[117.8615664,33.9860141],[117.8628287,33.9851774]]}},{"type":"Feature","id":"way/464281702","properties":{"osm_id":464281702,"highway":"primary"},"geometry":{"type":"LineString","coordinates":[[117.9842175,33.9030858],[117.9862513,33.9033344],[117.9883269,33.9036028],[117.9886691,33.903637],[117.9907594,33.9038464],[117.9922227,33.9039872],[117.9966604,33.9045187],[117.999004,33.9047945],[118.0068183,33.9057637],[118.0078375,33.9058829]]}},{"type":"Feature","id":"way/464281703","properties":{"osm_id":464281703,"highway":"primary"},"geometry":{"type":"LineString","coordinates":[[117.9838008,33.9030374],[117.9842175,33.9030858]]}},{"type":"Feature","id":"way/464281704","properties":{"osm_id":464281704,"highway":"primary"},"geometry":{"type":"LineString","coordinates":[[117.984211,33.9031716],[117.9837388,33.9031253]]}},{"type":"Feature","id":"way/464281705","properties":{"osm_id":464281705,"highway":"primary"},"geometry":{"type":"LineString","coordinates":[[118.007826,33.9059798],[118.006886,33.9058701],[117.9989961,33.9049198],[117.99734,33.9047214],[117.9923086,33.9041187],[117.9921807,33.9041055],[117.9907431,33.9039567],[117.9887065,33.9037527],[117.9883338,33.9037154],[117.9862386,33.9034296],[117.984211,33.9031716]]}},{"type":"Feature","id":"way/464281714","properties":{"osm_id":464281714,"name":"元府东路","highway":"primary"},"geometry":{"type":"LineString","coordinates":[[117.9626951,33.901684],[117.9628715,33.9016908],[117.9689319,33.9021169],[117.9729472,33.9023761],[117.9780725,33.9026814],[117.9782473,33.9026937],[117.9784162,33.9026573],[117.9786246,33.9025671],[117.9788046,33.9024734]]}},{"type":"Feature","id":"way/464281715","properties":{"osm_id":464281715,"highway":"secondary_link"},"geometry":{"type":"LineString","coordinates":[[117.9782519,33.9031093],[117.9782648,33.9030185],[117.9782338,33.902911],[117.9780583,33.9027489]]}},{"type":"Feature","id":"way/464281718","properties":{"osm_id":464281718,"name":"乐园北路","highway":"secondary"},"geometry":{"type":"LineString","coordinates":[[117.9716439,33.931667],[117.9717419,33.9296593],[117.9717267,33.9272799],[117.9717464,33.926469],[117.9718555,33.9219679],[117.9720606,33.9170408],[117.9721418,33.9145876],[117.9721899,33.9127145],[117.9722074,33.9120353],[117.9722092,33.9119443]]}},{"type":"Feature","id":"way/464281747","properties":{"osm_id":464281747,"name":"淮徐高速","highway":"motorway","ref":"G2513"},"geometry":{"type":"LineString","coordinates":[[118.0536218,33.9319662],[118.0529726,33.9320179]]}},{"type":"Feature","id":"way/464281749","properties":{"osm_id":464281749,"name":"淮徐高速","highway":"motorway","ref":"G2513"},"geometry":{"type":"LineString","coordinates":[[118.1506039,33.900168],[118.149325,33.9006927],[118.1466195,33.9017449],[118.1442836,33.9025168],[118.1439958,33.9026027]]}},{"type":"Feature","id":"way/464281752","properties":{"osm_id":464281752,"name":"淮徐高速","highway":"motorway","ref":"G2513"},"geometry":{"type":"LineString","coordinates":[[118.0624638,33.9306361],[118.06459,33.93017],[118.06722,33.9295],[118.06834,33.92919],[118.07017,33.9286],[118.07383,33.92729],[118.07563,33.92655],[118.0774,33.92578],[118.07842,33.92529],[118.08045,33.92424],[118.08235,33.92318],[118.09478,33.91558],[118.09572,33.91504],[118.09871,33.91344],[118.10012,33.91277],[118.10277,33.91161],[118.10515,33.91067],[118.10796,33.90976],[118.11005,33.90915],[118.1131,33.90837],[118.11527,33.90789],[118.11689,33.90757],[118.12073,33.907],[118.1217522,33.9068245]]}},{"type":"Feature","id":"way/464281753","properties":{"osm_id":464281753,"name":"淮徐高速","highway":"motorway","ref":"G2513"},"geometry":{"type":"LineString","coordinates":[[118.0529327,33.9319173],[118.0535771,33.931866]]}},{"type":"Feature","id":"way/464281754","properties":{"osm_id":464281754,"name":"睢皂线","highway":"secondary"},"geometry":{"type":"LineString","coordinates":[[118.031476,33.9111783],[118.0315167,33.9112797],[118.0315864,33.9113696],[118.0316808,33.9114423],[118.0323917,33.9117934],[118.0342059,33.9125967],[118.0355577,33.9130686],[118.0364427,33.9132604],[118.0372422,33.9134336],[118.042156,33.9144219],[118.0423032,33.9144441],[118.0424332,33.9145059],[118.0425308,33.9146],[118.0425851,33.9147157],[118.0428558,33.9151961],[118.0429641,33.9153883],[118.0439799,33.9171909],[118.0450138,33.9181113],[118.0465789,33.920376],[118.0476361,33.9225876],[118.0478556,33.9230468],[118.0482633,33.923768],[118.0488534,33.9243733],[118.0496688,33.9251033],[118.0507953,33.9266078],[118.0515892,33.927685],[118.0518219,33.9282677],[118.052498,33.9305484],[118.0528165,33.9311612],[118.0531212,33.9317189],[118.0537672,33.9329193],[118.054486,33.9337472],[118.055175,33.9351721],[118.0557515,33.9374632],[118.0559791,33.9390367],[118.0562067,33.9394521],[118.0573295,33.9410633],[118.0583532,33.9434413],[118.0584675,33.9437067],[118.0593627,33.9458591],[118.0599981,33.9471428],[118.0600991,33.9473901],[118.060273,33.9478603],[118.0609971,33.952497]]}},{"type":"Feature","id":"way/464281756","properties":{"osm_id":464281756,"highway":"secondary"},"geometry":{"type":"LineString","coordinates":[[118.0310012,33.906197],[118.0310105,33.9062944],[118.0311865,33.9081412],[118.031476,33.9111783]]}},{"type":"Feature","id":"way/497451903","properties":{"osm_id":497451903,"name":"宿城大道","highway":"primary","ref":"S250;S324"},"geometry":{"type":"LineString","coordinates":[[118.1504225,33.9860501],[118.1506026,33.9864388],[118.1506919,33.9866225],[118.151212,33.9875878],[118.1520552,33.9890879],[118.152508,33.9898386],[118.1531491,33.9909651],[118.1533629,33.9913409],[118.1543141,33.9929716],[118.1544435,33.9932003],[118.1549364,33.9940709],[118.1557489,33.9954471],[118.1560862,33.9960184],[118.1575196,33.9984585],[118.1576049,33.9985708]]}},{"type":"Feature","id":"way/497451904","properties":{"osm_id":497451904,"name":"永茂路","highway":"tertiary"},"geometry":{"type":"LineString","coordinates":[[118.1523712,33.9842107],[118.1524006,33.9842655],[118.1527551,33.9849568],[118.1528961,33.9852347],[118.1529571,33.985354],[118.1533364,33.9860959],[118.1534381,33.986295],[118.1535093,33.9864342],[118.1535507,33.9865174],[118.1536074,33.9866217],[118.1536862,33.9867668],[118.1539515,33.9872551],[118.1543714,33.9880279],[118.1548659,33.9889379]]}},{"type":"Feature","id":"way/497451905","properties":{"osm_id":497451905,"name":"关公庙路","highway":"unclassified"},"geometry":{"type":"LineString","coordinates":[[118.1690661,33.9760085],[118.1696116,33.9769305],[118.1702618,33.9780297],[118.1705875,33.9785874],[118.1706066,33.9786202],[118.170783,33.9789635],[118.171107,33.9795116],[118.171315,33.9798636],[118.1714617,33.9801118],[118.1716481,33.9804272],[118.1717517,33.9806079],[118.1717875,33.9806704]]}},{"type":"Feature","id":"way/497451910","properties":{"osm_id":497451910,"name":"盛鑫路","highway":"unclassified"},"geometry":{"type":"LineString","coordinates":[[118.1596084,33.987098],[118.1630036,33.9858106],[118.1630317,33.9858],[118.1630762,33.9857831],[118.1650399,33.9850494],[118.1667051,33.9844272],[118.1672875,33.9841874],[118.167798,33.9840827],[118.1683167,33.9838792],[118.1712185,33.982741],[118.1719579,33.9824647],[118.1727088,33.9821842]]}},{"type":"Feature","id":"way/501291023","properties":{"osm_id":501291023,"name":"德胜街","highway":"tertiary"},"geometry":{"type":"LineString","coordinates":[[118.1861354,33.9085897],[118.1863243,33.907898],[118.1863602,33.9077664],[118.186398,33.9076283],[118.1864767,33.9073399],[118.186609,33.9068556],[118.186981,33.9054936],[118.1874855,33.9037343],[118.1875113,33.9036443],[118.187819,33.9024389],[118.1881545,33.9011245],[118.1883978,33.9001714],[118.1885627,33.8995509],[118.1888417,33.8985015]]}},{"type":"Feature","id":"way/501291025","properties":{"osm_id":501291025,"name":"利民街","highway":"residential"},"geometry":{"type":"LineString","coordinates":[[118.1772577,33.9104315],[118.1773312,33.9103527],[118.1784425,33.9091624],[118.1790016,33.9085771],[118.1793719,33.9081893],[118.1795403,33.908013],[118.1800032,33.9075063],[118.1802243,33.9072643]]}},{"type":"Feature","id":"way/501291026","properties":{"osm_id":501291026,"name":"耿车街","highway":"residential"},"geometry":{"type":"LineString","coordinates":[[118.1793934,33.9119512],[118.1794316,33.9119098],[118.1794535,33.911886],[118.1803086,33.910958],[118.1808496,33.9103709],[118.1810624,33.9101287],[118.181877,33.9092017],[118.1820409,33.9090153],[118.1822195,33.9088121],[118.1822539,33.9087729],[118.1825923,33.9083878],[118.1827859,33.9081675],[118.1830273,33.9078928]]}},{"type":"Feature","id":"way/501291027","properties":{"osm_id":501291027,"name":"兴盛街","highway":"residential"},"geometry":{"type":"LineString","coordinates":[[118.1750693,33.9074324],[118.1751717,33.9074868],[118.1762688,33.9080357],[118.1765953,33.908199],[118.1769186,33.9083676],[118.1773752,33.9086058],[118.1784425,33.9091624],[118.1808496,33.9103709],[118.1815223,33.9107124],[118.1818247,33.9108659],[118.1825888,33.9112537],[118.1840762,33.9120086],[118.1845251,33.9121631],[118.1848419,33.9122572],[118.1864189,33.9127258]]}},{"type":"Feature","id":"way/501291536","properties":{"osm_id":501291536,"name":"通达大道","highway":"tertiary"},"geometry":{"type":"LineString","coordinates":[[118.2207459,33.9528643],[118.2207446,33.9528898],[118.2206894,33.9539555],[118.2206859,33.9540228],[118.2206834,33.9540706],[118.2206662,33.954403],[118.2206474,33.9547499],[118.2206023,33.9555813],[118.2205975,33.9556705],[118.2205871,33.9558263],[118.2205439,33.9564624],[118.2205374,33.9565668],[118.220467,33.9576131],[118.2204598,33.9577213],[118.2204439,33.9579586],[118.2203653,33.9591345],[118.2203591,33.9592275],[118.2203551,33.9592855],[118.2203538,33.9593506],[118.2203209,33.9600443],[118.220281,33.9608838],[118.2202775,33.9609573],[118.2202723,33.9610658],[118.2202675,33.9611893],[118.2202588,33.9613528],[118.2202566,33.9613949],[118.2201952,33.9625498],[118.2201887,33.9626731],[118.2200635,33.9650291],[118.2200622,33.9651032]]}},{"type":"Feature","id":"way/501291537","properties":{"osm_id":501291537,"name":"红海大道","highway":"secondary"},"geometry":{"type":"LineString","coordinates":[[118.2290001,33.9501034],[118.2289928,33.9502052],[118.2289823,33.9503508],[118.2288986,33.9515142],[118.2288955,33.9515576],[118.2288907,33.9516251],[118.2288075,33.9527811],[118.2288023,33.9528539],[118.2287411,33.9538936],[118.2287389,33.9539391],[118.2287335,33.9540222],[118.2286611,33.9552546],[118.2286582,33.9553192],[118.2285782,33.9565407],[118.228557,33.956878],[118.2285158,33.9575348],[118.2285039,33.9577236],[118.2285002,33.9577832],[118.2284973,33.9578291],[118.2284061,33.9592806]]}},{"type":"Feature","id":"way/501291538","properties":{"osm_id":501291538,"name":"东海大道","highway":"tertiary"},"geometry":{"type":"LineString","coordinates":[[118.2397359,33.9505706],[118.2397322,33.9506838],[118.239715,33.9512031],[118.2397014,33.951631],[118.2396827,33.9523],[118.2396781,33.9524644],[118.2396404,33.953816],[118.239615,33.9547252],[118.2396137,33.954793],[118.2396087,33.9557155],[118.2396066,33.9561056],[118.239606,33.9562134],[118.2396056,33.9562813],[118.2396044,33.9565128],[118.2396026,33.9568419],[118.2396024,33.9568819],[118.2395941,33.9584055],[118.2395935,33.9585196]]}},{"type":"Feature","id":"way/501294214","properties":{"osm_id":501294214,"name":"苏州西路","highway":"secondary"},"geometry":{"type":"LineString","coordinates":[[118.2171394,33.907522],[118.2166776,33.9075551],[118.2155603,33.9076352],[118.2152782,33.9076587],[118.2147562,33.9077023],[118.2146158,33.907714],[118.2144483,33.9077279],[118.2139928,33.9077659],[118.2131863,33.9078302],[118.2111387,33.907995],[118.210765,33.9080245],[118.2106639,33.9080361],[118.2102242,33.9080774],[118.2097435,33.9081226],[118.2086378,33.9082265],[118.2070906,33.9083718],[118.2068946,33.9083866],[118.2066077,33.9084083],[118.2050382,33.9085268],[118.2045367,33.9085647],[118.2027479,33.9086998],[118.2012285,33.9088146],[118.2005882,33.908863]]}},{"type":"Feature","id":"way/501294215","properties":{"osm_id":501294215,"name":"苏州西路","highway":"secondary"},"geometry":{"type":"LineString","coordinates":[[118.2005968,33.9087086],[118.2012018,33.9086599],[118.20273,33.9085369],[118.2028204,33.9085296],[118.2030798,33.9085088],[118.2050212,33.9083526],[118.2068676,33.908204],[118.2070664,33.908188],[118.2097249,33.9079638],[118.2099768,33.9079426],[118.210656,33.9078853],[118.2107651,33.9078564],[118.211235,33.9078181],[118.213184,33.9076594],[118.2144266,33.9075582],[118.2145934,33.9075446],[118.2147413,33.9075325],[118.2158037,33.907446],[118.2166563,33.9073848],[118.2171294,33.9073509]]}},{"type":"Feature","id":"way/501294492","properties":{"osm_id":501294492,"name":"宿迁大道","highway":"primary","ref":"S324"},"geometry":{"type":"LineString","coordinates":[[118.2251893,33.9813063],[118.2266144,33.9809245],[118.2271694,33.980799],[118.227422,33.9807474],[118.2274916,33.9807331],[118.2294818,33.9804628],[118.2295239,33.9804571],[118.2314139,33.9802078],[118.2320402,33.9801252],[118.2336067,33.97991],[118.2337351,33.9798924],[118.2343136,33.979813],[118.2349913,33.9797199],[118.2352696,33.9796817],[118.2360926,33.9795687],[118.2362555,33.9795418],[118.2364627,33.9795172],[118.2370576,33.9794361],[118.2389854,33.9791732],[118.24,33.9790348]]}},{"type":"Feature","id":"way/501294493","properties":{"osm_id":501294493,"name":"宿迁大道","highway":"primary","ref":"S324"},"geometry":{"type":"LineString","coordinates":[[118.24,33.9791845],[118.2390335,33.9793142],[118.2390095,33.9793173],[118.2375079,33.979512],[118.2374653,33.9795175],[118.2372651,33.9795434],[118.2347078,33.9798895],[118.2339273,33.9799951],[118.2336298,33.9800349],[118.2326675,33.9801637],[118.2316344,33.9803019],[118.2306326,33.9804422],[118.2295049,33.9806002],[118.2292276,33.980639],[118.2276417,33.9808623],[118.2274932,33.9808863],[118.2267477,33.9810301],[118.2260932,33.9811987],[118.2252332,33.9814469]]}},{"type":"Feature","id":"way/505197926","properties":{"osm_id":505197926,"highway":"motorway_link"},"geometry":{"type":"LineString","coordinates":[[117.6374423,34.0289677],[117.6372645,34.0288895],[117.6371356,34.0287924],[117.6370353,34.0286728],[117.6369749,34.0285413],[117.6369555,34.0284245],[117.6369763,34.0282769],[117.6370282,34.0281275],[117.6373153,34.0277525],[117.637597,34.0274299],[117.6377315,34.0272271],[117.6378212,34.0270367],[117.6378787,34.026806],[117.6378894,34.0265882],[117.6378827,34.0263981]]}},{"type":"Feature","id":"way/505197929","properties":{"osm_id":505197929,"highway":"motorway_link"},"geometry":{"type":"LineString","coordinates":[[117.6394138,34.0313001],[117.6384261,34.0284125],[117.6383308,34.0282171],[117.6382205,34.0280806],[117.6380978,34.0279683],[117.6378927,34.0278871],[117.6376942,34.0278647],[117.6375219,34.0278825],[117.637365,34.0279368],[117.6372081,34.0280345],[117.6370985,34.0281787],[117.6370516,34.028294],[117.6370254,34.0284344],[117.6370591,34.0285935],[117.6371574,34.0287336],[117.6372558,34.0288056],[117.6374756,34.028913]]}},{"type":"Feature","id":"way/505197932","properties":{"osm_id":505197932,"highway":"motorway_link"},"geometry":{"type":"LineString","coordinates":[[117.6407969,34.0269414],[117.6407955,34.027371],[117.6407602,34.0275884],[117.6406985,34.027804],[117.6405833,34.0280482],[117.6403808,34.0283424],[117.6400546,34.0286892],[117.639804,34.0288947],[117.6395904,34.0291186],[117.6394524,34.0293347],[117.6393643,34.0295547],[117.6393172,34.0298033],[117.6393253,34.0300511],[117.639537,34.0312145]]}},{"type":"Feature","id":"way/505197935","properties":{"osm_id":505197935,"highway":"motorway_link"},"geometry":{"type":"LineString","coordinates":[[117.6382019,34.0263303],[117.6385924,34.0273787],[117.6386953,34.0275598],[117.6388088,34.0277247],[117.6389397,34.0278598],[117.639089,34.0279642],[117.6392513,34.028036],[117.6394435,34.0280807],[117.6396145,34.028099],[117.6397972,34.0280888],[117.6399362,34.0280596],[117.6400725,34.0280106],[117.6402128,34.0279313],[117.6403426,34.0278367],[117.6404868,34.0276681],[117.6406879,34.0271383]]}},{"type":"Feature","id":"way/538403035","properties":{"osm_id":538403035,"name":"通湖大道","highway":"primary","ref":"S250"},"geometry":{"type":"LineString","coordinates":[[118.2113077,33.9261892],[118.2112824,33.9257862],[118.2112728,33.9256323],[118.2111686,33.9227681],[118.2110825,33.9204032],[118.211071,33.9200832],[118.2109927,33.9176288],[118.2109788,33.9171941],[118.210965,33.9167605],[118.2109149,33.9151915],[118.2108321,33.9130086],[118.2107808,33.9114676],[118.2107246,33.9098807],[118.2107203,33.9097604],[118.2106722,33.9084035],[118.210671,33.9083486],[118.2106639,33.9080361],[118.210656,33.9078853],[118.2106463,33.9075086],[118.2106292,33.906843],[118.2106258,33.9067498],[118.2105111,33.9035634],[118.2105025,33.9033251],[118.2104304,33.9012796],[118.2104086,33.9006626],[118.2103465,33.898845],[118.2103402,33.8986606],[118.2103349,33.8985053],[118.2103038,33.8976522],[118.2102464,33.8960808],[118.2101712,33.8939391],[118.2101495,33.8936421],[118.2101199,33.8932381],[118.2101129,33.8931424],[118.2101056,33.893043]]}},{"type":"Feature","id":"way/538405150","properties":{"osm_id":538405150,"name":"通湖大道","highway":"primary_link"},"geometry":{"type":"LineString","coordinates":[[118.2366714,33.999672],[118.2369867,33.9999332],[118.2374004,34.0002412],[118.2378257,34.0005276],[118.2382061,34.0008194],[118.2384137,34.0010078]]}},{"type":"Feature","id":"way/538405152","properties":{"osm_id":538405152,"name":"引湖运河大桥","highway":"primary"},"geometry":{"type":"LineString","coordinates":[[118.2359538,33.9987978],[118.2274881,33.9856767]]}},{"type":"Feature","id":"way/538405158","properties":{"osm_id":538405158,"name":"通湖大道","highway":"primary"},"geometry":{"type":"LineString","coordinates":[[118.2193489,33.9729404],[118.2189163,33.9721297]]}},{"type":"Feature","id":"way/538405161","properties":{"osm_id":538405161,"name":"通湖大道","highway":"primary"},"geometry":{"type":"LineString","coordinates":[[118.2274881,33.9856767],[118.2264764,33.9841365],[118.2263106,33.9838841],[118.2258081,33.983112],[118.2250857,33.982002],[118.2249427,33.9817823],[118.2247965,33.9815718],[118.224707,33.9814429],[118.2246574,33.9813676],[118.2246132,33.9813004]]}},{"type":"Feature","id":"way/538405164","properties":{"osm_id":538405164,"name":"通湖大道","highway":"primary"},"geometry":{"type":"LineString","coordinates":[[118.2178757,33.9698329],[118.2177723,33.969585]]}},{"type":"Feature","id":"way/538405167","properties":{"osm_id":538405167,"name":"通湖大道","highway":"primary"},"geometry":{"type":"LineString","coordinates":[[118.2189163,33.9721297],[118.2185897,33.9714391],[118.2185758,33.9714096],[118.2185342,33.9713182],[118.2182281,33.9706266],[118.2182157,33.9705987],[118.218188,33.9705349],[118.2181253,33.97039],[118.2180202,33.9701527],[118.2178757,33.9698329]]}},{"type":"Feature","id":"way/538405170","properties":{"osm_id":538405170,"name":"通湖大道","highway":"primary"},"geometry":{"type":"LineString","coordinates":[[118.2177723,33.969585],[118.2177235,33.9694641],[118.2176437,33.9692668],[118.2174888,33.9688836],[118.2171966,33.9680492],[118.2169577,33.9672864],[118.2168723,33.9670204],[118.2167174,33.9664979],[118.2165856,33.9660194],[118.2164916,33.9656251],[118.2164743,33.9655625],[118.2163061,33.9648133],[118.2160538,33.9636359],[118.2159969,33.9633175],[118.2159319,33.9628713],[118.215852,33.9623232],[118.2157996,33.9619634],[118.2157467,33.9615268],[118.2157088,33.961214],[118.2156907,33.9610438]]}},{"type":"Feature","id":"way/538405173","properties":{"osm_id":538405173,"name":"通湖大道","highway":"primary"},"geometry":{"type":"LineString","coordinates":[[118.2158886,33.9610527],[118.2159085,33.9612094],[118.2159371,33.9615129],[118.2159663,33.9618226],[118.2159879,33.9619995],[118.2160151,33.9622221],[118.21602,33.9624379],[118.216224,33.9636858],[118.216349,33.9643234],[118.216448,33.9647607],[118.2165028,33.965003],[118.2166063,33.9654373],[118.2166476,33.965602],[118.2168816,33.9664651],[118.216923,33.9666176],[118.2172027,33.9675565],[118.2173928,33.9681118],[118.2175885,33.9686645],[118.2176429,33.9688177],[118.2178895,33.9695116]]}},{"type":"Feature","id":"way/538405175","properties":{"osm_id":538405175,"name":"通湖大道","highway":"primary"},"geometry":{"type":"LineString","coordinates":[[118.2155143,33.9525596],[118.215509,33.9518343]]}},{"type":"Feature","id":"way/538405178","properties":{"osm_id":538405178,"name":"通湖大道","highway":"primary"},"geometry":{"type":"LineString","coordinates":[[118.2156043,33.9592569],[118.215603,33.9591879],[118.2155992,33.9589999],[118.215587,33.958391],[118.2155718,33.9576299],[118.2155599,33.9570315],[118.2155526,33.9563375],[118.2155481,33.9559122],[118.2155472,33.9558237],[118.2155434,33.9554641],[118.2155376,33.9549103],[118.2155304,33.9542238],[118.2155143,33.9525596]]}},{"type":"Feature","id":"way/538405181","properties":{"osm_id":538405181,"name":"通湖大道","highway":"primary"},"geometry":{"type":"LineString","coordinates":[[118.215509,33.9518343],[118.2154974,33.9512252],[118.2154715,33.9498644],[118.2154654,33.9495461],[118.2154633,33.9494356],[118.2154587,33.9492665],[118.2154566,33.9491906],[118.2154492,33.9489195],[118.2154178,33.9477693],[118.2153586,33.9469156],[118.2153238,33.9464141],[118.2153033,33.9461177],[118.2152938,33.9459857],[118.2152722,33.9456857],[118.2152408,33.9452483],[118.2152242,33.9450774],[118.2151281,33.9440912],[118.2149159,33.9424808],[118.2148546,33.9420152],[118.214707,33.9409649],[118.2146812,33.9408193],[118.2143868,33.9391549],[118.2143829,33.9391308],[118.2143693,33.939048],[118.2143424,33.9389199],[118.2143132,33.9387816],[118.2142591,33.938526],[118.2141628,33.9380985],[118.2138165,33.9365611],[118.2137217,33.9361729],[118.2135684,33.9355449],[118.2133046,33.9344641],[118.2131445,33.9338082],[118.2129771,33.9331369],[118.2129281,33.9329403],[118.2127154,33.9320872],[118.2125648,33.9314834],[118.2125382,33.9313814],[118.2124437,33.9309944],[118.2123203,33.9304893],[118.2118839,33.928703],[118.2117529,33.9281725],[118.2117335,33.928094],[118.2115259,33.9272535],[118.2114694,33.9270507]]}},{"type":"Feature","id":"way/538408098","properties":{"osm_id":538408098,"name":"北海大道","highway":"tertiary"},"geometry":{"type":"LineString","coordinates":[[118.2237289,33.968095],[118.2232152,33.9667075],[118.2230965,33.9663494],[118.2230182,33.966113],[118.2228733,33.9655524],[118.2228443,33.9650994],[118.2228411,33.9650497],[118.2228341,33.9646423],[118.222834,33.964569],[118.2228571,33.9642385],[118.2228844,33.9638483],[118.2228923,33.9636629],[118.2229814,33.9621878],[118.2230064,33.9618132],[118.223023,33.9615641],[118.2230317,33.9614328],[118.2230416,33.9612714],[118.2230498,33.9611459],[118.2230573,33.9610424],[118.2230632,33.9609624],[118.2230652,33.9609345],[118.2230676,33.9609018],[118.2230841,33.9606764],[118.2231221,33.9601573],[118.2231782,33.9593898],[118.2231836,33.9593157],[118.2231889,33.9592265],[118.2231925,33.9591698],[118.2232155,33.9588044],[118.2232209,33.958718],[118.2232411,33.9583724],[118.2232596,33.9581043],[118.2232705,33.9579397],[118.2232827,33.9577544],[118.2232912,33.9576257],[118.2233661,33.9564908],[118.2234004,33.9559723],[118.2234185,33.9556981],[118.2234288,33.9555416],[118.223433,33.9554655],[118.2234358,33.9554146],[118.2235058,33.9541365],[118.2235063,33.9541266],[118.2235168,33.9539362],[118.2235385,33.953539],[118.2235534,33.9533378],[118.22358,33.9529791],[118.2236818,33.9529805]]}},{"type":"Feature","id":"way/538408100","properties":{"osm_id":538408100,"name":"洪泽湖西路","highway":"primary"},"geometry":{"type":"LineString","coordinates":[[118.2395183,33.9616882],[118.2397739,33.9616949],[118.2399945,33.9617006],[118.24,33.9617007]]}},{"type":"Feature","id":"way/623885053","properties":{"osm_id":623885053,"highway":"trunk_link"},"geometry":{"type":"LineString","coordinates":[[117.5544212,34.0487467],[117.5544035,34.0490834],[117.5543755,34.0496471]]}},{"type":"Feature","id":"way/623885054","properties":{"osm_id":623885054,"highway":"trunk_link"},"geometry":{"type":"LineString","coordinates":[[117.5542604,34.0496508],[117.5543086,34.048742]]}},{"type":"Feature","id":"way/651997925","properties":{"osm_id":651997925,"name":"燕徐线","highway":"primary","ref":"S324"},"geometry":{"type":"LineString","coordinates":[[117.5571049,34.0922091],[117.5594138,34.0931426],[117.5609424,34.0937082],[117.5618856,34.0939237],[117.5631215,34.0941661],[117.5643899,34.0942738],[117.5657234,34.0942873],[117.5669756,34.09422],[117.5791557,34.0932908],[117.580603,34.0931426],[117.5823593,34.0928194],[117.5845221,34.0922269],[117.5866687,34.0916343],[117.5877582,34.0913919],[117.5888478,34.0912842],[117.5900349,34.0913111],[117.5910431,34.0914323],[117.5921327,34.0916343],[117.593645,34.0921191],[117.5949741,34.0924544],[117.5972389,34.0930753],[117.5982959,34.0933042],[117.5994831,34.0934658],[117.6005551,34.0935292],[117.6013044,34.0935736],[117.6156311,34.0943546],[117.6181517,34.0944085],[117.6193876,34.0943412],[117.6210788,34.0940584],[117.6228188,34.093614],[117.6229162,34.0935798]]}},{"type":"Feature","id":"way/653509524","properties":{"osm_id":653509524,"highway":"secondary"},"geometry":{"type":"LineString","coordinates":[[117.5456428,34.152141],[117.5477671,34.1523719],[117.5629163,34.1542363],[117.5656843,34.1545915],[117.5799107,34.1583203],[117.587142,34.1601137],[117.5873686,34.1601257],[117.5882947,34.1601749],[117.5934934,34.160451],[117.593605,34.160451]]}},{"type":"Feature","id":"way/653509525","properties":{"osm_id":653509525,"highway":"secondary"},"geometry":{"type":"LineString","coordinates":[[117.5449562,34.1520522],[117.5456428,34.152141]]}},{"type":"Feature","id":"way/653509526","properties":{"osm_id":653509526,"highway":"secondary"},"geometry":{"type":"LineString","coordinates":[[117.455762,34.1490423],[117.4611425,34.1491755],[117.4679017,34.1494419],[117.4719357,34.1484829],[117.474339,34.1479679],[117.4824285,34.146938],[117.4869132,34.1462809],[117.4900675,34.1458902],[117.4941873,34.1466716],[117.4955821,34.1469202],[117.5019979,34.1471333],[117.5034141,34.1475595],[117.5093365,34.1493087],[117.5165945,34.1516305],[117.5208163,34.1529578],[117.5217819,34.1529046],[117.5226187,34.1524784],[117.5251937,34.1506849],[117.5306868,34.1499923],[117.5431967,34.1517859],[117.5449562,34.1520522]]}},{"type":"Feature","id":"way/653509532","properties":{"osm_id":653509532,"highway":"secondary"},"geometry":{"type":"LineString","coordinates":[[117.4778448,34.0930674],[117.4786039,34.0930566],[117.4788934,34.0932852],[117.4843952,34.0995579],[117.4861182,34.1008416],[117.4886347,34.1010672],[117.4890692,34.1011716],[117.4894541,34.1013337],[117.4901783,34.1015714],[117.4906316,34.101638],[117.4911466,34.1016314],[117.4922122,34.1013746],[117.5172864,34.1019976],[117.520723,34.1020276],[117.5229155,34.102092],[117.5339537,34.1022249],[117.5386584,34.1022816],[117.5417375,34.1022994],[117.5456462,34.1024144]]}},{"type":"Feature","id":"way/653509535","properties":{"osm_id":653509535,"name":"淮徐高速","highway":"motorway","ref":"G2513"},"geometry":{"type":"LineString","coordinates":[[117.588622,34.0788031],[117.5914108,34.0787907]]}},{"type":"Feature","id":"way/653509536","properties":{"osm_id":653509536,"name":"淮徐高速","highway":"motorway","ref":"G2513"},"geometry":{"type":"LineString","coordinates":[[117.4901364,34.1012321],[117.4925966,34.1003952],[117.497,34.09887],[117.5002981,34.0977587],[117.50371,34.09672],[117.50832,34.09554],[117.51154,34.09486],[117.5156176,34.0941648],[117.5207,34.09344],[117.5225237,34.0931683],[117.5244975,34.0927917],[117.5286162,34.0918162],[117.5320791,34.0908252],[117.534039,34.0901621],[117.53537,34.08967],[117.5392937,34.088115],[117.5446241,34.085547],[117.547025,34.084479],[117.5492069,34.0836171],[117.5522724,34.0824979],[117.5554331,34.0815427],[117.5587112,34.0807238],[117.5626068,34.0799996],[117.5659896,34.0794965],[117.5689256,34.0792343],[117.5711802,34.0791026],[117.5748317,34.0790095],[117.5824524,34.0789057],[117.5844361,34.0788724],[117.5859256,34.078818],[117.588622,34.0788031]]}},{"type":"Feature","id":"way/653509537","properties":{"osm_id":653509537,"name":"淮徐高速","highway":"motorway","ref":"G2513"},"geometry":{"type":"LineString","coordinates":[[117.5914099,34.0788871],[117.5886286,34.0789157]]}},{"type":"Feature","id":"way/653509538","properties":{"osm_id":653509538,"name":"淮徐高速","highway":"motorway","ref":"G2513"},"geometry":{"type":"LineString","coordinates":[[117.5886286,34.0789157],[117.5859369,34.0789547],[117.5844423,34.0789953],[117.5824547,34.0790262],[117.5748542,34.0791253],[117.5711898,34.0792331],[117.5689354,34.0793409],[117.5660434,34.0796103],[117.5626305,34.0801043],[117.5587685,34.0808228],[117.5554902,34.0816491],[117.5523288,34.0826191],[117.5492751,34.0837059],[117.547113,34.0845825],[117.5446856,34.0856638],[117.5393596,34.0882145],[117.5354508,34.0897909],[117.5340908,34.0902526],[117.5321475,34.0909179],[117.5286538,34.0919418],[117.5245852,34.0929118],[117.5226311,34.0932701],[117.5207052,34.0935854],[117.5156307,34.0943219],[117.5116161,34.0949964],[117.5083666,34.095684],[117.5038073,34.0968381],[117.5003892,34.0978875],[117.4970605,34.0989764],[117.4926742,34.1005191],[117.4901857,34.1013623]]}},{"type":"Feature","id":"way/653509539","properties":{"osm_id":653509539,"highway":"motorway_link"},"geometry":{"type":"LineString","coordinates":[[117.5905459,34.0783386],[117.5908178,34.0784671],[117.5910156,34.0785452],[117.5912673,34.0786216],[117.5915369,34.0786662],[117.5919886,34.0787053],[117.5926695,34.0787035],[117.593351,34.0787544]]}},{"type":"Feature","id":"way/653509540","properties":{"osm_id":653509540,"highway":"motorway_link"},"geometry":{"type":"LineString","coordinates":[[117.5859256,34.078818],[117.5867751,34.078763],[117.5877099,34.0787165],[117.5881504,34.0786718],[117.5884358,34.0785955]]}},{"type":"Feature","id":"way/653509541","properties":{"osm_id":653509541,"highway":"primary","ref":"S252"},"geometry":{"type":"LineString","coordinates":[[117.5877748,34.0523973],[117.5880774,34.0540901]]}},{"type":"Feature","id":"way/653509542","properties":{"osm_id":653509542,"highway":"primary","ref":"S252"},"geometry":{"type":"LineString","coordinates":[[117.584885,34.0363917],[117.5849001,34.0365376],[117.5849118,34.0366509],[117.5853823,34.040115],[117.5857256,34.0417253],[117.5859456,34.0427343],[117.5860174,34.042947],[117.5860689,34.0433655],[117.5861388,34.0437766],[117.5861516,34.0438741],[117.5862374,34.0442494],[117.5863125,34.044765],[117.5870635,34.0485609],[117.5873296,34.050055],[117.587571,34.0512417],[117.5876697,34.0517515],[117.587735,34.0521379],[117.5877425,34.0521825],[117.5877748,34.0523973]]}},{"type":"Feature","id":"way/663149112","properties":{"osm_id":663149112,"name":"振兴大道","highway":"secondary"},"geometry":{"type":"LineString","coordinates":[[118.234357,33.9698522],[118.2345463,33.9709174],[118.2346372,33.9714289],[118.2348201,33.9724581],[118.234984,33.9732834],[118.2351736,33.9742091],[118.2354983,33.9758742],[118.2356162,33.976468],[118.2356346,33.9765616]]}},{"type":"Feature","id":"way/663149113","properties":{"osm_id":663149113,"name":"振兴大道","highway":"secondary"},"geometry":{"type":"LineString","coordinates":[[118.2341761,33.9689628],[118.234357,33.9698522]]}},{"type":"Feature","id":"way/696497371","properties":{"osm_id":696497371,"name":"徐明高速","highway":"motorway","ref":"S65"},"geometry":{"type":"LineString","coordinates":[[117.6379873,34.0263764],[117.6378031,34.0256891],[117.6365359,34.0212272]]}},{"type":"Feature","id":"way/696497372","properties":{"osm_id":696497372,"name":"徐明高速","highway":"motorway","ref":"S65"},"geometry":{"type":"LineString","coordinates":[[117.638113,34.0263454],[117.639537,34.0312145],[117.640906,34.0364403],[117.6412878,34.041075],[117.6413649,34.0447585],[117.6411805,34.0474747],[117.6407523,34.0508107]]}},{"type":"Feature","id":"way/696497373","properties":{"osm_id":696497373,"name":"徐明高速","highway":"motorway","ref":"S65"},"geometry":{"type":"LineString","coordinates":[[117.6366867,34.0211894],[117.637913,34.0256848],[117.638113,34.0263454]]}},{"type":"Feature","id":"way/696497374","properties":{"osm_id":696497374,"name":"徐明高速","highway":"motorway","ref":"S07"},"geometry":{"type":"LineString","coordinates":[[117.6337274,34.0113919],[117.633316,34.0099526],[117.6331335,34.0093319],[117.6328262,34.0082105],[117.6325817,34.0072107],[117.6322814,34.005904],[117.6319903,34.0044216],[117.631852,34.0036873],[117.6316874,34.0026472],[117.6315458,34.0017081],[117.6314239,34.00078],[117.6313844,34.0004251],[117.631256,33.9991448],[117.6312132,33.9986916],[117.6311572,33.9979217],[117.6310946,33.9969417],[117.6310683,33.9962401],[117.6310485,33.9956859],[117.6310288,33.9950307],[117.6310189,33.9938676],[117.6310288,33.9932643],[117.6310518,33.9922268],[117.6310979,33.9910665],[117.6311342,33.9904659],[117.6312066,33.989442],[117.6312659,33.9888004],[117.6313186,33.9882189],[117.631391,33.9875636],[117.6314808,33.9867704],[117.6316455,33.9853056],[117.6318728,33.9833462],[117.6320697,33.9816629],[117.6322383,33.9801629],[117.632397,33.9788136],[117.6325699,33.9773667],[117.6326804,33.9763931],[117.6328134,33.9754528],[117.6330461,33.9740044],[117.633216,33.9730317],[117.6334325,33.9719562],[117.633691,33.9707705],[117.6340349,33.969344]]}},{"type":"Feature","id":"way/730999512","properties":{"osm_id":730999512,"name":"西湖西路","highway":"primary"},"geometry":{"type":"LineString","coordinates":[[118.2343494,33.9372332],[118.2332643,33.9369718],[118.2330652,33.9369161],[118.2326645,33.9367926],[118.2315684,33.9363785],[118.2300421,33.935652],[118.2295753,33.9354213],[118.2291534,33.9352128],[118.2290313,33.9351556],[118.2289776,33.9351267],[118.2285242,33.9348825],[118.2284917,33.934865],[118.2275991,33.9344192],[118.2267628,33.9339935],[118.2260053,33.9336085],[118.2258455,33.9335256],[118.225131,33.9331549],[118.2223925,33.9317799],[118.2222702,33.931716],[118.2220382,33.931597],[118.2175036,33.9292705],[118.2173541,33.9291955],[118.217042,33.9290389],[118.2165558,33.9288008],[118.2164353,33.9287404],[118.2162259,33.9286355],[118.2160954,33.9285702],[118.2145045,33.9277739],[118.2144405,33.9277408],[118.2127771,33.9268791]]}},{"type":"Feature","id":"way/731026005","properties":{"osm_id":731026005,"name":"南京路","highway":"primary","ref":"S325"},"geometry":{"type":"LineString","coordinates":[[118.24,33.8925164],[118.2397135,33.8925224],[118.2385288,33.8925485],[118.2372033,33.8925756],[118.236538,33.8925935],[118.2360609,33.8926021],[118.234211,33.8926447],[118.234011,33.8926517],[118.2335704,33.8926629]]}},{"type":"Feature","id":"way/731076738","properties":{"osm_id":731076738,"highway":"trunk","ref":"G235"},"geometry":{"type":"LineString","coordinates":[[118.24,33.7961048],[118.2399158,33.795915],[118.239015,33.7939588],[118.2385747,33.7929818],[118.2382318,33.7922069],[118.2378843,33.7914452],[118.2377141,33.7910293],[118.2375054,33.7904148],[118.2373555,33.7899346],[118.2372402,33.7894923],[118.2370723,33.7886914],[118.2370004,33.7882286],[118.2369815,33.7881067],[118.2368869,33.7873528],[118.236718,33.7859866],[118.2366456,33.7854917],[118.2365032,33.7845958],[118.236278,33.7836431],[118.2357745,33.7818766],[118.2355305,33.7810206],[118.2353012,33.780216],[118.235176,33.7797769],[118.2351187,33.7795759],[118.2349824,33.779143],[118.2346916,33.7782192],[118.2343825,33.7772375],[118.2339572,33.7758865],[118.2339044,33.7757187],[118.2338522,33.7755531],[118.2335392,33.7744278],[118.2335211,33.7743626],[118.233304,33.7735822],[118.2331881,33.7731653],[118.2331027,33.7728583],[118.2329688,33.7723771],[118.2327465,33.7715778],[118.23265,33.7712308],[118.2325484,33.7709292],[118.2320366,33.7694106],[118.2319908,33.7692747],[118.2310803,33.7665728],[118.230705,33.7655876]]}},{"type":"Feature","id":"way/740855956","properties":{"osm_id":740855956,"name":"京岚线","highway":"trunk","ref":"G104"},"geometry":{"type":"LineString","coordinates":[[117.8962889,33.8231786],[117.8977178,33.8239829],[117.8988043,33.8246748],[117.9004488,33.8258337],[117.9024738,33.8273122],[117.9064139,33.8302481],[117.9069719,33.8308381],[117.9079973,33.8325103],[117.9098213,33.8355156],[117.9102948,33.8363127],[117.9106245,33.8371871],[117.910764,33.8378086],[117.9108417,33.8393915],[117.9108977,33.8417939],[117.9109136,33.8437982],[117.9109403,33.8456233],[117.9109661,33.847406],[117.9109593,33.8484545],[117.9109719,33.8492774],[117.911013,33.8509799],[117.9110739,33.8538817],[117.9110435,33.8584538],[117.9109205,33.8619706],[117.9108013,33.8651874],[117.910687,33.8681753],[117.9106207,33.8699097],[117.9102495,33.879613],[117.9100381,33.8828892],[117.9100282,33.8830115]]}},{"type":"Feature","id":"way/740855957","properties":{"osm_id":740855957,"highway":"primary","ref":"S325"},"geometry":{"type":"LineString","coordinates":[[117.9100381,33.8828892],[117.9216376,33.8829761],[117.9291128,33.8830367],[117.9343056,33.8830519],[117.9435366,33.883079],[117.9504331,33.8831354],[117.9577475,33.883162],[117.964488,33.8832182],[117.9728067,33.8832988],[117.9743779,33.8832735],[117.9776314,33.8832985],[117.9870919,33.8833551]]}},{"type":"Feature","id":"way/740855958","properties":{"osm_id":740855958,"highway":"primary","ref":"S325"},"geometry":{"type":"LineString","coordinates":[[117.9870841,33.8834589],[117.9776341,33.8834109],[117.9742439,33.8833936],[117.9727714,33.8834054],[117.9642794,33.8833449],[117.9577826,33.8832575],[117.957663,33.8832571],[117.9504339,33.8832324],[117.9435757,33.883196],[117.9100282,33.8830115]]}},{"type":"Feature","id":"way/740855960","properties":{"osm_id":740855960,"name":"枣睢线","highway":"primary","ref":"S612;S251"},"geometry":{"type":"LineString","coordinates":[[117.8908187,33.9140937],[117.8910287,33.9144312],[117.8915646,33.9151728],[117.8919826,33.9157771],[117.8946584,33.91918],[117.8947382,33.9192742],[117.8963268,33.9213372],[117.8979808,33.9233792],[117.8992599,33.9246401],[117.9004376,33.9256183],[117.9024744,33.9269763],[117.9050016,33.9281418],[117.9068931,33.9287398],[117.9080795,33.9290048],[117.9090443,33.9292006],[117.9101009,33.9293449],[117.9110679,33.9294353],[117.9135674,33.9295127],[117.9164884,33.9293892],[117.9178291,33.9293272],[117.9220776,33.9291651],[117.9256326,33.9290215],[117.9310366,33.9288233],[117.9311222,33.9288211],[117.931276,33.9288179],[117.9332736,33.9287411],[117.9352827,33.9286876],[117.9377326,33.9286845],[117.9395195,33.9287615],[117.941376,33.9289685],[117.9414849,33.9289828],[117.9420254,33.9290655],[117.9459547,33.9297568],[117.9472101,33.9298759],[117.952883,33.9303102],[117.9529939,33.930318],[117.95319,33.9303318],[117.9714335,33.9316707],[117.9716439,33.931667],[117.9773834,33.9315673],[117.9883482,33.9302168],[117.9913604,33.9298383],[117.9935891,33.929346],[117.9952831,33.9286155],[117.9954547,33.9285415],[117.9964443,33.9279369],[117.9981714,33.9269429],[117.9989553,33.9261798],[117.999836,33.9253226],[118.0015542,33.9227124],[118.0038469,33.9169733],[118.0054841,33.9130354],[118.0055195,33.9129483],[118.0065941,33.910302],[118.0071729,33.9088373],[118.0075153,33.9076822],[118.007724,33.9065885],[118.007826,33.9059798]]}},{"type":"Feature","id":"way/756052412","properties":{"osm_id":756052412,"highway":"trunk","ref":"G235"},"geometry":{"type":"LineString","coordinates":[[118.230705,33.7655876],[118.2309039,33.7658675],[118.2310004,33.7661358],[118.2311575,33.7665728],[118.2318414,33.7684749],[118.2319353,33.7687361],[118.23212,33.7692499],[118.2321919,33.7694498],[118.2322439,33.7696255],[118.2324523,33.7703288],[118.232971,33.7720798],[118.2331697,33.7727504],[118.2334847,33.7738136],[118.233559,33.7740611],[118.2336672,33.7744219],[118.2341039,33.7758776],[118.2345099,33.777231],[118.2351145,33.7791086],[118.2351923,33.7793502],[118.2353859,33.7800308],[118.2354295,33.7801767],[118.2358625,33.7816261],[118.2360856,33.782405],[118.2361038,33.7824705],[118.2363289,33.7832846],[118.2364187,33.7836838],[118.2364492,33.7838197],[118.2365675,33.7843717],[118.2367577,33.7854078],[118.2367859,33.7855825],[118.2370156,33.7874418],[118.2371134,33.788103],[118.2371229,33.7881782],[118.2372409,33.7889062],[118.2372759,33.7890994],[118.237367,33.7895014],[118.2374831,33.7899331],[118.237664,33.7905298],[118.2377352,33.7907644],[118.2378493,33.7910627],[118.2379736,33.79136],[118.2383037,33.7921336],[118.2387419,33.7930996],[118.2391175,33.7939284],[118.239142,33.7939823],[118.24,33.7958888]]}},{"type":"Feature","id":"way/757910039","properties":{"osm_id":757910039,"name":"泗阜线","highway":"trunk","ref":"G633"},"geometry":{"type":"LineString","coordinates":[[118.1278175,33.7666003],[118.1280618,33.7661453],[118.1282166,33.7659266],[118.1284599,33.7656101],[118.1287565,33.7653],[118.1292372,33.7648788],[118.1296868,33.7645703],[118.1303111,33.7642292],[118.13064,33.7640854],[118.1310949,33.7639298],[118.1317538,33.7637613],[118.1320254,33.7636999],[118.1322688,33.7636658],[118.1324513,33.7636511],[118.1327823,33.7636263],[118.1327823,33.7636263],[118.1336052,33.7635964],[118.1407036,33.7635073],[118.1463366,33.7633854],[118.1474043,33.7634419],[118.1553107,33.7642519]]}},{"type":"Feature","id":"way/762085638","properties":{"osm_id":762085638,"name":"皂井线","highway":"tertiary"},"geometry":{"type":"LineString","coordinates":[[118.214401,33.9975781],[118.214863,33.9976508],[118.2176161,33.9980842],[118.2181674,33.9981707],[118.2189449,33.9982237],[118.2196452,33.9982715],[118.2208148,33.9983259],[118.2210596,33.9983277],[118.2214909,33.998292],[118.2222612,33.9981642],[118.2224944,33.9981544],[118.2226461,33.998148],[118.223007,33.998153],[118.2232218,33.998188],[118.2232907,33.9981992],[118.2246755,33.998425],[118.2247647,33.9984395],[118.2265054,33.9987206],[118.2284975,33.9990429],[118.2286465,33.999067],[118.2291635,33.9991505],[118.2313698,33.9995072],[118.2329607,33.9997643],[118.2338706,33.9999114],[118.2339158,33.9999227],[118.2348219,34.0001501],[118.2351304,34.0002275],[118.2251086,33.9986143],[118.2232721,33.9983425],[118.2231144,33.998334],[118.2228157,33.9983616],[118.2226618,33.9983878]]}},{"type":"Feature","id":"way/762085639","properties":{"osm_id":762085639,"name":"皂井线","highway":"tertiary"},"geometry":{"type":"LineString","coordinates":[[118.1353156,34.032588],[118.135808,34.0323188],[118.1364734,34.0320255],[118.1373652,34.031697],[118.1379501,34.0315001],[118.1389558,34.0311908],[118.1406495,34.0306046],[118.1410731,34.0305073],[118.1423343,34.030067],[118.1430882,34.0297956],[118.1439102,34.0295963],[118.143975,34.0295805],[118.1440672,34.0295582],[118.1441112,34.0295475],[118.1447852,34.0293841],[118.1452675,34.0293103],[118.1456892,34.0291971],[118.1467079,34.0288034],[118.1473457,34.0284939],[118.1489846,34.0277192],[118.1502115,34.0271434],[118.1505976,34.0269747],[118.151273,34.0267006],[118.1521106,34.0264572],[118.1521803,34.0264346],[118.1531363,34.0261445],[118.1549021,34.0255064],[118.1555238,34.0252717],[118.1563622,34.0248444],[118.1573576,34.0242816],[118.1582195,34.0238329],[118.1587006,34.0235822],[118.1593304,34.023254],[118.1600369,34.0228993],[118.1604125,34.0227376],[118.1609192,34.0225193],[118.1617614,34.0222483],[118.1618161,34.0222307],[118.1618636,34.0222128],[118.163718,34.0215139],[118.1645848,34.0212219],[118.1651568,34.0210416],[118.1656226,34.0209117],[118.1664299,34.0207714],[118.1669707,34.0205958],[118.1673322,34.0204707],[118.168899,34.0199282],[118.1701607,34.0194889],[118.1714246,34.0190988],[118.172221,34.018857]]}},{"type":"Feature","id":"way/767036767","properties":{"osm_id":767036767,"name":"泗睢线","highway":"primary","ref":"S325"},"geometry":{"type":"LineString","coordinates":[[118.124071,33.8967644],[118.1229157,33.8969434]]}},{"type":"Feature","id":"way/767036768","properties":{"osm_id":767036768,"name":"泗睢线","highway":"primary","ref":"S325"},"geometry":{"type":"LineString","coordinates":[[118.0568223,33.9051441],[118.0583083,33.9046925],[118.0640276,33.9026233],[118.0652356,33.9023398],[118.0682215,33.9018665],[118.0727688,33.901352],[118.077096,33.9008624],[118.0812826,33.8999813],[118.0819232,33.8998767],[118.082485,33.8998188],[118.0835922,33.8997473],[118.0896941,33.8997146],[118.092951,33.899661],[118.09459,33.8996647],[118.0956825,33.89965],[118.0967842,33.8997022],[118.099306,33.8997358],[118.1015828,33.8997943],[118.103964,33.8998124],[118.1049532,33.8996983],[118.107526,33.8994016],[118.1076291,33.8993897],[118.1078628,33.8993628],[118.1099988,33.8990205],[118.1122951,33.8986525],[118.1123453,33.8986445],[118.1129837,33.8985422],[118.113533,33.8984542],[118.1169731,33.8979034],[118.117042,33.8978924],[118.1200107,33.8974128],[118.1229157,33.8969434]]}},{"type":"Feature","id":"way/769863334","properties":{"osm_id":769863334,"name":"渔沟连接线","highway":"primary","ref":"S409"},"geometry":{"type":"LineString","coordinates":[[117.595088,33.8526999],[117.5954354,33.8527472],[117.5958699,33.8528112],[117.5966871,33.8529837],[117.597526,33.8531533],[117.5986838,33.8534447],[117.5998927,33.853834],[117.6012292,33.8542923],[117.6025122,33.8548605],[117.603813,33.8554931],[117.605621,33.8565556],[117.6084342,33.8583051],[117.6120035,33.8605354],[117.6137737,33.8616134],[117.6147944,33.8622173],[117.6159746,33.8627523],[117.61704,33.8631893],[117.6176716,33.8633933],[117.6186636,33.8636979],[117.6204338,33.8640978],[117.6225869,33.8645507],[117.6258854,33.8653126],[117.6267652,33.8654596],[117.6280687,33.8656334],[117.6293562,33.8657625],[117.6336477,33.8659808],[117.6378092,33.8661939],[117.6399759,33.8663011],[117.641239,33.8663042],[117.6426149,33.8662816],[117.6446909,33.8661751],[117.6464846,33.8660591],[117.6474441,33.8659514]]}},{"type":"Feature","id":"way/769863335","properties":{"osm_id":769863335,"name":"渔沟连接线","highway":"primary","ref":"S409"},"geometry":{"type":"LineString","coordinates":[[117.6474462,33.8660906],[117.6444456,33.8662737],[117.6426171,33.8663845],[117.6399347,33.8663973],[117.6381889,33.8663111],[117.6331941,33.8660479],[117.6293174,33.8658589],[117.6277432,33.8656951],[117.6266508,33.8655408],[117.625729,33.8653801],[117.6224867,33.8646299],[117.6203946,33.8641867],[117.6186887,33.8637991],[117.6178277,33.8635408],[117.6171438,33.8633336],[117.6154352,33.862641],[117.6147646,33.8623158],[117.614196,33.8619862],[117.6110941,33.8600761],[117.609392,33.8589968],[117.6078229,33.8580368],[117.6045936,33.8560589],[117.6037299,33.8555577],[117.6027643,33.8550855],[117.6010933,33.8543438],[117.5992989,33.8537424],[117.5982555,33.8534305],[117.5972765,33.8531966],[117.5960631,33.8529603],[117.595068,33.8527907]]}},{"type":"Feature","id":"way/769863337","properties":{"osm_id":769863337,"name":"朝凤路","highway":"primary","ref":"S223;S302"},"geometry":{"type":"LineString","coordinates":[[117.5766642,33.8631754],[117.576664,33.862708],[117.576664,33.862468],[117.576694,33.862128],[117.576724,33.861899],[117.576774,33.861619],[117.576804,33.861479],[117.576874,33.861249],[117.5769012,33.8611776],[117.5771276,33.8606538],[117.5772969,33.8604055],[117.5777677,33.8598207],[117.5780979,33.8594535],[117.5783144,33.8592159]]}},{"type":"Feature","id":"way/769879375","properties":{"osm_id":769879375,"highway":"primary"},"geometry":{"type":"LineString","coordinates":[[117.4741368,34.04557],[117.4745203,34.0485375],[117.4752563,34.0541839],[117.475723,34.0572416],[117.4765266,34.0633729],[117.4769407,34.0666319],[117.4771746,34.0695863],[117.478062,34.0828236]]}},{"type":"Feature","id":"way/769907170","properties":{"osm_id":769907170,"highway":"primary"},"geometry":{"type":"LineString","coordinates":[[117.8897734,33.8193533],[117.8896593,33.8194367],[117.8892061,33.8195653],[117.8887894,33.8196431],[117.8884573,33.8196942],[117.8879382,33.8196829],[117.8840409,33.8197265],[117.8826249,33.8197265],[117.8804792,33.8197087],[117.8797657,33.819624],[117.8795267,33.8195752],[117.8790898,33.8194859],[117.8784246,33.8191962],[117.8779364,33.8189154],[117.8774697,33.8185633],[117.8771103,33.8181979],[117.8768206,33.8177878],[117.8765999,33.8173718],[117.8764532,33.8169394],[117.8763539,33.8166469],[117.8762735,33.8161433],[117.8761125,33.8109196],[117.8760334,33.8096485]]}},{"type":"Feature","id":"way/769907174","properties":{"osm_id":769907174,"highway":"primary","ref":"S347"},"geometry":{"type":"LineString","coordinates":[[117.7378024,33.7636895],[117.7416516,33.7636536],[117.7453237,33.763546],[117.748519,33.7634104],[117.7518231,33.7632743],[117.7541971,33.7631367],[117.7606497,33.7628061],[117.7651991,33.7625825],[117.7718602,33.7623098],[117.7754084,33.7621646],[117.7784711,33.7620132],[117.7829259,33.7617891],[117.7829663,33.7617871],[117.7856062,33.7616562],[117.7890557,33.7614853],[117.7929342,33.7612912],[117.7968136,33.7610729],[117.7975187,33.7610565],[117.7982256,33.7610875],[117.7986188,33.7611358],[117.7991937,33.7612476],[117.7995993,33.7613857],[117.8001628,33.7616107],[117.800581,33.761821],[117.8010784,33.7621582],[117.8015315,33.7625093],[117.8018676,33.762856],[117.802336,33.7634734],[117.8025359,33.7638304],[117.802778,33.7643313],[117.8032466,33.7664121],[117.8034764,33.7673662],[117.8037609,33.7685476],[117.8046209,33.772104],[117.8049313,33.7731042],[117.8050257,33.7733509],[117.8051093,33.7735657],[117.8052442,33.773843],[117.8053776,33.774117],[117.8058263,33.7751455],[117.8063404,33.7760957],[117.8067521,33.7768215],[117.8071984,33.7775296],[117.8075883,33.7781811],[117.8077632,33.7784734],[117.8079799,33.7788356],[117.808782,33.7800314]]}},{"type":"Feature","id":"way/769922566","properties":{"osm_id":769922566,"highway":"secondary"},"geometry":{"type":"LineString","coordinates":[[117.6706032,33.7405524],[117.6701707,33.740497],[117.6698335,33.7403842],[117.6695468,33.7402252],[117.6693218,33.7400256],[117.6691881,33.7397961],[117.6690926,33.7395335],[117.6690411,33.7389242],[117.6690305,33.738155],[117.6689707,33.7375085],[117.668882,33.7371003],[117.6687816,33.7369195],[117.661064,33.72982],[117.659278,33.728393],[117.655885,33.72566],[117.655486,33.725371],[117.655057,33.725032],[117.650775,33.721691],[117.650606,33.721571],[117.6473917,33.7190631],[117.6461247,33.7180853],[117.6431589,33.7157613],[117.6428222,33.7154613]]}},{"type":"Feature","id":"way/795506387","properties":{"osm_id":795506387,"name":"环湖大道","highway":"secondary"},"geometry":{"type":"LineString","coordinates":[[118.24,34.0021157],[118.2398226,34.0019861],[118.238524,34.0010803],[118.2384137,34.0010078],[118.238146,34.0008541],[118.2379606,34.0007682],[118.2377833,34.0007063],[118.2374463,34.00063],[118.2366424,34.0004942],[118.2364575,34.000463]]}},{"type":"Feature","id":"way/822884141","properties":{"osm_id":822884141,"name":"上海路","highway":"secondary"},"geometry":{"type":"LineString","coordinates":[[118.2243693,33.8788127],[118.2245888,33.8788043],[118.2262137,33.8787423],[118.2286173,33.8786535],[118.2288937,33.8786433],[118.2337954,33.8784621],[118.2342396,33.8784457],[118.2344796,33.8784368],[118.2348035,33.8784264],[118.2375171,33.8783391],[118.2382508,33.8783155],[118.2384142,33.8783102],[118.2388877,33.878295],[118.2397904,33.8782579],[118.24,33.8782493]]}},{"type":"Feature","id":"way/825149934","properties":{"osm_id":825149934,"name":"山埇路","highway":"primary","ref":"S304"},"geometry":{"type":"LineString","coordinates":[[117.8702916,33.7093591],[117.8699128,33.7092809],[117.8693961,33.7091174],[117.8640742,33.706515],[117.8634995,33.7063309],[117.863031,33.706273],[117.8575041,33.7062177],[117.855472,33.7062593],[117.8545079,33.706338],[117.852949,33.7064735],[117.8524598,33.7064398],[117.8514398,33.7062835],[117.8464117,33.7055624],[117.8425549,33.7049961],[117.8392855,33.7048298],[117.8354866,33.7046867],[117.828588,33.7044313],[117.8240836,33.7040262],[117.8180045,33.7035039],[117.8046676,33.7027404],[117.8022064,33.702645],[117.8019469,33.7026457],[117.8016552,33.7026732],[117.7971445,33.70311],[117.7970851,33.7031156],[117.79474,33.7033364],[117.7851862,33.7042358],[117.7851684,33.7042375],[117.7789348,33.7048568],[117.7751273,33.7052046],[117.7733603,33.7054147],[117.7718025,33.705665],[117.770652,33.7059074],[117.7670711,33.7066645],[117.7663487,33.7067997],[117.7658365,33.7068562],[117.7438603,33.7078239],[117.7366383,33.7081728],[117.73218,33.708369],[117.7309229,33.7084243],[117.714705,33.7091176],[117.7029001,33.7096656],[117.6978595,33.7099269],[117.6942524,33.7101085],[117.6922902,33.7102073],[117.6916974,33.7102516]]}},{"type":"Feature","id":"way/825149936","properties":{"osm_id":825149936,"highway":"primary_link"},"geometry":{"type":"LineString","coordinates":[[117.642322,33.7206674],[117.6418951,33.7210194],[117.6416221,33.7213043]]}},{"type":"Feature","id":"way/825149937","properties":{"osm_id":825149937,"name":"朝凤路","highway":"primary","ref":"S223;S304"},"geometry":{"type":"LineString","coordinates":[[117.6420243,33.7204875],[117.642071,33.720345],[117.642151,33.720085],[117.6425557,33.7177473],[117.6427467,33.7164038],[117.6428222,33.7154613],[117.64256,33.7151772],[117.640934,33.713659],[117.640834,33.713539],[117.640774,33.713409],[117.640724,33.71319],[117.640575,33.7124],[117.640535,33.71188],[117.640515,33.71161],[117.640505,33.71141],[117.640485,33.711211],[117.640455,33.711041],[117.640455,33.711001],[117.640405,33.710841],[117.640325,33.710661],[117.640215,33.710481],[117.640156,33.710381],[117.639736,33.709792],[117.639686,33.709712],[117.639307,33.709143],[117.639207,33.708983],[117.6390398,33.7087279],[117.6387591,33.7084466],[117.638209,33.707935],[117.63788,33.707626],[117.63758,33.707366],[117.637121,33.706977],[117.635933,33.705559],[117.635783,33.705369],[117.635713,33.705289],[117.635164,33.70461],[117.634645,33.704031],[117.634465,33.703832],[117.634265,33.703642],[117.634076,33.703442],[117.633307,33.702723],[117.633137,33.702534],[117.632698,33.701934],[117.632498,33.701745],[117.632299,33.701585],[117.632099,33.701435],[117.631869,33.701306],[117.630152,33.700338],[117.629792,33.700139],[117.629333,33.699889],[117.628534,33.69945],[117.626377,33.698273],[117.626037,33.698094],[117.625708,33.697904],[117.625678,33.697884],[117.625448,33.697755],[117.625078,33.697535],[117.624998,33.697485],[117.622302,33.695958],[117.622252,33.695918],[117.621363,33.695409],[117.619544,33.694501],[117.619484,33.694462],[117.616597,33.692854],[117.616108,33.692595],[117.6136819,33.691267],[117.6134157,33.6911293],[117.6107843,33.6896808],[117.6104269,33.6894968],[117.6101261,33.6893418],[117.6097789,33.6892205],[117.6091087,33.6890581]]}},{"type":"Feature","id":"way/825149938","properties":{"osm_id":825149938,"name":"朝凤路","highway":"primary","ref":"S223"},"geometry":{"type":"LineString","coordinates":[[117.5854387,33.6811003],[117.5851873,33.6808254],[117.5848506,33.6804383],[117.5831363,33.6782444],[117.5818895,33.6766488],[117.5808579,33.6753178],[117.5797172,33.6738513],[117.5794276,33.6735075],[117.5788953,33.6727309],[117.5786437,33.6723396],[117.578268,33.6716212],[117.5775189,33.6707798],[117.5768425,33.6702632],[117.5753614,33.6692999],[117.574921,33.668978],[117.5744196,33.6684824],[117.5743274,33.668348],[117.5740274,33.6679105],[117.573982,33.6678291]]}},{"type":"Feature","id":"way/825149943","properties":{"osm_id":825149943,"highway":"secondary"},"geometry":{"type":"LineString","coordinates":[[117.5626976,33.6938761],[117.5623765,33.689962],[117.5624109,33.6886463],[117.5626744,33.6872067],[117.5630296,33.6859864],[117.5633504,33.6851093],[117.5637973,33.6842035],[117.564691,33.6827639],[117.566481,33.6800861],[117.5743274,33.668348]]}},{"type":"Feature","id":"way/825149944","properties":{"osm_id":825149944,"name":"山埇路","highway":"secondary","ref":"S304"},"geometry":{"type":"LineString","coordinates":[[117.4884259,33.6711604],[117.4829361,33.6707088],[117.4787677,33.670354],[117.4673017,33.6696622],[117.4566531,33.6690725],[117.4532467,33.6686756],[117.4502695,33.6683241],[117.45,33.6682964]]}},{"type":"Feature","id":"way/826837317","properties":{"osm_id":826837317,"highway":"trunk_link"},"geometry":{"type":"LineString","coordinates":[[117.5550765,34.0460474],[117.5553655,34.0458934],[117.5556013,34.0457924],[117.5557639,34.0456644],[117.5558615,34.0454623],[117.5558696,34.0452332],[117.5557558,34.045058],[117.5556176,34.0449367],[117.5553655,34.0448559],[117.5551866,34.0448626],[117.5549508,34.0449233],[117.554772,34.0450513],[117.5546663,34.0452264],[117.5546012,34.045341],[117.554587,34.0454585]]}},{"type":"Feature","id":"way/826837318","properties":{"osm_id":826837318,"highway":"trunk_link"},"geometry":{"type":"LineString","coordinates":[[117.554587,34.0454585],[117.5545785,34.0457745]]}},{"type":"Feature","id":"way/826837319","properties":{"osm_id":826837319,"name":"兴港路","highway":"tertiary"},"geometry":{"type":"LineString","coordinates":[[117.561748,34.0403121],[117.5619053,34.0405764],[117.56196,34.0406698],[117.5631032,34.0426141],[117.563917,34.0439842],[117.5640002,34.0441154],[117.5656887,34.04696],[117.5657449,34.0470507]]}},{"type":"Feature","id":"way/826837945","properties":{"osm_id":826837945,"name":"兴港路","highway":"tertiary"},"geometry":{"type":"LineString","coordinates":[[117.5656337,34.0470678],[117.5655833,34.0469764],[117.563912,34.0441533],[117.5638324,34.0440158],[117.5629337,34.0424679],[117.5618949,34.0406981],[117.5618391,34.0405992],[117.5616779,34.040331]]}},{"type":"Feature","id":"way/826838075","properties":{"osm_id":826838075,"name":"站前路","highway":"tertiary"},"geometry":{"type":"LineString","coordinates":[[117.56196,34.0406698],[117.5618949,34.0406981],[117.5592561,34.0417739],[117.5584552,34.0420994],[117.5558246,34.0431666],[117.5557475,34.0431966]]}},{"type":"Feature","id":"way/826838502","properties":{"osm_id":826838502,"name":"和平路","highway":"tertiary"},"geometry":{"type":"LineString","coordinates":[[117.5556879,34.04294],[117.5557747,34.0430946],[117.5558246,34.0431666],[117.5567112,34.0446479],[117.5573958,34.0458009]]}},{"type":"Feature","id":"way/828018919","properties":{"osm_id":828018919,"highway":"primary"},"geometry":{"type":"LineString","coordinates":[[117.9095095,33.8890188],[117.9094259,33.889713],[117.90943,33.8898175],[117.9089095,33.8946346],[117.9083504,33.8991689],[117.9083484,33.8991758],[117.9081339,33.8999197],[117.9077044,33.9011509],[117.9070235,33.9025435],[117.9045718,33.9073653],[117.9038492,33.9084363],[117.9034195,33.9092115],[117.9033932,33.9098948],[117.9034962,33.9112824],[117.9034043,33.9114072]]}},{"type":"Feature","id":"way/828018920","properties":{"osm_id":828018920,"highway":"primary"},"geometry":{"type":"LineString","coordinates":[[117.9100282,33.8830115],[117.9098523,33.8851461],[117.9095729,33.888182]]}},{"type":"Feature","id":"way/831637080","properties":{"osm_id":831637080,"name":"元府东路","highway":"primary"},"geometry":{"type":"LineString","coordinates":[[117.9787967,33.9031013],[117.9785563,33.9030133],[117.9784338,33.9028948],[117.9783414,33.9028288],[117.9780583,33.9027489],[117.9729413,33.9024518],[117.9689333,33.9021954],[117.9664816,33.9020211],[117.9628707,33.9017794],[117.9626763,33.9017664]]}},{"type":"Feature","id":"way/832078258","properties":{"osm_id":832078258,"highway":"secondary"},"geometry":{"type":"LineString","coordinates":[[117.9417944,33.9272351],[117.9414849,33.9289828],[117.94146,33.9290792]]}},{"type":"Feature","id":"way/832078259","properties":{"osm_id":832078259,"highway":"secondary"},"geometry":{"type":"LineString","coordinates":[[117.9418359,33.9269892],[117.9417944,33.9272351]]}},{"type":"Feature","id":"way/832078260","properties":{"osm_id":832078260,"highway":"secondary"},"geometry":{"type":"LineString","coordinates":[[117.944128,33.9120401],[117.9440956,33.9123338]]}},{"type":"Feature","id":"way/832078261","properties":{"osm_id":832078261,"highway":"secondary"},"geometry":{"type":"LineString","coordinates":[[117.9442807,33.9024446],[117.9442949,33.9039541],[117.944305,33.9068429],[117.9442609,33.9077711],[117.9441574,33.9117332],[117.9441466,33.9118324],[117.944128,33.9120401]]}},{"type":"Feature","id":"way/832085480","properties":{"osm_id":832085480,"highway":"primary"},"geometry":{"type":"LineString","coordinates":[[117.9093775,33.8890132],[117.9094691,33.8881679]]}},{"type":"Feature","id":"way/832085481","properties":{"osm_id":832085481,"highway":"primary"},"geometry":{"type":"LineString","coordinates":[[117.9094691,33.8881679],[117.9097243,33.8851306],[117.9098527,33.8830072]]}},{"type":"Feature","id":"way/832474423","properties":{"osm_id":832474423,"highway":"primary","ref":"S325;S251;S612"},"geometry":{"type":"LineString","coordinates":[[118.0029005,33.8879717],[118.0038848,33.8891897],[118.0041933,33.8896528],[118.0044379,33.8900201],[118.0050354,33.8910839],[118.0051323,33.891342]]}},{"type":"Feature","id":"way/832474424","properties":{"osm_id":832474424,"highway":"primary","ref":"S325;S251;S612"},"geometry":{"type":"LineString","coordinates":[[118.0051323,33.891342],[118.0055374,33.8924508],[118.0058676,33.8937191],[118.0072763,33.9003182],[118.0077214,33.902447],[118.0078521,33.9031191],[118.0079292,33.9037735],[118.0079819,33.9045822],[118.0079747,33.905102],[118.007982,33.9059033],[118.0079632,33.9059972]]}},{"type":"Feature","id":"way/833499133","properties":{"osm_id":833499133,"highway":"primary","ref":"S325;S251;S612"},"geometry":{"type":"LineString","coordinates":[[118.00503,33.8914056],[118.0048621,33.8910353],[118.0042539,33.8899312],[118.0035871,33.8889692],[118.0028227,33.8880541]]}},{"type":"Feature","id":"way/833499134","properties":{"osm_id":833499134,"highway":"primary","ref":"S325;S251;S612"},"geometry":{"type":"LineString","coordinates":[[118.007826,33.9059798],[118.0078375,33.9058829],[118.00784,33.9052677],[118.0078459,33.9043581],[118.0078234,33.9037581],[118.0077448,33.9031735],[118.0076149,33.902455],[118.0071299,33.9003224],[118.0057437,33.8937448],[118.0054008,33.8923737],[118.00503,33.8914056]]}},{"type":"Feature","id":"way/834175988","properties":{"osm_id":834175988,"name":"元府西路","highway":"primary"},"geometry":{"type":"LineString","coordinates":[[117.9344425,33.8999744],[117.9339141,33.8999855]]}},{"type":"Feature","id":"way/834175989","properties":{"osm_id":834175989,"highway":"primary"},"geometry":{"type":"LineString","coordinates":[[117.9420564,33.8998565],[117.9399739,33.8998909],[117.9384022,33.8999115],[117.9363209,33.8999387],[117.9361761,33.8999406],[117.9346483,33.8999605],[117.9344425,33.8999744]]}},{"type":"Feature","id":"way/840833915","properties":{"osm_id":840833915,"highway":"secondary"},"geometry":{"type":"LineString","coordinates":[[117.9501843,33.8861526],[117.9501548,33.8866001],[117.9500878,33.8871345],[117.9500207,33.8875821],[117.9499456,33.8886107]]}},{"type":"Feature","id":"way/840833916","properties":{"osm_id":840833916,"highway":"secondary"},"geometry":{"type":"LineString","coordinates":[[117.9504331,33.8831354],[117.9504339,33.8832324],[117.9501843,33.8861526]]}},{"type":"Feature","id":"way/842075421","properties":{"osm_id":842075421,"name":"五一路","highway":"tertiary"},"geometry":{"type":"LineString","coordinates":[[118.1680499,33.904339],[118.1679817,33.9044791],[118.1665991,33.9073467],[118.1664354,33.9076864],[118.1654869,33.9096536],[118.1640223,33.9126915],[118.1638199,33.9131114],[118.162831,33.9151624],[118.1627899,33.9152477],[118.1626379,33.9155629],[118.1623045,33.9162545],[118.1620343,33.916815],[118.1605895,33.9198116],[118.1599964,33.9210414],[118.1598102,33.9214276],[118.159257,33.9225749],[118.1589026,33.9233099],[118.1588044,33.9235135],[118.1584983,33.9241484],[118.1581004,33.9249698],[118.1577343,33.9257255],[118.1574496,33.9263133],[118.1573072,33.9266071],[118.156994,33.9272536],[118.156956,33.927332],[118.1565295,33.9282204],[118.1555294,33.9303036],[118.1553683,33.9306391],[118.1547486,33.9319283],[118.1540579,33.9333873],[118.1537451,33.934016],[118.153719,33.9340702]]}},{"type":"Feature","id":"way/842075422","properties":{"osm_id":842075422,"name":"宿城大道","highway":"primary","ref":"S250"},"geometry":{"type":"LineString","coordinates":[[118.1602529,33.8999451],[118.1602114,33.9000587],[118.1600805,33.900383],[118.1600228,33.9005548],[118.1599474,33.9008743],[118.1594324,33.9030573],[118.1592468,33.9038437],[118.1588759,33.9054159],[118.1584414,33.9072572],[118.1582167,33.9082097],[118.1572365,33.9122343],[118.1564398,33.9155055],[118.1558937,33.9177477],[118.1556112,33.9189079],[118.1553692,33.9199015],[118.1553414,33.9200158],[118.1549318,33.9216268],[118.1544998,33.9233257],[118.1543544,33.9238974],[118.1539887,33.9253909],[118.1538888,33.9257991],[118.1537184,33.926495],[118.153704,33.9265497],[118.153681,33.9266367],[118.1534517,33.9275763],[118.1529587,33.9295966],[118.1528892,33.9298812],[118.1527021,33.9306453],[118.1521045,33.9328566],[118.1519627,33.9334105],[118.151943,33.9334877]]}},{"type":"Feature","id":"way/842075425","properties":{"osm_id":842075425,"name":"复旦路","highway":"tertiary"},"geometry":{"type":"LineString","coordinates":[[118.1879991,33.934557],[118.1878938,33.9345529],[118.1877005,33.9345419],[118.1868496,33.934513],[118.1863347,33.9344935],[118.1855134,33.9344624],[118.1854397,33.9344596],[118.1848239,33.9344363],[118.1832274,33.9343759],[118.1816827,33.9343184],[118.1816014,33.9343136],[118.18128,33.9343003],[118.1802119,33.9342579],[118.1799571,33.9342478],[118.177715,33.9341577],[118.1774106,33.9341455],[118.175804,33.9340809],[118.1757119,33.9340806],[118.1740361,33.9340332],[118.173008,33.9340045],[118.1720958,33.933979],[118.1711209,33.9339518],[118.1694273,33.9339045]]}},{"type":"Feature","id":"way/842075426","properties":{"osm_id":842075426,"name":"科盛路","highway":"tertiary"},"geometry":{"type":"LineString","coordinates":[[118.1816827,33.9343184],[118.1816361,33.9355303],[118.1816338,33.9356405],[118.1816351,33.9359382],[118.1816362,33.9362065],[118.1816587,33.9368543],[118.1816799,33.9374662],[118.1817512,33.9396758],[118.1817536,33.9397214]]}},{"type":"Feature","id":"way/842075428","properties":{"osm_id":842075428,"name":"吴淞路","highway":"secondary"},"geometry":{"type":"LineString","coordinates":[[118.1817536,33.9397214],[118.1817894,33.9415189],[118.1818013,33.9420087],[118.1818252,33.9431231],[118.1818292,33.9433067],[118.1818679,33.9445163],[118.1819014,33.945509],[118.181941,33.9469316],[118.1819444,33.9470138],[118.1820176,33.9486872],[118.1820209,33.9487249],[118.1820735,33.9493487],[118.1820803,33.9494242],[118.1820976,33.9496241],[118.1821082,33.9497057],[118.1821236,33.9498371],[118.1822341,33.9507592],[118.182244,33.9508416],[118.1822472,33.9508682],[118.182254,33.9509249],[118.1822777,33.9511223],[118.1827754,33.9547617],[118.1829112,33.9557964],[118.182966,33.956214],[118.1829745,33.9562785],[118.1831265,33.9574375],[118.1831387,33.9575153],[118.1832512,33.9581575],[118.1833942,33.9589366],[118.1834057,33.9589948],[118.1836372,33.9601685],[118.1837482,33.9607587],[118.1837578,33.9608098],[118.1838464,33.9613353],[118.1838659,33.9614512],[118.1839337,33.9618486],[118.1839916,33.962127],[118.1840112,33.9622296],[118.1841111,33.9627525],[118.1840857,33.9628304]]}},{"type":"Feature","id":"way/842075429","properties":{"osm_id":842075429,"name":"镜泊湖路","highway":"tertiary"},"geometry":{"type":"LineString","coordinates":[[118.189958,33.9593384],[118.1898378,33.95936],[118.1897143,33.9593703],[118.1881485,33.959576],[118.1878838,33.9596108],[118.1871469,33.9597075],[118.1859817,33.9598606],[118.1843845,33.9600704],[118.1836372,33.9601685],[118.1835332,33.9601907],[118.1821516,33.960485],[118.1808577,33.9607606],[118.1793543,33.9610808],[118.1772363,33.9615319],[118.1770998,33.9615638],[118.172447,33.9626234],[118.1708784,33.9629806],[118.1707699,33.9630053],[118.1695696,33.9632786],[118.1694862,33.9632978]]}},{"type":"Feature","id":"way/842075430","properties":{"osm_id":842075430,"name":"双蔡路","highway":"tertiary"},"geometry":{"type":"LineString","coordinates":[[118.1693822,33.9604486],[118.1694676,33.9604422],[118.1730833,33.9596565],[118.1766975,33.9588556],[118.1768251,33.9588298],[118.1779867,33.9585731],[118.1792957,33.9582839],[118.1808324,33.9579444],[118.1830245,33.9574601],[118.1831265,33.9574375],[118.1853895,33.9571585],[118.1878461,33.9568557],[118.1893232,33.9566736],[118.1894526,33.9566652],[118.1895538,33.9566549],[118.1896866,33.956646],[118.1906563,33.9566118],[118.1913965,33.9565914],[118.1924571,33.9565567],[118.1946707,33.9564843],[118.1949649,33.9564748],[118.1965993,33.9564212],[118.1978097,33.9563938],[118.2018062,33.956254],[118.2037031,33.9561876],[118.2038086,33.9561832]]}},{"type":"Feature","id":"way/842075431","properties":{"osm_id":842075431,"name":"昆明湖路","highway":"tertiary"},"geometry":{"type":"LineString","coordinates":[[118.1962703,33.9537584],[118.1937085,33.9538152],[118.1935996,33.9538181],[118.1924409,33.9538492],[118.1921853,33.9538569],[118.1909414,33.9538947],[118.1902805,33.9539147],[118.1892749,33.9539452],[118.1891759,33.9539527],[118.1890915,33.9539609],[118.1889979,33.9539751],[118.1879888,33.9541095],[118.1872751,33.9541872],[118.1853411,33.9544203],[118.1834673,33.9546696],[118.1827754,33.9547617],[118.1826654,33.9547891],[118.1803141,33.9553041],[118.1781648,33.9557749],[118.1776765,33.9558819],[118.1765005,33.9561395],[118.1763276,33.9561784],[118.1755399,33.956351],[118.1725519,33.9570256],[118.1693462,33.957719],[118.1692576,33.9577215]]}},{"type":"Feature","id":"way/842075432","properties":{"osm_id":842075432,"name":"天柱山路","highway":"tertiary"},"geometry":{"type":"LineString","coordinates":[[118.1694022,33.9687621],[118.1693957,33.9685898],[118.1693943,33.9685292],[118.1693997,33.9684967],[118.1694063,33.9684741],[118.1694239,33.9684382],[118.1694415,33.9684198],[118.1695083,33.9683719],[118.16956,33.9683313],[118.1695851,33.968288],[118.1696133,33.9681765],[118.1694862,33.9632978],[118.1693828,33.9605641],[118.1693822,33.9604486],[118.1692812,33.9582894],[118.1692576,33.9577215],[118.1692327,33.9570464],[118.1691447,33.9546547],[118.1691248,33.9541151],[118.1690476,33.9521594],[118.1689622,33.949998],[118.1689593,33.949925],[118.1689594,33.9497362],[118.1689566,33.9496637],[118.1689019,33.9482594],[118.1688753,33.9473543],[118.1688737,33.9472534],[118.168719,33.9438622],[118.1687142,33.9437557],[118.1686986,33.9434146],[118.1686487,33.9426062],[118.1686056,33.9418442],[118.1684456,33.9391434]]}},{"type":"Feature","id":"way/842075433","properties":{"osm_id":842075433,"name":"科达路","highway":"tertiary"},"geometry":{"type":"LineString","coordinates":[[118.1684456,33.9391434],[118.168445,33.9390837],[118.1686058,33.9381105],[118.1686708,33.9376113],[118.1689673,33.9360784],[118.168979,33.9360179],[118.169175,33.9349939],[118.1692342,33.9347383],[118.1694273,33.9339045],[118.1699139,33.9321447],[118.169934,33.932072],[118.1699471,33.9320245],[118.1701392,33.9313295],[118.1701669,33.9312295],[118.1706881,33.929219],[118.170716,33.9291184],[118.1711356,33.9273842],[118.1711467,33.9273283],[118.1713506,33.9263033],[118.1717453,33.924319],[118.172075,33.9225083],[118.1722304,33.9216548],[118.1722481,33.9215613],[118.1724848,33.9203073],[118.1725065,33.9201925],[118.1728009,33.9186333],[118.1731196,33.9169451],[118.1733738,33.9155988],[118.1734668,33.9151062],[118.1740047,33.9122568],[118.1740902,33.9120027],[118.1742597,33.9114993],[118.1743929,33.9110932],[118.1744793,33.9108299],[118.1749812,33.9093001],[118.1750357,33.9091341],[118.1750807,33.9089968]]}},{"type":"Feature","id":"way/842075434","properties":{"osm_id":842075434,"name":"科创路","highway":"tertiary"},"geometry":{"type":"LineString","coordinates":[[118.1776769,33.9245723],[118.1776475,33.9246987],[118.1775021,33.9254575],[118.1769967,33.9280953],[118.1767319,33.9294774],[118.1767135,33.9295601],[118.1759431,33.9334393],[118.175804,33.9340809],[118.175517,33.9355272],[118.1754456,33.9358867],[118.1753862,33.9362858],[118.1753636,33.9364377],[118.1753116,33.9369245],[118.1752836,33.9371865],[118.175243,33.9381334],[118.1752434,33.9383701],[118.175244,33.9388132],[118.1752865,33.9397957],[118.1752875,33.9398471]]}},{"type":"Feature","id":"way/842075435","properties":{"osm_id":842075435,"name":"子胥路","highway":"tertiary"},"geometry":{"type":"LineString","coordinates":[[118.1752875,33.9398471],[118.1753941,33.9425332],[118.1754771,33.9452509],[118.1754982,33.9459419],[118.1755338,33.9471095],[118.1755388,33.9472169],[118.1755655,33.9479451],[118.1755814,33.9483798],[118.175593,33.948697],[118.1756232,33.9495192],[118.1756495,33.949581],[118.1756784,33.9497053],[118.1757112,33.9498432],[118.1758569,33.9510053],[118.1763577,33.9550005],[118.1765005,33.9561395],[118.1766369,33.9572703],[118.1768251,33.9588298],[118.1768386,33.9589184],[118.177018,33.9600971],[118.1770308,33.9601811],[118.1770494,33.9603061],[118.1772363,33.9615319],[118.1776726,33.9642858],[118.1778235,33.9654194]]}},{"type":"Feature","id":"way/842079426","properties":{"osm_id":842079426,"name":"吉林路","highway":"tertiary"},"geometry":{"type":"LineString","coordinates":[[118.2348937,33.9470203],[118.2350387,33.9470183],[118.2351602,33.9470211],[118.2370931,33.9470658],[118.237247,33.9470693],[118.237466,33.9470744],[118.237511,33.9470754],[118.2396731,33.9471253],[118.2398426,33.9471352],[118.24,33.9471388]]}},{"type":"Feature","id":"way/842079427","properties":{"osm_id":842079427,"name":"东海大道","highway":"tertiary"},"geometry":{"type":"LineString","coordinates":[[118.2394512,33.9585958],[118.2394528,33.958521],[118.239452,33.9584036],[118.2394627,33.9573212],[118.2394668,33.9569005],[118.239467,33.9568812],[118.2394674,33.9568429],[118.2394691,33.9566647],[118.2394706,33.9565136],[118.2394707,33.9565044],[118.2394729,33.9562823],[118.2394736,33.9562139],[118.2394746,33.9561066],[118.2394784,33.9557171],[118.2394875,33.9547975],[118.239494,33.9547302],[118.2394996,33.9543908],[118.2395342,33.9522851],[118.2395606,33.9506763],[118.2395625,33.950559],[118.2395617,33.9504324],[118.2395638,33.9503785],[118.239624,33.948834],[118.239637,33.9483664],[118.239668,33.9472521],[118.2396731,33.9471253],[118.2397147,33.9461055],[118.2397162,33.9460588],[118.2397231,33.9458546],[118.2397263,33.9457591],[118.2397367,33.94545],[118.2398636,33.9454465],[118.2398597,33.9457618],[118.2398585,33.9458568],[118.239856,33.946061],[118.2398554,33.9461079],[118.2398426,33.9471352],[118.2398388,33.947256],[118.2398029,33.9483688],[118.2397898,33.9487757],[118.239788,33.9488316],[118.2397379,33.9503856],[118.2397362,33.950439],[118.2397359,33.9505706]]}},{"type":"Feature","id":"way/842079430","properties":{"osm_id":842079430,"name":"阳澄湖路","highway":"secondary"},"geometry":{"type":"LineString","coordinates":[[118.2399599,33.9384383],[118.2399443,33.9385576],[118.2399251,33.9387124],[118.2398975,33.9389359],[118.2398842,33.9390182],[118.2398587,33.9390839],[118.239831,33.9391263],[118.2397763,33.9391754],[118.2397311,33.9392062],[118.2396549,33.9392314],[118.2395445,33.9392454],[118.2393665,33.9392362],[118.2377174,33.9391515],[118.236062,33.9390808],[118.2357095,33.9390671],[118.2355946,33.939063]]}},{"type":"Feature","id":"way/842079431","properties":{"osm_id":842079431,"name":"阳澄湖路","highway":"secondary"},"geometry":{"type":"LineString","coordinates":[[118.2355946,33.9389004],[118.2360462,33.9389159],[118.2377249,33.9389895],[118.2393876,33.9390584],[118.2395972,33.9390671],[118.2396854,33.9390511],[118.2397381,33.9390232],[118.23976,33.9389924],[118.239775,33.9389525],[118.2397874,33.9389018],[118.2398195,33.9386891],[118.2398427,33.9385355],[118.2398609,33.9384144]]}},{"type":"Feature","id":"way/842323732","properties":{"osm_id":842323732,"name":"东海大道","highway":"tertiary"},"geometry":{"type":"LineString","coordinates":[[118.2395967,33.9585963],[118.2395525,33.9603409],[118.239551,33.9603991],[118.2395238,33.9614699],[118.2395207,33.9615932],[118.2395183,33.9616882]]}},{"type":"Feature","id":"way/842347095","properties":{"osm_id":842347095,"name":"独墅湖路","highway":"tertiary"},"geometry":{"type":"LineString","coordinates":[[118.2217912,33.9462199],[118.2240026,33.9463106],[118.2242129,33.9463192],[118.2250753,33.9463546],[118.2251358,33.9463571],[118.2271553,33.9464399],[118.2290846,33.946519],[118.229226,33.9465248]]}},{"type":"Feature","id":"way/842347096","properties":{"osm_id":842347096,"name":"天池山路","highway":"tertiary"},"geometry":{"type":"LineString","coordinates":[[118.2260053,33.9336085],[118.2259722,33.9336692],[118.2259563,33.9336982],[118.2259239,33.9338008],[118.2258734,33.9345858],[118.2258702,33.9346357],[118.2258103,33.9355667],[118.2258074,33.9356127],[118.2258065,33.9356262],[118.2258056,33.9356402],[118.2257419,33.9366844],[118.225739,33.9367317],[118.2257327,33.9368227],[118.2256904,33.9374305],[118.2256832,33.9375411],[118.2256825,33.9375538],[118.2256034,33.9388311],[118.2255978,33.9389214],[118.2255901,33.9390415],[118.225586,33.9391078],[118.2255818,33.9391758],[118.225491,33.9406458],[118.2254792,33.940836],[118.2253959,33.9421844],[118.2253908,33.9422689]]}},{"type":"Feature","id":"way/842347100","properties":{"osm_id":842347100,"name":"通达大道","highway":"secondary"},"geometry":{"type":"LineString","coordinates":[[118.2223925,33.9317799],[118.222379,33.9319094],[118.2221897,33.9337189],[118.2221823,33.93379],[118.2220504,33.935051],[118.2220442,33.9351105],[118.2218606,33.9365568],[118.2218539,33.9366096],[118.2217487,33.93756],[118.2216125,33.9387895],[118.2216039,33.9388674],[118.2215912,33.9390202],[118.2215842,33.9391345],[118.2215775,33.9392433],[118.2215756,33.939275],[118.2215733,33.9393048],[118.2215492,33.9396172],[118.2214854,33.9404452],[118.2214674,33.9406789],[118.2214595,33.9407969],[118.2214581,33.9408225],[118.2214519,33.9409314],[118.2214329,33.9412696],[118.221386,33.9421708]]}},{"type":"Feature","id":"way/842347101","properties":{"osm_id":842347101,"name":"同里湖路","highway":"tertiary"},"geometry":{"type":"LineString","coordinates":[[118.2218553,33.9432966],[118.2218613,33.9432969],[118.2252628,33.9434301],[118.2253201,33.9434323],[118.2260839,33.9434633],[118.2261052,33.9434642],[118.2292821,33.9435929],[118.2294359,33.9435991],[118.2303062,33.9436414],[118.2304947,33.9436506],[118.2320833,33.9437277],[118.232234,33.9437256]]}},{"type":"Feature","id":"way/842347102","properties":{"osm_id":842347102,"name":"虞山路","highway":"tertiary"},"geometry":{"type":"LineString","coordinates":[[118.2325,33.946659],[118.2325458,33.9457937],[118.2325741,33.9452602],[118.2325784,33.9451649],[118.2325868,33.9450557],[118.2326272,33.9445295],[118.2326354,33.9444018],[118.2326305,33.9443053],[118.2326149,33.9442771],[118.2325886,33.9442294],[118.2322893,33.9438041],[118.232234,33.9437256],[118.2321345,33.9434884],[118.2321179,33.9434488],[118.2320708,33.9432858],[118.2320548,33.9431973],[118.2320445,33.9431345],[118.2320347,33.9430802],[118.2320325,33.9429535],[118.2320319,33.942921],[118.2320374,33.9428812]]}},{"type":"Feature","id":"way/842347113","properties":{"osm_id":842347113,"name":"鄱阳湖路","highway":"tertiary"},"geometry":{"type":"LineString","coordinates":[[118.2332643,33.9369718],[118.2328347,33.936932],[118.2328235,33.936931],[118.2324828,33.9369295],[118.2322703,33.9369286],[118.2321355,33.9369256],[118.2316858,33.936926],[118.2310861,33.9369233],[118.2310036,33.9369229],[118.2309668,33.9369228],[118.22972,33.9369172],[118.2295508,33.9369165]]}},{"type":"Feature","id":"way/842347114","properties":{"osm_id":842347114,"name":"石公山路","highway":"tertiary"},"geometry":{"type":"LineString","coordinates":[[118.217499,33.9293826],[118.2174956,33.9294664],[118.2174937,33.9298265],[118.2174909,33.9300105],[118.2174829,33.9309232],[118.2174746,33.9319062],[118.2174645,33.9330746],[118.217466,33.9331446],[118.217499,33.9354792],[118.2175327,33.9365278],[118.2175342,33.9366026],[118.2175854,33.937407],[118.2175945,33.9375503],[118.2175995,33.9376264],[118.2176772,33.9388037],[118.2176824,33.9388837],[118.2176921,33.9390184],[118.2176978,33.9390928],[118.2177071,33.9392143],[118.2178161,33.9403543],[118.2178234,33.9404314],[118.2178593,33.9408062],[118.2178681,33.9408985],[118.2178839,33.9410637],[118.2179768,33.942036],[118.2179895,33.9421685]]}},{"type":"Feature","id":"way/842569248","properties":{"osm_id":842569248,"name":"澳门路","highway":"tertiary"},"geometry":{"type":"LineString","coordinates":[[118.24,33.875213],[118.2384481,33.8752632],[118.2345988,33.8753925],[118.2344977,33.8753958],[118.2342549,33.8753974],[118.23416,33.8753998],[118.2338999,33.8754062]]}},{"type":"Feature","id":"way/842569249","properties":{"osm_id":842569249,"name":"香港路","highway":"tertiary"},"geometry":{"type":"LineString","coordinates":[[118.2097565,33.8727741],[118.2099582,33.8727661],[118.2155118,33.8725458],[118.2184093,33.8724308],[118.2185936,33.8724235],[118.2197909,33.8723753],[118.2200872,33.8723634],[118.2212649,33.872316],[118.222438,33.8722688],[118.2236735,33.8722183],[118.2247031,33.8721762],[118.2259343,33.8721259],[118.2268479,33.8720933],[118.2281643,33.8720463],[118.2294908,33.871999],[118.2296994,33.8719915],[118.230502,33.8719628],[118.2320041,33.8719092],[118.2322437,33.8719007],[118.2323133,33.8718978],[118.2332746,33.8718639]]}},{"type":"Feature","id":"way/842569252","properties":{"osm_id":842569252,"name":"九龙路","highway":"tertiary"},"geometry":{"type":"LineString","coordinates":[[118.2184817,33.8683882],[118.2184945,33.8688504],[118.2185936,33.8724235],[118.2186327,33.8740485],[118.2187182,33.8755248],[118.2187386,33.8758775]]}},{"type":"Feature","id":"way/842569253","properties":{"osm_id":842569253,"name":"三亚路","highway":"tertiary"},"geometry":{"type":"LineString","coordinates":[[118.2098208,33.871475],[118.2099811,33.8714016],[118.2104321,33.8711991],[118.2105605,33.8711415],[118.210766,33.8710493],[118.2110516,33.8709211],[118.2127109,33.8701764],[118.2139064,33.8696956],[118.2179017,33.868554],[118.2181403,33.8684858],[118.2183238,33.8684333],[118.2184817,33.8683882],[118.2189728,33.8683166],[118.2197994,33.8681961],[118.2198893,33.868183],[118.2233867,33.8680816],[118.2260297,33.868005],[118.2263387,33.8679897],[118.2301473,33.8678016],[118.2328121,33.86767],[118.2332795,33.8676469]]}},{"type":"Feature","id":"way/842569255","properties":{"osm_id":842569255,"name":"广州路","highway":"secondary"},"geometry":{"type":"LineString","coordinates":[[118.2027165,33.884864],[118.2044123,33.884842],[118.2061393,33.8848196],[118.2096809,33.8847095],[118.2097605,33.8847071],[118.2099786,33.8847047],[118.2101361,33.8846978],[118.2102082,33.8846956],[118.2123525,33.8846296],[118.2125761,33.8846272],[118.2143466,33.8845995],[118.2165827,33.8845675],[118.216783,33.8845647],[118.2168488,33.8845638],[118.2173252,33.8845569],[118.2209483,33.8845051],[118.2244096,33.8844556],[118.2245105,33.8844545],[118.2258993,33.8844144],[118.2274476,33.8843698],[118.2296904,33.8843051],[118.2316154,33.8842496],[118.2316699,33.884248],[118.2325624,33.8842223],[118.2325826,33.8842217],[118.2331475,33.8842054]]}},{"type":"Feature","id":"way/842569256","properties":{"osm_id":842569256,"name":"广州路","highway":"secondary"},"geometry":{"type":"LineString","coordinates":[[118.24,33.8840746],[118.2397508,33.8840801],[118.2382472,33.884104],[118.235918,33.884141],[118.2358416,33.8841432],[118.2344572,33.884183]]}},{"type":"Feature","id":"way/842569259","properties":{"osm_id":842569259,"name":"顺德路","highway":"unclassified"},"geometry":{"type":"LineString","coordinates":[[118.2141572,33.8792763],[118.2141599,33.8793492],[118.2142273,33.881194],[118.2143466,33.8845995]]}},{"type":"Feature","id":"way/842569260","properties":{"osm_id":842569260,"name":"330乡道","highway":"tertiary","ref":"Y330"},"geometry":{"type":"LineString","coordinates":[[118.2030616,33.879693],[118.2030261,33.8797054],[118.2029912,33.8797317],[118.202967,33.8797514],[118.2029382,33.8797848],[118.2029109,33.8798504],[118.2029037,33.8800785],[118.2028727,33.8808693],[118.2028359,33.8818101],[118.202827,33.8820384],[118.2028212,33.8821873],[118.2027604,33.8837404],[118.2027165,33.884864],[118.2026463,33.8862323],[118.2026258,33.886588],[118.2025939,33.8871401],[118.2024971,33.888819],[118.2022957,33.8908573],[118.20206,33.8932427]]}},{"type":"Feature","id":"way/842569262","properties":{"osm_id":842569262,"name":"金鸡湖西路","highway":"tertiary"},"geometry":{"type":"LineString","coordinates":[[118.2332359,33.9107232],[118.2331324,33.9107332],[118.233069,33.9107356],[118.2328135,33.9107641],[118.2322693,33.9108167],[118.2320905,33.910834],[118.2316683,33.9108748],[118.2301225,33.9110243],[118.2296161,33.9110733],[118.2286293,33.9111688],[118.2281584,33.9112167],[118.2265032,33.911385],[118.2262427,33.9114115],[118.225865,33.9114499],[118.2251792,33.9115196],[118.2248385,33.9115542],[118.2245815,33.9115803],[118.2237594,33.9116639],[118.2236326,33.9116768],[118.2235423,33.9116859],[118.2225357,33.9117891],[118.2224653,33.9117963],[118.2219909,33.911845],[118.2214877,33.9118966],[118.2209858,33.9119481],[118.2204679,33.9120012],[118.2199574,33.9120536],[118.2196208,33.9120881],[118.2183715,33.9122162],[118.2173078,33.9123253]]}},{"type":"Feature","id":"way/842569263","properties":{"osm_id":842569263,"name":"余姚路","highway":"unclassified"},"geometry":{"type":"LineString","coordinates":[[118.2178822,33.9159905],[118.2151345,33.9160552],[118.2139794,33.9160824],[118.2128744,33.9161084],[118.2124678,33.916118],[118.2110305,33.9161519]]}},{"type":"Feature","id":"way/842569264","properties":{"osm_id":842569264,"name":"东吴路","highway":"tertiary"},"geometry":{"type":"LineString","coordinates":[[118.2330099,33.8983424],[118.2329041,33.8983441],[118.2324674,33.8983513],[118.2314276,33.8983684],[118.2304566,33.8983843],[118.2288254,33.8984111],[118.2285419,33.8984158],[118.2278266,33.8984275],[118.2271138,33.8984351],[118.2259976,33.898447],[118.2243744,33.8984644],[118.2242884,33.8984656],[118.2210339,33.8985118],[118.2201637,33.8985241],[118.2170643,33.8985681],[118.2147889,33.8986004],[118.2144599,33.8986051],[118.2143807,33.8986062],[118.2135677,33.8986177],[118.2123552,33.8986349],[118.2105024,33.8986612],[118.2104512,33.8986619]]}},{"type":"Feature","id":"way/842569265","properties":{"osm_id":842569265,"name":"东吴路","highway":"tertiary"},"geometry":{"type":"LineString","coordinates":[[118.2103465,33.898845],[118.2077919,33.8988872],[118.2039724,33.8989504],[118.2015397,33.8989906]]}},{"type":"Feature","id":"way/842569266","properties":{"osm_id":842569266,"name":"东吴路","highway":"tertiary"},"geometry":{"type":"LineString","coordinates":[[118.2015583,33.8987995],[118.2045295,33.8987525],[118.2081205,33.8986957],[118.2081923,33.8986946],[118.2102909,33.8986614],[118.2103402,33.8986606],[118.2104512,33.8986619]]}},{"type":"Feature","id":"way/842569280","properties":{"osm_id":842569280,"name":"瑞安路","highway":"unclassified"},"geometry":{"type":"LineString","coordinates":[[118.2377997,33.9077116],[118.2379199,33.9077122],[118.2380233,33.9077128],[118.2384531,33.907715],[118.2395749,33.9077208],[118.24,33.907723]]}},{"type":"Feature","id":"way/842569282","properties":{"osm_id":842569282,"name":"耿龙路","highway":"tertiary","ref":"Y165"},"geometry":{"type":"LineString","coordinates":[[118.1768565,33.8884192],[118.1768693,33.8890968],[118.176749,33.8897693],[118.1765054,33.8911317],[118.1763213,33.8921981],[118.1761757,33.8931011],[118.1761035,33.8935489],[118.1760499,33.8939894],[118.1760156,33.8942709],[118.175927,33.8949987],[118.1757113,33.8967694],[118.1756036,33.8976542],[118.17559,33.8977835],[118.1755624,33.8980275],[118.175433,33.8991721],[118.1754173,33.8994098],[118.1754131,33.8994719],[118.1753498,33.9004281],[118.1753217,33.9008516],[118.1753077,33.9010629],[118.1752948,33.901258],[118.1752948,33.901318]]}},{"type":"Feature","id":"way/842569283","properties":{"osm_id":842569283,"name":"耿龙路","highway":"tertiary","ref":"Y165"},"geometry":{"type":"LineString","coordinates":[[118.1768565,33.8884192],[118.176983,33.8873056],[118.1770276,33.8869883],[118.1770779,33.8866302],[118.177121,33.8863233],[118.1772005,33.8857581],[118.177297,33.8850381],[118.1773429,33.8846953],[118.1774081,33.8842087],[118.1774435,33.8839449],[118.1776104,33.8826753],[118.1778486,33.8809507],[118.1778573,33.880695],[118.1778721,33.880261],[118.1778821,33.879966],[118.1778917,33.8794753],[118.1778965,33.8792321],[118.1778963,33.8787397]]}},{"type":"Feature","id":"way/842569284","properties":{"osm_id":842569284,"name":"耿龙路","highway":"tertiary","ref":"Y165"},"geometry":{"type":"LineString","coordinates":[[118.1778768,33.8784223],[118.177862,33.8781485],[118.1778052,33.8770977],[118.1777883,33.8766353],[118.177782,33.8764752],[118.1777811,33.8764512],[118.1777731,33.8762483],[118.1777715,33.8761802],[118.1777619,33.8757627],[118.17776,33.8756808],[118.1777612,33.8756344],[118.1777704,33.8752685],[118.1777736,33.87514],[118.1778432,33.8744578],[118.1778516,33.8743333],[118.1778855,33.8740328],[118.1779152,33.8737696],[118.1779231,33.8736998],[118.1779491,33.8734695],[118.1779685,33.8732978],[118.1779919,33.8730905],[118.1780165,33.8729485],[118.178063,33.8726805],[118.1781109,33.872361],[118.1781713,33.8718941],[118.1783483,33.8703512],[118.1787488,33.8671825],[118.1788351,33.8664995],[118.1789147,33.8658698],[118.1791272,33.8641881],[118.1792147,33.8633551],[118.1792806,33.862552],[118.1793265,33.8619929],[118.1793337,33.8619046],[118.1793815,33.8608499],[118.1794894,33.8591883],[118.1795509,33.8582418],[118.1795763,33.8578505],[118.1796898,33.8561111],[118.1798352,33.8547677],[118.1799593,33.8537953],[118.1800114,33.8535426],[118.1800444,33.8534416],[118.1801036,33.8533253],[118.1801732,33.8532297],[118.180255,33.8531486],[118.1804064,33.8530533],[118.1805012,33.8530083],[118.1805788,33.8529948],[118.180727,33.8529858]]}},{"type":"Feature","id":"way/842569285","properties":{"osm_id":842569285,"name":"耿龙路","highway":"tertiary","ref":"Y165"},"geometry":{"type":"LineString","coordinates":[[118.1778963,33.8787397],[118.1778768,33.8784223]]}},{"type":"Feature","id":"way/842569288","properties":{"osm_id":842569288,"name":"耿龙路","highway":"tertiary","ref":"Y165"},"geometry":{"type":"LineString","coordinates":[[118.2043184,33.8564957],[118.203929,33.8564724]]}},{"type":"Feature","id":"way/842569290","properties":{"osm_id":842569290,"highway":"secondary"},"geometry":{"type":"LineString","coordinates":[[118.2035675,33.8137749],[118.2031902,33.8138219],[118.2008658,33.8141154],[118.1996604,33.8142676],[118.1963427,33.8150126],[118.1944998,33.8154264],[118.1934806,33.8156314],[118.1924828,33.8158008],[118.1888359,33.8162706],[118.1873988,33.8164471],[118.1840164,33.8168624],[118.17904,33.8174734],[118.1783348,33.817573],[118.1781506,33.8176352],[118.1707628,33.819996],[118.168933,33.8205963],[118.1633969,33.8217996],[118.161156,33.8222408],[118.1598362,33.8222857],[118.156254,33.8224061],[118.1552946,33.8224403],[118.1552645,33.8224413],[118.1551597,33.8224445]]}},{"type":"Feature","id":"way/842569291","properties":{"osm_id":842569291,"highway":"secondary"},"geometry":{"type":"LineString","coordinates":[[118.1470797,33.8227549],[118.1465956,33.8227087],[118.1455662,33.8227357],[118.1439027,33.8228157],[118.1408503,33.8229182],[118.1361028,33.8230385],[118.1287643,33.8232791],[118.1209966,33.8235465],[118.120889,33.8235446]]}},{"type":"Feature","id":"way/842569292","properties":{"osm_id":842569292,"highway":"secondary"},"geometry":{"type":"LineString","coordinates":[[118.1473922,33.8227847],[118.1470797,33.8227549]]}},{"type":"Feature","id":"way/842569293","properties":{"osm_id":842569293,"name":"泗阜线","highway":"trunk","ref":"G633"},"geometry":{"type":"LineString","coordinates":[[118.1564035,33.7643017],[118.1567111,33.7643318],[118.1572486,33.7643843],[118.1575977,33.7644184],[118.1615408,33.7645315],[118.1638491,33.7645978],[118.1649313,33.7646288],[118.1657652,33.7646527],[118.1665893,33.7646764],[118.167679,33.7647076],[118.1688876,33.7647423],[118.1740684,33.7648909],[118.1775629,33.7649912],[118.1802876,33.7650694],[118.1812544,33.7650971],[118.187549,33.7652777],[118.1902881,33.7653704],[118.1928588,33.7654573],[118.1948533,33.7655248],[118.1970027,33.7655953],[118.1990739,33.7656493],[118.2001902,33.7656774],[118.2008747,33.7656858],[118.2037174,33.7656027],[118.2062488,33.7655287],[118.2086994,33.7654571],[118.2096941,33.765428],[118.2118678,33.7653645],[118.2127092,33.7653399],[118.2138463,33.7653067],[118.215299,33.7652642],[118.2155255,33.765231],[118.2156099,33.7652282],[118.2236458,33.7649601],[118.2261717,33.7648758],[118.229151,33.7647778],[118.2298632,33.7647526],[118.2303384,33.764688]]}},{"type":"Feature","id":"way/842569294","properties":{"osm_id":842569294,"name":"泗阜线","highway":"trunk","ref":"G633"},"geometry":{"type":"LineString","coordinates":[[118.1553107,33.7642519],[118.1564035,33.7643017]]}},{"type":"Feature","id":"way/842569295","properties":{"osm_id":842569295,"highway":"primary","ref":"S612;S251"},"geometry":{"type":"LineString","coordinates":[[118.1010135,33.8284101],[118.1001755,33.8291577],[118.0989997,33.8299727],[118.0975282,33.8308196],[118.0973472,33.8309167],[118.0971655,33.8310039],[118.0965615,33.8312676],[118.0952831,33.8317428],[118.0944105,33.8320238],[118.0943003,33.8320593],[118.0879614,33.8341004],[118.0847293,33.8350228],[118.0830631,33.8353912],[118.0764524,33.8366284]]}},{"type":"Feature","id":"way/842569297","properties":{"osm_id":842569297,"highway":"secondary"},"geometry":{"type":"LineString","coordinates":[[118.1219979,33.8078971],[118.1221188,33.807951],[118.1221931,33.8081271],[118.1213199,33.818451],[118.1211289,33.8207083],[118.120889,33.8235446],[118.1205356,33.827767],[118.1205282,33.8278555],[118.1205188,33.8279681],[118.1201761,33.8333474],[118.1201111,33.8343671],[118.1199363,33.8365608],[118.119918,33.8367911],[118.1203472,33.8400349],[118.1212365,33.8467906],[118.1212451,33.847051]]}},{"type":"Feature","id":"way/842569317","properties":{"osm_id":842569317,"name":"泗阜线","highway":"trunk","ref":"G633"},"geometry":{"type":"LineString","coordinates":[[118.1563883,33.764399],[118.1552929,33.764353]]}},{"type":"Feature","id":"way/842569318","properties":{"osm_id":842569318,"name":"耿龙路","highway":"tertiary","ref":"Y165"},"geometry":{"type":"LineString","coordinates":[[118.2330316,33.8569419],[118.2328892,33.8569394],[118.2312718,33.8569422],[118.2290102,33.8569527],[118.2247717,33.8569644],[118.2227131,33.8569618],[118.2186352,33.8569566],[118.2172261,33.856956],[118.2171338,33.856956],[118.2161392,33.8569555],[118.215353,33.8569551],[118.2141364,33.8569546],[118.2140768,33.8569566]]}},{"type":"Feature","id":"way/842597085","properties":{"osm_id":842597085,"name":"兴达路","highway":"tertiary"},"geometry":{"type":"LineString","coordinates":[[118.180172,33.9006098],[118.181277,33.901438],[118.1820495,33.90191],[118.1827254,33.9022751],[118.1833749,33.9025686],[118.183691,33.9027114],[118.1837929,33.9027459],[118.1845601,33.9030053],[118.1856973,33.9033703],[118.1859562,33.9034309],[118.1866974,33.90359],[118.1867917,33.9036102],[118.1874855,33.9037343],[118.1887814,33.9039738],[118.1891823,33.9040321],[118.1898486,33.9040993],[118.1904073,33.9041629],[118.1915015,33.9042682],[118.1930895,33.9044211]]}},{"type":"Feature","id":"way/842597086","properties":{"osm_id":842597086,"name":"润民路","highway":"tertiary"},"geometry":{"type":"LineString","coordinates":[[118.1752725,33.90208],[118.1765058,33.9017099],[118.180172,33.9006098],[118.1811634,33.900312],[118.181757,33.9001337],[118.1832083,33.8996977],[118.1845255,33.8991713],[118.1854925,33.8987115],[118.1867237,33.8981659],[118.18725,33.8979327]]}},{"type":"Feature","id":"way/842597087","properties":{"osm_id":842597087,"name":"建材路","highway":"tertiary"},"geometry":{"type":"LineString","coordinates":[[118.1944346,33.9011064],[118.1943243,33.9013782],[118.1930895,33.9044211],[118.1929256,33.904824],[118.1927696,33.9052075],[118.1925,33.9058703],[118.1921966,33.9066163],[118.1921841,33.9066471],[118.19194,33.9072472],[118.1918709,33.907417],[118.1917908,33.907614],[118.1916413,33.9079815],[118.191608,33.9080633],[118.1914804,33.908377],[118.1913152,33.908783],[118.1909345,33.9097189],[118.1908386,33.910002],[118.1908236,33.9100462],[118.19063,33.9105131],[118.190433,33.9109883],[118.1904206,33.9110183],[118.18988,33.9123221],[118.1896588,33.9128526],[118.1894728,33.9132984],[118.1891487,33.9141071],[118.1888381,33.914882],[118.1884546,33.9158387],[118.1883914,33.9159962]]}},{"type":"Feature","id":"way/842597089","properties":{"osm_id":842597089,"name":"科业路","highway":"tertiary"},"geometry":{"type":"LineString","coordinates":[[118.1833672,33.907969],[118.1835269,33.9073046],[118.1835581,33.9071745],[118.183809,33.9061305],[118.1841101,33.9048775],[118.1841188,33.9048414],[118.1843044,33.9040693],[118.1845601,33.9030053],[118.1846495,33.9025938],[118.1846799,33.9024536],[118.1849495,33.9012125],[118.1849879,33.9010356],[118.1850256,33.9008619],[118.1851231,33.9004129],[118.1851823,33.9001402],[118.1853851,33.8992061],[118.1854925,33.8987115]]}},{"type":"Feature","id":"way/842597090","properties":{"osm_id":842597090,"name":"兴园路","highway":"unclassified"},"geometry":{"type":"LineString","coordinates":[[118.1841188,33.9048414],[118.1854045,33.9051344],[118.185795,33.9052223],[118.186981,33.9054936],[118.1881972,33.9057632],[118.1892623,33.9059993],[118.1907512,33.9063294],[118.1921841,33.9066471]]}},{"type":"Feature","id":"way/842597091","properties":{"osm_id":842597091,"name":"科盛南路","highway":"residential"},"geometry":{"type":"LineString","coordinates":[[118.1857662,33.9151476],[118.1857913,33.9150479],[118.1858169,33.9149542],[118.1858332,33.9148944],[118.1861024,33.9139085],[118.1863266,33.9130735],[118.1864189,33.9127258],[118.1866378,33.9119016],[118.1866583,33.9118664],[118.1873859,33.9106169],[118.1874056,33.910583],[118.1875477,33.910339],[118.1877329,33.910021],[118.1877645,33.9099668],[118.1880961,33.9093972],[118.1882128,33.9091969],[118.1882429,33.9091301],[118.1882881,33.9090297],[118.1885985,33.9080535],[118.1888002,33.9074367],[118.1890113,33.90678],[118.1892623,33.9059993],[118.1892944,33.9058952],[118.1894854,33.9052763],[118.1896685,33.9046828],[118.1898043,33.9042429],[118.1898486,33.9040993]]}},{"type":"Feature","id":"way/842597093","properties":{"osm_id":842597093,"name":"光年路","highway":"tertiary"},"geometry":{"type":"LineString","coordinates":[[118.189102,33.9194334],[118.1891945,33.9194605],[118.1892611,33.9194806],[118.1905869,33.9198794],[118.1907045,33.9199147],[118.1910892,33.9200302],[118.1931749,33.9206565],[118.1944323,33.921034]]}},{"type":"Feature","id":"way/842597094","properties":{"osm_id":842597094,"name":"光谷路","highway":"tertiary"},"geometry":{"type":"LineString","coordinates":[[118.1728009,33.9186333],[118.1756368,33.9191692],[118.1758246,33.9192037],[118.1770363,33.9194261],[118.1792695,33.9198835],[118.1793877,33.9199092],[118.1805331,33.920114],[118.1805759,33.9201217],[118.1807834,33.9201588],[118.182219,33.9204211],[118.1832113,33.9206062],[118.1844337,33.9208342],[118.1858577,33.9211028],[118.1883647,33.9215756],[118.1884525,33.9215922],[118.1885583,33.9216104],[118.188637,33.9216246],[118.1895512,33.92179],[118.1910507,33.9220614],[118.1926414,33.922344],[118.1931792,33.9224396],[118.1945082,33.9226757]]}},{"type":"Feature","id":"way/842597095","properties":{"osm_id":842597095,"name":"光能路","highway":"tertiary"},"geometry":{"type":"LineString","coordinates":[[118.194657,33.9243754],[118.1945769,33.9243692],[118.1933387,33.9242553],[118.1914568,33.9240669],[118.1907535,33.9239959],[118.1896075,33.9238801],[118.1882085,33.9237543],[118.1881284,33.9237471],[118.1880326,33.9237383]]}},{"type":"Feature","id":"way/842597096","properties":{"osm_id":842597096,"name":"勇进路","highway":"tertiary"},"geometry":{"type":"LineString","coordinates":[[118.1714791,33.9242844],[118.1717453,33.924319],[118.1732316,33.9244146],[118.1741681,33.9244748],[118.1775104,33.9246898],[118.1776475,33.9246987],[118.1793447,33.9252039],[118.1817811,33.9259291],[118.1822138,33.9260579],[118.1825865,33.9261659],[118.1827567,33.926195],[118.1829818,33.9262206],[118.1831805,33.9262384],[118.1832254,33.926242],[118.1832556,33.9262459],[118.1833094,33.9262486],[118.1835988,33.9262759],[118.1838775,33.9262927],[118.1844632,33.9263042],[118.1861916,33.9263372],[118.186441,33.926342],[118.1877052,33.9263661],[118.1877964,33.9263676],[118.187912,33.9263736],[118.1880138,33.9263723],[118.1896285,33.9263905],[118.1911346,33.9264074],[118.1919185,33.9264162],[118.1930682,33.9264292],[118.1933461,33.9264323],[118.1946405,33.9264469],[118.1947528,33.9264481],[118.1950327,33.9264512],[118.1956694,33.9264584],[118.1961251,33.9264635],[118.1962472,33.9264649],[118.1975172,33.9264791],[118.1975405,33.9264793],[118.1979127,33.9264835],[118.1981277,33.9264859],[118.1988928,33.9264945],[118.1994158,33.9264248],[118.1998548,33.9262853],[118.2002004,33.926138],[118.2004542,33.9259843],[118.2006514,33.9258352],[118.2008904,33.9256224],[118.2014136,33.9250382],[118.2016326,33.9247937],[118.2025563,33.9237654],[118.2026565,33.9236538],[118.2027964,33.9235785]]}},{"type":"Feature","id":"way/842597098","properties":{"osm_id":842597098,"name":"井冈山中路","highway":"residential"},"geometry":{"type":"LineString","coordinates":[[118.1978501,33.9280119],[118.1993876,33.9280851],[118.2008822,33.9281563],[118.2024432,33.9282306],[118.2042016,33.9283262]]}},{"type":"Feature","id":"way/842597099","properties":{"osm_id":842597099,"name":"延安中路","highway":"residential"},"geometry":{"type":"LineString","coordinates":[[118.1978647,33.9276536],[118.1994099,33.9277203],[118.2009047,33.9277849],[118.2024775,33.9278528],[118.2042265,33.9279369],[118.2045213,33.927951]]}},{"type":"Feature","id":"way/842597108","properties":{"osm_id":842597108,"name":"耿三路","highway":"unclassified"},"geometry":{"type":"LineString","coordinates":[[118.1685554,33.9348002],[118.1672093,33.9343478],[118.1648743,33.9336162],[118.1619488,33.9327136],[118.1580053,33.9314704],[118.1553683,33.9306391],[118.1544214,33.9303496],[118.1528892,33.9298812]]}},{"type":"Feature","id":"way/842597110","properties":{"osm_id":842597110,"name":"文化路","highway":"residential"},"geometry":{"type":"LineString","coordinates":[[118.1811182,33.9130257],[118.1811744,33.9129577],[118.1819583,33.9120091]]}},{"type":"Feature","id":"way/842597111","properties":{"osm_id":842597111,"name":"西小街","highway":"residential"},"geometry":{"type":"LineString","coordinates":[[118.1756537,33.9091519],[118.1765953,33.908199],[118.1779578,33.9067561]]}},{"type":"Feature","id":"way/842597114","properties":{"osm_id":842597114,"name":"海天路","highway":"unclassified"},"geometry":{"type":"LineString","coordinates":[[118.2050212,33.9083526],[118.2050382,33.9085268],[118.2050572,33.9091567],[118.2051246,33.9113981],[118.2051254,33.911424],[118.2051292,33.9115488],[118.2051739,33.9130336],[118.2051792,33.9132096],[118.2051895,33.9135511]]}},{"type":"Feature","id":"way/842597115","properties":{"osm_id":842597115,"name":"永康路","highway":"unclassified"},"geometry":{"type":"LineString","coordinates":[[118.2286518,33.9129835],[118.2286541,33.9131722],[118.2286655,33.9140871],[118.2286663,33.9141513],[118.2286718,33.9145945],[118.2286835,33.9155337],[118.2286982,33.9167155],[118.2287072,33.9174383]]}},{"type":"Feature","id":"way/842749613","properties":{"osm_id":842749613,"name":"月堤湖路","highway":"residential"},"geometry":{"type":"LineString","coordinates":[[118.189794,33.9679602],[118.189754,33.9677352],[118.1896581,33.9672687],[118.1896527,33.9672427],[118.1895562,33.9668144],[118.189503,33.9665782],[118.1893311,33.9658372],[118.1892013,33.9652775],[118.1890059,33.9644353],[118.1889329,33.9641204]]}},{"type":"Feature","id":"way/842780084","properties":{"osm_id":842780084,"name":"河滨北路","highway":"unclassified"},"geometry":{"type":"LineString","coordinates":[[118.2328377,33.821558],[118.2328396,33.8215198],[118.2327815,33.820536],[118.2326525,33.8164863],[118.2326477,33.8163633]]}},{"type":"Feature","id":"way/843513164","properties":{"osm_id":843513164,"highway":"secondary"},"geometry":{"type":"LineString","coordinates":[[117.9601272,33.7097543],[117.9600568,33.7086169],[117.9597397,33.7049372],[117.9595283,33.70282],[117.95926,33.7014468],[117.9577232,33.695061],[117.9566987,33.6887558],[117.9564792,33.68745],[117.9564873,33.6868817],[117.9566337,33.6864081],[117.956902,33.6855151],[117.9569589,33.6840131],[117.9569101,33.6819021],[117.9560808,33.6737555],[117.955471,33.6671171],[117.9550906,33.665]]}},{"type":"Feature","id":"way/843903830","properties":{"osm_id":843903830,"highway":"secondary"},"geometry":{"type":"LineString","coordinates":[[117.996746,34.0842244],[117.9971712,34.0843684]]}},{"type":"Feature","id":"way/843903831","properties":{"osm_id":843903831,"highway":"secondary"},"geometry":{"type":"LineString","coordinates":[[117.9958044,34.0839463],[117.996746,34.0842244]]}},{"type":"Feature","id":"way/843903841","properties":{"osm_id":843903841,"name":"皂井线","highway":"tertiary"},"geometry":{"type":"LineString","coordinates":[[118.1141273,34.0585956],[118.1141129,34.0595952],[118.1141017,34.059671],[118.1140715,34.0598742],[118.1140151,34.060035],[118.1139341,34.0602207],[118.1138392,34.0603758],[118.1137434,34.0604958],[118.1135773,34.0606742],[118.1135121,34.0607278],[118.1133694,34.0608451],[118.1131338,34.0610097],[118.1128256,34.0611667],[118.1127352,34.0611959],[118.1126356,34.061228],[118.1123727,34.0612955],[118.1121358,34.0613286],[118.1118294,34.0613342],[118.1116902,34.0613269],[118.1108493,34.0612827],[118.1103491,34.0612564],[118.1102926,34.0612534]]}},{"type":"Feature","id":"way/843903842","properties":{"osm_id":843903842,"name":"皂井线","highway":"tertiary"},"geometry":{"type":"LineString","coordinates":[[118.1148433,34.0448045],[118.1147028,34.0465165],[118.114624,34.0475748],[118.114562,34.048923],[118.1145251,34.0498794],[118.1144989,34.0505566],[118.1144916,34.0507441],[118.1144879,34.0508411],[118.1144331,34.0523565],[118.1143749,34.0538788],[118.1142926,34.0553744],[118.1141899,34.058087],[118.1141273,34.0585956]]}},{"type":"Feature","id":"way/843903843","properties":{"osm_id":843903843,"name":"皂井线","highway":"tertiary"},"geometry":{"type":"LineString","coordinates":[[118.1141273,34.0585956],[118.1140639,34.0578877],[118.1140616,34.0578619],[118.1139966,34.0570135],[118.1139866,34.0568826],[118.1139837,34.0563044],[118.1139811,34.0557778],[118.1139899,34.0556351],[118.1140402,34.0548178],[118.1140895,34.0540179],[118.1141147,34.0535259],[118.1141651,34.0525443],[118.1141742,34.0523659],[118.1141855,34.0516635],[118.1142006,34.0507294],[118.114202,34.0506473],[118.1142026,34.050608],[118.1142065,34.0505636],[118.1142842,34.0496873],[118.1143772,34.0490613],[118.1144136,34.048591],[118.1144631,34.0475452],[118.1144938,34.0465712],[118.1146172,34.0456375],[118.1148433,34.0448045]]}},{"type":"Feature","id":"way/843903846","properties":{"osm_id":843903846,"name":"龙运大道","highway":"tertiary"},"geometry":{"type":"LineString","coordinates":[[118.1127063,34.0248887],[118.1126949,34.0247908],[118.1124076,34.0222412],[118.1123437,34.0216125],[118.1122402,34.0205936],[118.1121185,34.0193962],[118.1120557,34.0187781],[118.1119811,34.0186511]]}},{"type":"Feature","id":"way/843903847","properties":{"osm_id":843903847,"name":"龙运大道","highway":"tertiary"},"geometry":{"type":"LineString","coordinates":[[118.1127908,34.0257574],[118.1127063,34.0248887]]}},{"type":"Feature","id":"way/843903848","properties":{"osm_id":843903848,"name":"宿黄线","highway":"secondary"},"geometry":{"type":"LineString","coordinates":[[118.1023956,34.0304484],[118.1024393,34.030539],[118.1024541,34.0305697],[118.1026506,34.0309772],[118.1027769,34.031239],[118.102963,34.0316575],[118.1031169,34.0320035],[118.1031682,34.0321899],[118.1032072,34.0324172],[118.1032225,34.0326031],[118.1032444,34.0327881],[118.1033306,34.0335408],[118.1033438,34.033604],[118.1033748,34.0337636],[118.1033918,34.0338459],[118.1035723,34.0348402],[118.1037163,34.0355584],[118.1038245,34.0362066],[118.1039356,34.036872],[118.1039519,34.0369699],[118.1039816,34.037097],[118.1040897,34.0375594],[118.1043637,34.0387311],[118.1044281,34.0390066],[118.1045369,34.0393051],[118.1045982,34.0394198],[118.1049244,34.0401185],[118.104957,34.0401908],[118.1053182,34.0409464],[118.1055493,34.0414298],[118.1058922,34.0421471],[118.1059311,34.0422702]]}},{"type":"Feature","id":"way/843903849","properties":{"osm_id":843903849,"name":"宿黄线","highway":"secondary"},"geometry":{"type":"LineString","coordinates":[[118.1021169,34.0298102],[118.1023956,34.0304484]]}},{"type":"Feature","id":"way/843903850","properties":{"osm_id":843903850,"name":"宿邳线","highway":"primary","ref":"S250"},"geometry":{"type":"LineString","coordinates":[[118.0884417,34.0323315],[118.0898719,34.0309319],[118.0899257,34.0308789],[118.0916421,34.0291877],[118.0947263,34.0269998],[118.0960879,34.0260339],[118.0969383,34.025456]]}},{"type":"Feature","id":"way/843903851","properties":{"osm_id":843903851,"name":"宿邳线","highway":"primary","ref":"S250"},"geometry":{"type":"LineString","coordinates":[[118.0864367,34.0347184],[118.0884417,34.0323315]]}},{"type":"Feature","id":"way/843903852","properties":{"osm_id":843903852,"name":"宿邳线","highway":"primary","ref":"S250"},"geometry":{"type":"LineString","coordinates":[[118.0823173,34.0415009],[118.0814587,34.0428007],[118.081296,34.0430312],[118.0794914,34.0455877],[118.0788054,34.0464743],[118.077489,34.0481756],[118.0767388,34.0489876],[118.0756942,34.0501181],[118.072872,34.0533789],[118.0718214,34.0545927],[118.0709576,34.0555826],[118.0698173,34.0568894],[118.0692335,34.057532],[118.066974,34.0600402],[118.0662293,34.0608668],[118.0654043,34.0617827],[118.0632326,34.0646782],[118.0630505,34.064921],[118.0614229,34.0674855],[118.0593736,34.0718182],[118.0583431,34.075179],[118.0582835,34.0754546],[118.0579697,34.0769052],[118.0577593,34.0778779]]}},{"type":"Feature","id":"way/843903853","properties":{"osm_id":843903853,"name":"宿邳线","highway":"primary","ref":"S250"},"geometry":{"type":"LineString","coordinates":[[118.0886332,34.0323355],[118.0867393,34.0345718]]}},{"type":"Feature","id":"way/843903856","properties":{"osm_id":843903856,"name":"宿邳线","highway":"primary","ref":"S250"},"geometry":{"type":"LineString","coordinates":[[118.0970114,34.0255801],[118.0961492,34.0261156],[118.0960208,34.0262085],[118.0959408,34.0262663],[118.094795,34.027095],[118.0917636,34.0292873],[118.089947,34.0310562],[118.0886332,34.0323355]]}},{"type":"Feature","id":"way/843903857","properties":{"osm_id":843903857,"name":"宿邳线","highway":"primary","ref":"S250"},"geometry":{"type":"LineString","coordinates":[[118.0976435,34.0251951],[118.0970274,34.0255702]]}},{"type":"Feature","id":"way/843903858","properties":{"osm_id":843903858,"name":"宿邳线","highway":"primary","ref":"S250"},"geometry":{"type":"LineString","coordinates":[[118.0975453,34.02507],[118.0991284,34.0241342],[118.0995019,34.0239578],[118.102807,34.0222538],[118.1045195,34.021592],[118.1073003,34.0205174],[118.1083229,34.020113],[118.1097519,34.0195479],[118.1114428,34.0188792],[118.1119811,34.0186511],[118.1134376,34.0180337],[118.1153592,34.0172191],[118.1158713,34.0169723],[118.1177189,34.0160725],[118.1191684,34.0153612],[118.1227171,34.013417],[118.1253167,34.0121032],[118.1274421,34.0111525],[118.1293531,34.0104378],[118.1294305,34.0104105],[118.1294986,34.0103866],[118.1302196,34.0101248],[118.1314371,34.0096826],[118.1335995,34.0090432],[118.1394297,34.0073323],[118.1409165,34.0068914],[118.1421318,34.006502],[118.1429353,34.0062445],[118.1451092,34.0054498],[118.1462639,34.0049274],[118.1463464,34.004887],[118.1489409,34.0037069],[118.14917,34.003589],[118.1511118,34.00259],[118.1519217,34.0021808],[118.1529437,34.0016475],[118.1556492,33.9998459],[118.1558596,33.9997058],[118.1562345,33.9994271],[118.1567002,33.9990754],[118.1574022,33.9985451],[118.1575196,33.9984585]]}},{"type":"Feature","id":"way/843903859","properties":{"osm_id":843903859,"name":"宿邳线","highway":"primary","ref":"S250"},"geometry":{"type":"LineString","coordinates":[[118.0970437,34.0253844],[118.0975453,34.02507]]}},{"type":"Feature","id":"way/843903861","properties":{"osm_id":843903861,"name":"皂井线","highway":"tertiary"},"geometry":{"type":"LineString","coordinates":[[118.1088125,34.0611823],[118.1087098,34.0611849],[118.1086263,34.0612114],[118.1085666,34.0612713],[118.1085237,34.0613495],[118.1084034,34.0616838],[118.108117,34.0624577],[118.1080752,34.0625914],[118.1080471,34.0627377],[118.1079937,34.0630423],[118.1079826,34.0633501],[118.1079734,34.0643001],[118.1079976,34.0655734],[118.1080058,34.0660018],[118.1080025,34.0674641],[118.1080021,34.0676378],[118.1080085,34.0677659],[118.1080098,34.0677921],[118.1080433,34.0679532],[118.108054,34.0680411],[118.1080251,34.0680923],[118.1079723,34.0681255],[118.1079057,34.0681424],[118.1078391,34.0681466]]}},{"type":"Feature","id":"way/843903862","properties":{"osm_id":843903862,"name":"皂井线","highway":"tertiary"},"geometry":{"type":"LineString","coordinates":[[118.1102926,34.0612534],[118.1088125,34.0611823]]}},{"type":"Feature","id":"way/843903874","properties":{"osm_id":843903874,"name":"270乡道","highway":"tertiary","ref":"Y270"},"geometry":{"type":"LineString","coordinates":[[118.1020004,34.0681147],[118.1019749,34.0678585],[118.1019653,34.0677879],[118.1019336,34.0675533],[118.1018835,34.0657692],[118.1018836,34.0650406],[118.1019907,34.0645886],[118.1022053,34.0638776],[118.102552,34.0629158],[118.1028835,34.0623013],[118.1029231,34.0622279],[118.1042306,34.0602103],[118.1047882,34.0592992],[118.1061182,34.0572388],[118.1069975,34.0558346],[118.1072161,34.0554854],[118.1076613,34.0546185]]}},{"type":"Feature","id":"way/843903875","properties":{"osm_id":843903875,"name":"环湖大道-骆马湖二线","highway":"tertiary"},"geometry":{"type":"LineString","coordinates":[[118.1035487,34.0681679],[118.1022519,34.0681326]]}},{"type":"Feature","id":"way/843903876","properties":{"osm_id":843903876,"name":"265乡道","highway":"tertiary","ref":"Y265"},"geometry":{"type":"LineString","coordinates":[[118.1050345,34.0681509],[118.1043519,34.0681545],[118.1042641,34.0681549],[118.1039247,34.0681611],[118.1036993,34.0681652],[118.1035487,34.0681679]]}},{"type":"Feature","id":"way/843903877","properties":{"osm_id":843903877,"name":"265乡道","highway":"tertiary","ref":"Y265"},"geometry":{"type":"LineString","coordinates":[[118.1078391,34.0681466],[118.1050345,34.0681509]]}},{"type":"Feature","id":"way/843903878","properties":{"osm_id":843903878,"name":"燕徐线","highway":"primary","ref":"S324"},"geometry":{"type":"LineString","coordinates":[[118.0170081,34.0386309],[118.0202313,34.0397239],[118.0224267,34.0403168],[118.0236951,34.0405324],[118.0239087,34.0405477],[118.0250123,34.0406268],[118.0261506,34.0405863],[118.0274841,34.0403977],[118.0290452,34.0399934],[118.0302649,34.0394544],[118.0315821,34.0387402],[118.0324928,34.0380125],[118.0333709,34.0371366],[118.0340539,34.0361529],[118.0346275,34.0349072],[118.0346933,34.0347548],[118.0350459,34.0336328],[118.035176,34.0325547],[118.0352723,34.0291394],[118.0353386,34.0267866],[118.035341,34.0266559],[118.0353874,34.0240775],[118.0355337,34.0220154],[118.0362009,34.0143167]]}},{"type":"Feature","id":"way/843903879","properties":{"osm_id":843903879,"name":"燕徐线","highway":"primary","ref":"S324"},"geometry":{"type":"LineString","coordinates":[[118.0149299,34.0379991],[118.0170081,34.0386309]]}},{"type":"Feature","id":"way/844177539","properties":{"osm_id":844177539,"name":"苏州西路","highway":"tertiary"},"geometry":{"type":"LineString","coordinates":[[118.1696754,33.9015012],[118.1712227,33.9025497],[118.17239,33.9033408],[118.1725237,33.9034313],[118.1739329,33.9043863],[118.1740969,33.9044975],[118.1751275,33.9052034],[118.1752333,33.905276]]}},{"type":"Feature","id":"way/844177541","properties":{"osm_id":844177541,"name":"睢皂线","highway":"secondary"},"geometry":{"type":"LineString","coordinates":[[118.0794105,33.9840377],[118.0792886,33.9838977],[118.0784755,33.9829134],[118.0772154,33.98119],[118.0759874,33.9795557],[118.0759551,33.9795088],[118.0750768,33.9782342],[118.0749508,33.9778095],[118.0748492,33.9774668],[118.0748328,33.9774116],[118.0747128,33.9771566],[118.0745727,33.9768587],[118.0742474,33.9764002],[118.073661,33.9758757],[118.0735071,33.9757381],[118.0734181,33.9756585],[118.0724985,33.974907],[118.0723123,33.9747549],[118.0721167,33.9745211],[118.0712064,33.9734333],[118.0705722,33.9725567],[118.0702912,33.9719796],[118.0702307,33.9718554],[118.0701857,33.9717291],[118.0700577,33.9713701],[118.0696778,33.9703045],[118.0696635,33.9702344],[118.0695717,33.9697831],[118.0695118,33.9694887],[118.0690111,33.9670272],[118.0687834,33.9665147],[118.0686045,33.9662045],[118.0682382,33.9657488],[118.0678962,33.9653233],[118.0670059,33.9642157],[118.066792,33.9639495],[118.066138,33.9631359],[118.0660352,33.963008],[118.0643028,33.9606299]]}},{"type":"Feature","id":"way/844177543","properties":{"osm_id":844177543,"name":"睢皂线","highway":"secondary"},"geometry":{"type":"LineString","coordinates":[[118.0643028,33.9606299],[118.0634294,33.9595015]]}},{"type":"Feature","id":"way/844177544","properties":{"osm_id":844177544,"name":"育才路","highway":"residential"},"geometry":{"type":"LineString","coordinates":[[118.0857435,33.9978554],[118.0863819,33.9977392],[118.0867493,33.9976723],[118.0882063,33.9974368],[118.0882812,33.9974247],[118.0883457,33.9974127],[118.0894965,33.9971985],[118.0920791,33.9967413],[118.0932619,33.9965414]]}},{"type":"Feature","id":"way/844573318","properties":{"osm_id":844573318,"name":"蔡田路","highway":"unclassified"},"geometry":{"type":"LineString","coordinates":[[118.1313195,34.0043358],[118.1313128,34.0043094],[118.130913,34.0027357],[118.1305504,34.0012632],[118.1305237,34.001159],[118.1304095,34.0006715],[118.1303416,34.0004297],[118.1302655,34.0001591],[118.13017,33.9997518],[118.1301402,33.9996302],[118.1300478,33.999273],[118.1299578,33.9989248],[118.1299201,33.998779],[118.1296818,33.9978275],[118.1296276,33.9976152],[118.128893,33.9947366],[118.1278484,33.9906429],[118.1274674,33.9891479],[118.1272179,33.9882087],[118.126946,33.9871854],[118.126587,33.9858343]]}},{"type":"Feature","id":"way/844573323","properties":{"osm_id":844573323,"name":"宜居路","highway":"unclassified"},"geometry":{"type":"LineString","coordinates":[[118.1733238,33.9882375],[118.1731547,33.9882749],[118.1730893,33.9882905],[118.1730372,33.9883223],[118.1728497,33.9885567],[118.1727786,33.9886395],[118.1727001,33.9886866],[118.1723348,33.9888154],[118.1713805,33.9890961],[118.1707788,33.9892826],[118.1699929,33.9895262],[118.168038,33.9901221],[118.1663661,33.9906255],[118.1657539,33.9908187],[118.1654747,33.990906],[118.1650056,33.9910457],[118.1646007,33.9911662],[118.161124,33.9922012],[118.1609492,33.9922534],[118.1604122,33.9924139],[118.1601767,33.9924843],[118.1595077,33.9926842],[118.1569977,33.9934256],[118.1561436,33.9936925],[118.1551689,33.993998],[118.1549364,33.9940709],[118.154827,33.9941302],[118.1531797,33.9950727],[118.1514663,33.9960062],[118.1500058,33.9968433],[118.149558,33.9971019],[118.1488178,33.9975293],[118.1483479,33.9977995],[118.1472473,33.9984122],[118.1459954,33.9991303],[118.144458,34.0000121],[118.1436804,34.0004581],[118.1430054,34.0008446],[118.1429196,34.0008932],[118.1429053,34.0009013],[118.1422417,34.0012681],[118.1416057,34.0016196],[118.1412068,34.0018438],[118.1399562,34.0025468],[118.1392193,34.0029789],[118.1369653,34.004293],[118.1320506,34.0070789]]}},{"type":"Feature","id":"way/844573354","properties":{"osm_id":844573354,"name":"梁王线","highway":"secondary"},"geometry":{"type":"LineString","coordinates":[[118.0625986,33.9581111],[118.0545067,33.9592586],[118.0522418,33.9595298],[118.0486359,33.9599276],[118.0484497,33.9599481],[118.0446857,33.9603703],[118.042206,33.9606647],[118.0382598,33.9611101],[118.0367114,33.9612737],[118.0344117,33.9615168],[118.0325715,33.9617243],[118.0282973,33.9622062]]}},{"type":"Feature","id":"way/844573391","properties":{"osm_id":844573391,"name":"运河路","highway":"residential"},"geometry":{"type":"LineString","coordinates":[[118.1037163,34.0355584],[118.1052314,34.0354683],[118.1068512,34.035338],[118.1092212,34.0351766],[118.109337,34.0351827],[118.109488,34.0351925]]}},{"type":"Feature","id":"way/844573392","properties":{"osm_id":844573392,"name":"文景路","highway":"residential"},"geometry":{"type":"LineString","coordinates":[[118.1054212,34.0368721],[118.1053709,34.0364998],[118.1053411,34.0362793],[118.1053036,34.0360023],[118.1052314,34.0354683],[118.1051461,34.0348713],[118.1051165,34.0346641],[118.1049828,34.0337281]]}},{"type":"Feature","id":"way/844573394","properties":{"osm_id":844573394,"name":"探楚路","highway":"secondary"},"geometry":{"type":"LineString","coordinates":[[118.1815269,34.0129007],[118.1813574,34.0126393],[118.1812936,34.0125409],[118.1812153,34.0124203],[118.1811205,34.0122741],[118.1806953,34.0116185],[118.1806417,34.0115359],[118.1803251,34.0110477],[118.1789672,34.008954],[118.1786169,34.0084139],[118.1784538,34.0081624],[118.1782877,34.0079063],[118.1778959,34.0073022],[118.1776234,34.0068708],[118.1771079,34.0061172],[118.1757478,34.0040403],[118.1756939,34.0038858],[118.1756731,34.0037241],[118.1755988,34.0013085],[118.1756098,34.0010131],[118.1756749,34.0007569],[118.1760391,33.9997891],[118.176194,33.9995893],[118.1777772,33.998391],[118.1793575,33.9971711],[118.1800758,33.9966165],[118.1809872,33.9959524],[118.181023,33.9959241],[118.1817277,33.9953658],[118.181964,33.9951891],[118.1837665,33.9938408],[118.1853726,33.9926585],[118.1866855,33.9916772]]}},{"type":"Feature","id":"way/844573395","properties":{"osm_id":844573395,"name":"蔡支线","highway":"tertiary"},"geometry":{"type":"LineString","coordinates":[[118.1973126,33.9611054],[118.1974101,33.9614159],[118.1974672,33.9615979],[118.197514,33.9617468],[118.1975628,33.9619022],[118.1976544,33.9621938],[118.1977676,33.9625544],[118.1978015,33.9626767],[118.1978986,33.9630234],[118.197929,33.9631321],[118.1979956,33.9633701],[118.1981896,33.9640633],[118.1982499,33.9642787],[118.1982771,33.9643757],[118.1984312,33.9649264],[118.198451,33.9649973],[118.1985302,33.9652736],[118.1986281,33.965615],[118.1986528,33.9657013],[118.1987272,33.9659609],[118.198857,33.9664137],[118.1989148,33.9666152],[118.1989802,33.9668434],[118.1990144,33.9669629],[118.1990995,33.9672597],[118.1992419,33.9677563],[118.1994038,33.9683211],[118.1996456,33.9691648],[118.1997831,33.9696444],[118.2000009,33.9704042],[118.2000483,33.9705696],[118.2000654,33.9706292],[118.2003429,33.9716544],[118.2005396,33.9723813],[118.2006206,33.9726462],[118.2007167,33.9729728],[118.2008095,33.9732879]]}},{"type":"Feature","id":"way/844573396","properties":{"osm_id":844573396,"name":"支口街","highway":"tertiary"},"geometry":{"type":"LineString","coordinates":[[118.2031145,33.9873274],[118.203537,33.9885891],[118.2035805,33.9887163],[118.2036733,33.9889875],[118.2037278,33.9891486],[118.2040498,33.9902024],[118.2041614,33.9905582],[118.2042102,33.9907137],[118.2045082,33.9916508],[118.2046549,33.9921069],[118.2049087,33.9928305],[118.2050433,33.993208],[118.2051459,33.9934957],[118.2053171,33.9940148],[118.2054042,33.9942789],[118.2058051,33.9954949]]}},{"type":"Feature","id":"way/844573398","properties":{"osm_id":844573398,"name":"润济路","highway":"living_street"},"geometry":{"type":"LineString","coordinates":[[118.2086039,33.9932534],[118.2084951,33.9931448],[118.2080623,33.9925074],[118.2080452,33.9924772],[118.2078626,33.9921552],[118.207656,33.9917908],[118.2073847,33.9910897],[118.2072562,33.9907505],[118.2069459,33.9899312],[118.2069043,33.9898226],[118.2056894,33.9866501]]}},{"type":"Feature","id":"way/844573401","properties":{"osm_id":844573401,"name":"民便河风景道","highway":"unclassified"},"geometry":{"type":"LineString","coordinates":[[118.1832643,33.9748657],[118.1823258,33.9752567],[118.182255,33.9752869],[118.1816941,33.9755257],[118.1808806,33.9758721],[118.1802701,33.976132],[118.1801563,33.9761677],[118.1798237,33.9762676],[118.1783856,33.9766993],[118.1768405,33.9772309],[118.1766553,33.9773093],[118.175787,33.9777226],[118.1752867,33.9779999],[118.1751525,33.9780972],[118.1749847,33.9782471],[118.1748859,33.9783472],[118.1746527,33.9785837],[118.1745233,33.9787148],[118.1744033,33.9788365],[118.1743091,33.978932],[118.1741027,33.9791411],[118.1740046,33.9792406],[118.1738958,33.9793509],[118.1738052,33.9794427],[118.1733091,33.9798936],[118.1727533,33.9803978],[118.1725583,33.9805595],[118.172328,33.9807505],[118.1722058,33.9808151],[118.1720882,33.9808746],[118.171951,33.9809289],[118.1714574,33.9810014],[118.1711574,33.981038],[118.1708918,33.981057],[118.1705764,33.9810619],[118.1702851,33.9810388],[118.1689099,33.9808656],[118.1682558,33.9807833],[118.1679113,33.9807399],[118.1677963,33.9807254],[118.1675163,33.9806902],[118.1668405,33.9806051],[118.1667757,33.9805969],[118.1665393,33.9805672],[118.1662525,33.980531],[118.1660409,33.9805044],[118.1659853,33.9804974],[118.165847,33.98048],[118.1656139,33.9804488],[118.1641578,33.9802538],[118.1633832,33.9801446],[118.160825,33.9798181],[118.160536,33.9797812],[118.1604815,33.9797742],[118.1595622,33.9796571],[118.1595134,33.9796509],[118.158567,33.9795706],[118.1582909,33.9795552],[118.1581027,33.9795654],[118.1580019,33.979581],[118.1579207,33.9796088],[118.1577894,33.9796931],[118.1574454,33.9799637],[118.1553103,33.981739],[118.1551809,33.9818465],[118.1551573,33.9818662],[118.154505,33.982434],[118.154265,33.9826428],[118.1538169,33.9830329],[118.1531228,33.983637],[118.1524006,33.9842655],[118.1514373,33.9851104],[118.150654,33.9858754],[118.1506421,33.9859442],[118.1507837,33.9863677],[118.1507523,33.9864705],[118.1506919,33.9866225]]}},{"type":"Feature","id":"way/844573402","properties":{"osm_id":844573402,"name":"宿邳线","highway":"primary","ref":"S250"},"geometry":{"type":"LineString","coordinates":[[118.0387896,34.1130795],[118.0386697,34.113183],[118.037557,34.1141295],[118.0354266,34.1159416],[118.0340242,34.1170166],[118.0325257,34.1181651],[118.0315154,34.1189394],[118.0267143,34.1226749],[118.0256992,34.1235501],[118.0253893,34.1238173],[118.0237399,34.1252394],[118.0218033,34.1273513],[118.0205665,34.128729],[118.0189959,34.1307302],[118.0189485,34.1307907]]}},{"type":"Feature","id":"way/844573404","properties":{"osm_id":844573404,"name":"宿邳线","highway":"primary","ref":"S250"},"geometry":{"type":"LineString","coordinates":[[118.0562453,34.0866033],[118.0552282,34.0894418],[118.0537823,34.0922036],[118.0528862,34.0939151],[118.0521941,34.0949533]]}},{"type":"Feature","id":"way/844573405","properties":{"osm_id":844573405,"highway":"primary","ref":"S250"},"geometry":{"type":"LineString","coordinates":[[118.0577593,34.0778779],[118.0577362,34.0779845]]}},{"type":"Feature","id":"way/844735607","properties":{"osm_id":844735607,"name":"耿赵路","highway":"unclassified"},"geometry":{"type":"LineString","coordinates":[[118.1949171,33.9185793],[118.1949602,33.9184362],[118.1951247,33.9178895],[118.1953183,33.9172459],[118.1955306,33.9165402],[118.1956622,33.9160978],[118.1958725,33.9153908],[118.1959115,33.9152599],[118.196029,33.9148647],[118.1963109,33.9139173]]}},{"type":"Feature","id":"way/844735612","properties":{"osm_id":844735612,"name":"光年路","highway":"tertiary"},"geometry":{"type":"LineString","coordinates":[[118.1944323,33.921034],[118.1945205,33.921059],[118.1948916,33.9211642],[118.1953589,33.9213051],[118.1957433,33.9214188],[118.195901,33.9214654],[118.196032,33.9215142],[118.1962846,33.9216084],[118.196331,33.9216257],[118.1966366,33.9217837],[118.1969284,33.9219871],[118.1973807,33.9223449],[118.1981228,33.9235856],[118.1981437,33.923618],[118.1983976,33.9240108],[118.1984706,33.9240991],[118.1985114,33.9241486],[118.1986268,33.924238],[118.1987193,33.9242884],[118.1988541,33.9243407],[118.1989648,33.9243696],[118.1990972,33.9243893],[118.1992263,33.9243929],[118.1993374,33.9243882],[118.1994893,33.9243573],[118.1996463,33.9243094],[118.1996884,33.9242891],[118.1998053,33.9242329],[118.1998973,33.9241672],[118.1999309,33.9241431],[118.1999465,33.9241311],[118.2000162,33.9240773],[118.2002487,33.9238719],[118.2006768,33.9234935],[118.2013648,33.9228864],[118.2014882,33.9227803]]}},{"type":"Feature","id":"way/844735613","properties":{"osm_id":844735613,"name":"光谷路","highway":"tertiary"},"geometry":{"type":"LineString","coordinates":[[118.1973807,33.9223449],[118.1982675,33.9215606],[118.1989173,33.9209843],[118.199016,33.9208967],[118.1991238,33.9207988],[118.1992573,33.9206838]]}},{"type":"Feature","id":"way/844740422","properties":{"osm_id":844740422,"name":"太原路","highway":"tertiary"},"geometry":{"type":"LineString","coordinates":[[118.2156649,33.770138],[118.2155837,33.7701466],[118.2130992,33.7704088],[118.2129893,33.7704204],[118.2120691,33.7704793],[118.2109507,33.7704675],[118.2102973,33.7704055],[118.2072068,33.770077],[118.2071284,33.7700909],[118.2037367,33.7700289],[118.2008522,33.7699761],[118.2007012,33.7699733],[118.1991318,33.7698762],[118.1978256,33.7697953],[118.1968184,33.769733],[118.1967664,33.7697298],[118.1950082,33.769621],[118.1927126,33.769479],[118.1901411,33.7693034]]}},{"type":"Feature","id":"way/844740423","properties":{"osm_id":844740423,"name":"龙夹线","highway":"residential"},"geometry":{"type":"LineString","coordinates":[[118.1963703,33.7449716],[118.1964006,33.7445494],[118.1964621,33.7438754],[118.1964992,33.7434691],[118.1965554,33.7418181],[118.196583,33.7410046],[118.1965846,33.740959],[118.1965876,33.7406708],[118.1965942,33.7400226],[118.1966038,33.7390873],[118.1966129,33.7382043],[118.196609,33.7375103],[118.1965993,33.7357848],[118.1965988,33.7356967],[118.1966047,33.7350239],[118.1966081,33.734633],[118.1966113,33.7342735],[118.1966117,33.7342272],[118.1966149,33.7338639],[118.1966202,33.7332576],[118.196624,33.7328244],[118.1966293,33.7322167],[118.1966328,33.7318173],[118.196633,33.7317925],[118.1966367,33.731372],[118.1966484,33.7300346],[118.1966518,33.7296486],[118.1966623,33.7284572],[118.1966694,33.7276439],[118.1966695,33.7271226],[118.1966696,33.7268548],[118.1966112,33.7266303],[118.1965231,33.7262914],[118.1963855,33.7257623],[118.196195,33.72503],[118.1960669,33.7245371],[118.1957222,33.7232117],[118.1956908,33.7230911],[118.1953513,33.7217857],[118.1944894,33.7184712],[118.1944566,33.7178437],[118.194275,33.714374],[118.1942221,33.713362],[118.1939554,33.7089132],[118.1937533,33.705541]]}},{"type":"Feature","id":"way/844740424","properties":{"osm_id":844740424,"name":"长春路","highway":"tertiary"},"geometry":{"type":"LineString","coordinates":[[118.2001645,33.7620856],[118.2001472,33.7620856],[118.1983166,33.7620803],[118.1968287,33.762076],[118.1956737,33.7620889],[118.1949679,33.7620968],[118.1948243,33.7620984],[118.194134,33.7621061],[118.1935411,33.7621127],[118.1926883,33.7621222],[118.1925752,33.7621235],[118.1923816,33.762079],[118.1909457,33.7617491],[118.1902435,33.7615878],[118.1897135,33.761466],[118.1886821,33.761229],[118.1885967,33.7612067],[118.1873802,33.7608889],[118.1873295,33.7608757],[118.1842358,33.7600479],[118.1808412,33.7589644]]}},{"type":"Feature","id":"way/844740425","properties":{"osm_id":844740425,"name":"龙河集老街","highway":"residential"},"geometry":{"type":"LineString","coordinates":[[118.1885967,33.7612067],[118.1884171,33.7619045],[118.1880269,33.7634208],[118.1880172,33.7634585],[118.187549,33.7652777]]}},{"type":"Feature","id":"way/844740427","properties":{"osm_id":844740427,"name":"龙河大道","highway":"tertiary"},"geometry":{"type":"LineString","coordinates":[[118.1927126,33.769479],[118.1927584,33.768143],[118.1927911,33.7671873],[118.1928398,33.7657672],[118.1928453,33.7656056],[118.1928588,33.7654573],[118.1927984,33.7642757],[118.1926883,33.7621222],[118.1926803,33.762042],[118.1926293,33.7615323],[118.1924907,33.7601461],[118.1922636,33.7577392],[118.1922605,33.7577068]]}},{"type":"Feature","id":"way/844740428","properties":{"osm_id":844740428,"name":"南京路","highway":"tertiary"},"geometry":{"type":"LineString","coordinates":[[118.1950682,33.7578618],[118.1949891,33.7602356],[118.1949687,33.7620246],[118.1949679,33.7620968],[118.1949052,33.7639715],[118.1948938,33.7643135],[118.1948533,33.7655248],[118.1948424,33.7656677]]}},{"type":"Feature","id":"way/844740429","properties":{"osm_id":844740429,"name":"武汉路","highway":"residential"},"geometry":{"type":"LineString","coordinates":[[118.2169674,33.7680668],[118.2155842,33.7682079],[118.2128375,33.7684932],[118.2103703,33.7687494],[118.2102221,33.7687095],[118.2100427,33.7686314]]}},{"type":"Feature","id":"way/844740440","properties":{"osm_id":844740440,"name":"纬一路","highway":"unclassified"},"geometry":{"type":"LineString","coordinates":[[118.24,33.8368641],[118.237222,33.8371517]]}},{"type":"Feature","id":"way/844744019","properties":{"osm_id":844744019,"name":"诚信路","highway":"residential"},"geometry":{"type":"LineString","coordinates":[[118.2049087,33.9928305],[118.2033591,33.9936663],[118.2022802,33.9942483],[118.2014063,33.9947197],[118.2000323,33.9954608],[118.1999242,33.9955191],[118.1981048,33.9964991],[118.1972275,33.9969716],[118.1970181,33.997086],[118.1956133,33.9978532],[118.1944622,33.9984819],[118.1914585,34.0000573],[118.1901414,34.0007679],[118.188627,34.001569],[118.1882379,34.0017786],[118.1875675,34.0021377],[118.1861212,34.0029125],[118.1842195,34.0039233],[118.1840462,34.0040154],[118.1822992,34.004944],[118.1821659,34.005015]]}},{"type":"Feature","id":"way/844775881","properties":{"osm_id":844775881,"name":"徐明高速","highway":"motorway","ref":"S07"},"geometry":{"type":"LineString","coordinates":[[117.6836774,33.6838693],[117.6834623,33.6818583],[117.6834074,33.6804477],[117.6834074,33.6795055],[117.683476,33.6783234],[117.6835858,33.6771926],[117.6837162,33.676216],[117.6839015,33.6752223],[117.6840867,33.6743314],[117.6843064,33.6734805],[117.6846563,33.6723496],[117.6849108,33.671621],[117.6852505,33.670676],[117.6858279,33.6693634],[117.6864733,33.6681276],[117.6873808,33.6665041],[117.6878515,33.6657731],[117.6883868,33.665]]}},{"type":"Feature","id":"way/844775882","properties":{"osm_id":844775882,"name":"徐明高速","highway":"motorway","ref":"S07"},"geometry":{"type":"LineString","coordinates":[[117.6832893,33.711107],[117.683442,33.7105817]]}},{"type":"Feature","id":"way/844775883","properties":{"osm_id":844775883,"name":"徐明高速","highway":"motorway","ref":"S07"},"geometry":{"type":"LineString","coordinates":[[117.6834199,33.7110928],[117.6831846,33.7118533],[117.6827996,33.7130803],[117.682275,33.7146368]]}},{"type":"Feature","id":"way/844775884","properties":{"osm_id":844775884,"name":"徐明高速","highway":"motorway","ref":"S07"},"geometry":{"type":"LineString","coordinates":[[117.68356,33.7105581],[117.6834199,33.7110928]]}},{"type":"Feature","id":"way/844775891","properties":{"osm_id":844775891,"highway":"secondary"},"geometry":{"type":"LineString","coordinates":[[117.6966833,33.7399152],[117.6970251,33.739871],[117.6973328,33.739819],[117.698219,33.739568],[117.698369,33.739488],[117.698898,33.739187],[117.700495,33.737815],[117.703151,33.735531],[117.703481,33.735231],[117.705408,33.733519],[117.706387,33.732687],[117.706676,33.732427],[117.706826,33.732237],[117.710062,33.729433],[117.716054,33.724207],[117.719071,33.721544],[117.72063,33.720183],[117.722798,33.718271],[117.723947,33.71726],[117.724097,33.71715],[117.725236,33.716129],[117.727035,33.714538],[117.7309958,33.7109918],[117.7322923,33.70988],[117.7322849,33.7090912],[117.73218,33.708369]]}},{"type":"Feature","id":"way/844775892","properties":{"osm_id":844775892,"highway":"secondary"},"geometry":{"type":"LineString","coordinates":[[117.6961249,33.7399766],[117.6966833,33.7399152]]}},{"type":"Feature","id":"way/844775893","properties":{"osm_id":844775893,"name":"山埇路","highway":"primary","ref":"S304"},"geometry":{"type":"LineString","coordinates":[[117.6910933,33.71029],[117.6817187,33.7109593],[117.6715532,33.7116666],[117.6603688,33.7125587],[117.6583862,33.7127353],[117.6581311,33.7128072],[117.6577212,33.7130118],[117.6574433,33.7132013],[117.6570881,33.7135764],[117.6567783,33.7140993],[117.6557671,33.7160657],[117.6554938,33.71649],[117.6553025,33.716706],[117.6549745,33.7169599],[117.6545737,33.7172099],[117.6541273,33.7173842],[117.6473917,33.7190631],[117.646113,33.7193831],[117.6437602,33.7199719],[117.6433457,33.7201007],[117.6429337,33.720273],[117.642419,33.7205875],[117.642322,33.7206674],[117.6422598,33.7206843],[117.6421876,33.7206877],[117.6421214,33.7206727],[117.6420732,33.7206359],[117.6420437,33.7205842],[117.6420243,33.7204875]]}},{"type":"Feature","id":"way/844775894","properties":{"osm_id":844775894,"name":"山埇路","highway":"primary","ref":"S304"},"geometry":{"type":"LineString","coordinates":[[117.6916974,33.7102516],[117.6910933,33.71029]]}},{"type":"Feature","id":"way/844775895","properties":{"osm_id":844775895,"name":"徐明高速","highway":"motorway","ref":"S07"},"geometry":{"type":"LineString","coordinates":[[117.6885052,33.665],[117.6878443,33.6659444],[117.6870547,33.6673384],[117.6863171,33.6686793],[117.6856329,33.670121],[117.6852932,33.6709812],[117.6849147,33.6720393],[117.6845701,33.6731539],[117.6842547,33.6742968],[117.6839636,33.6756012],[117.6838034,33.6766874],[117.6836627,33.6778343],[117.6835851,33.6788963],[117.6835511,33.6800108],[117.6835802,33.6810123],[117.6836239,33.6821833],[117.6837833,33.6838068]]}},{"type":"Feature","id":"way/844775916","properties":{"osm_id":844775916,"highway":"secondary"},"geometry":{"type":"LineString","coordinates":[[117.6500649,33.665],[117.650112,33.666669],[117.650142,33.668248],[117.650152,33.668738],[117.650102,33.672417],[117.650061,33.675356],[117.650051,33.675936],[117.650041,33.676286],[117.650031,33.676496],[117.649991,33.677585],[117.649981,33.678015],[117.649911,33.678845],[117.649851,33.679565],[117.649831,33.679885],[117.649821,33.679965],[117.649522,33.681715],[117.649052,33.683515],[117.648933,33.683905],[117.648833,33.684165],[117.647884,33.686586],[117.646766,33.689007],[117.646337,33.689938],[117.645678,33.691218],[117.64422,33.69402],[117.642123,33.698372],[117.641584,33.699522],[117.641464,33.699772],[117.641235,33.700303],[117.641095,33.700743],[117.641005,33.701173],[117.640925,33.701403],[117.640845,33.701863],[117.639437,33.707973],[117.639217,33.708983],[117.639207,33.708983]]}},{"type":"Feature","id":"way/844775996","properties":{"osm_id":844775996,"name":"大刘路","highway":"primary","ref":"S303"},"geometry":{"type":"LineString","coordinates":[[117.45,33.7710195],[117.45038,33.770894],[117.4529573,33.7699531],[117.453673,33.7696918],[117.4554348,33.7690487],[117.457125,33.7684316],[117.4572227,33.7683965]]}},{"type":"Feature","id":"way/844775998","properties":{"osm_id":844775998,"name":"下怀路","highway":"primary","ref":"S224"},"geometry":{"type":"LineString","coordinates":[[117.4696384,33.808942],[117.4703362,33.8154921],[117.470564,33.8166478],[117.4726659,33.8222751],[117.4735226,33.8244338],[117.4745268,33.8265272],[117.4762188,33.8297424],[117.4776166,33.832439],[117.4782817,33.8341918],[117.4797088,33.8422834],[117.4798268,33.8437805],[117.4798237,33.8455678],[117.4798462,33.8482582],[117.4798396,33.8512655],[117.4798686,33.8546778],[117.4798868,33.8568187],[117.4798885,33.8603176],[117.4798916,33.8666557],[117.4795722,33.8709845],[117.4793032,33.874629],[117.4791641,33.8784768],[117.4791248,33.880259],[117.4789744,33.8851314],[117.478305,33.896992],[117.4778617,33.9020876],[117.4778431,33.9023017],[117.4775003,33.9055919],[117.4774048,33.9065081],[117.4770139,33.9099821],[117.4768924,33.9111081],[117.4767332,33.9123625],[117.4766709,33.9129734],[117.476537,33.914019],[117.4764046,33.9150249],[117.4761971,33.9167783],[117.4759602,33.9187747],[117.4757882,33.9201495],[117.4757559,33.9204075],[117.4757505,33.9204502],[117.4756488,33.9212633],[117.4756333,33.9213919],[117.4754104,33.9232446],[117.4751138,33.9257093],[117.4749578,33.9270555],[117.4748948,33.9275999],[117.4748821,33.9277092],[117.4747073,33.9292154],[117.4746998,33.92928],[117.4745601,33.9304164],[117.4743138,33.9321609],[117.4742549,33.9328195],[117.4741223,33.9338774],[117.4741078,33.933993],[117.4739522,33.9352394],[117.4738117,33.9363836],[117.4736975,33.9373597],[117.4735443,33.9386572],[117.4733535,33.9402546],[117.4732428,33.9411276],[117.473162,33.9418187],[117.4731366,33.9422897],[117.4731016,33.9432412],[117.4730485,33.9442023],[117.4729489,33.9449199],[117.472883,33.9453246],[117.4728731,33.9453854],[117.4727762,33.9457969],[117.4725893,33.9464172],[117.4724185,33.9469245],[117.4721201,33.9477676],[117.4714322,33.9497138],[117.4707441,33.9516705],[117.4702105,33.9532158],[117.4696149,33.9548959],[117.4693604,33.9556322],[117.4692755,33.9559354],[117.4691858,33.9563076],[117.469119,33.9567413],[117.4690863,33.9573422],[117.4690836,33.9587241],[117.4690836,33.9599587],[117.4691021,33.960395],[117.4691436,33.960818],[117.4692405,33.9612525],[117.4693629,33.9616047],[117.4695013,33.9619339],[117.4696836,33.9622976],[117.4698844,33.9626344],[117.4700944,33.9629273],[117.4703413,33.9632297],[117.4706551,33.9635646],[117.4709597,33.9638498],[117.4717421,33.9645355],[117.4729562,33.9655884],[117.4742779,33.9667089],[117.4757171,33.967935],[117.476719,33.9687957],[117.4773195,33.9693235],[117.4774627,33.9694443],[117.477692,33.9696377],[117.4786939,33.9704828],[117.4798373,33.9721733],[117.4802388,33.9738994],[117.4802783,33.9742476],[117.4802397,33.9769244],[117.4799963,33.9817608],[117.4789236,33.9944285],[117.4786032,33.998212],[117.4784916,33.9992295],[117.4784515,33.9997959],[117.4783321,34.0014821],[117.4781692,34.003782],[117.4779653,34.0061212],[117.4777508,34.0078199],[117.4774654,34.0089033],[117.4758378,34.0133651],[117.4731186,34.0204926]]}},{"type":"Feature","id":"way/844775999","properties":{"osm_id":844775999,"name":"下怀路","highway":"primary","ref":"S224"},"geometry":{"type":"LineString","coordinates":[[117.4638148,33.7161821],[117.4635958,33.7168563]]}},{"type":"Feature","id":"way/844776000","properties":{"osm_id":844776000,"name":"大刘路","highway":"primary","ref":"S303"},"geometry":{"type":"LineString","coordinates":[[117.5635551,33.7662243],[117.5639042,33.7663275],[117.5875949,33.7774719],[117.588763,33.7782153],[117.5930416,33.7816072],[117.6005822,33.7874951],[117.6008962,33.7876125],[117.6021579,33.7880842],[117.6070497,33.7892763],[117.6143766,33.7911495],[117.6151079,33.7912868],[117.6161029,33.7912682],[117.6171351,33.7911067],[117.6181341,33.790684],[117.6278289,33.785635],[117.6293339,33.7846413],[117.6385855,33.7776959],[117.6421119,33.7750186],[117.6423833,33.7748328],[117.6450005,33.7730412],[117.6468801,33.7719066],[117.6502466,33.7702436],[117.6506305,33.770054]]}},{"type":"Feature","id":"way/844776001","properties":{"osm_id":844776001,"name":"大刘路","highway":"primary","ref":"S303"},"geometry":{"type":"LineString","coordinates":[[117.5609692,33.76201],[117.561304,33.7630676]]}},{"type":"Feature","id":"way/844776002","properties":{"osm_id":844776002,"name":"朝凤路","highway":"primary","ref":"S223"},"geometry":{"type":"LineString","coordinates":[[117.5735387,33.6672269],[117.573179,33.666677],[117.5718635,33.665]]}},{"type":"Feature","id":"way/844776003","properties":{"osm_id":844776003,"name":"朝凤路","highway":"primary","ref":"S223"},"geometry":{"type":"LineString","coordinates":[[117.573982,33.6678291],[117.5735387,33.6672269]]}},{"type":"Feature","id":"way/844798536","properties":{"osm_id":844798536,"highway":"secondary"},"geometry":{"type":"LineString","coordinates":[[118.24,33.6867803],[118.2397954,33.6867678],[118.2316406,33.686269],[118.2287132,33.6860899],[118.2254969,33.685516],[118.2180222,33.6841823],[118.2178191,33.6841461],[118.2148041,33.6836541],[118.2126786,33.6832723]]}},{"type":"Feature","id":"way/847402635","properties":{"osm_id":847402635,"name":"沿湖路","highway":"tertiary"},"geometry":{"type":"LineString","coordinates":[[118.0924143,34.1526224],[118.0958159,34.1496647],[118.0977837,34.1430568],[118.097897,34.1430568],[118.0980952,34.1432442],[118.1004452,34.1490555],[118.1005794,34.1494232],[118.1029934,34.1560379],[118.1047772,34.1608526],[118.1059438,34.1694029],[118.1059663,34.1695675],[118.1070469,34.1778883],[118.1071272,34.1803662],[118.1075519,34.1949107],[118.1077076,34.2038446],[118.1080191,34.2141355],[118.1081673,34.22]]}},{"type":"Feature","id":"way/847975020","properties":{"osm_id":847975020,"name":"阿里路","highway":"tertiary"},"geometry":{"type":"LineString","coordinates":[[118.1423508,33.8972137],[118.1423517,33.8971399],[118.1423098,33.895294],[118.1422894,33.8930468],[118.1422814,33.8921639],[118.1422754,33.8915042],[118.1422312,33.8903379],[118.142203,33.8891304],[118.1421795,33.8881265],[118.1421652,33.8871809],[118.142137,33.8853185],[118.1421131,33.8837351]]}},{"type":"Feature","id":"way/847987162","properties":{"osm_id":847987162,"name":"宿邳线","highway":"primary","ref":"S250"},"geometry":{"type":"LineString","coordinates":[[117.9662002,34.22],[117.9662827,34.219447],[117.9661368,34.2157726],[117.9658356,34.204261],[117.9659699,34.2032708],[117.9659866,34.2031481],[117.9664152,34.1999884],[117.9676573,34.1953846],[117.9693133,34.1915591],[117.9696796,34.1909441],[117.9728738,34.1855808],[117.9749032,34.1822262],[117.9779361,34.1784556],[117.9804655,34.1759496],[117.9836506,34.1733266],[117.9852428,34.1721605]]}},{"type":"Feature","id":"way/847987169","properties":{"osm_id":847987169,"name":"宿邳线","highway":"primary","ref":"S250"},"geometry":{"type":"LineString","coordinates":[[118.0121821,34.1414913],[118.0119596,34.1418091],[118.0099689,34.1445024],[118.0088591,34.1458636]]}},{"type":"Feature","id":"way/847987170","properties":{"osm_id":847987170,"name":"宿邳线","highway":"primary","ref":"S250"},"geometry":{"type":"LineString","coordinates":[[118.056502,34.0851547],[118.0565369,34.0849967],[118.0565589,34.0848865],[118.0571199,34.0820701],[118.0573253,34.080155],[118.0575533,34.0780293],[118.0581763,34.0751491],[118.0586124,34.0737268],[118.0592109,34.0717749],[118.0612675,34.0674267],[118.0629024,34.0648508],[118.0630432,34.0646615],[118.0652633,34.061703],[118.0660916,34.0607835],[118.0690963,34.0574481],[118.0695972,34.0568666],[118.0709674,34.0553186],[118.07104,34.0552366],[118.071684,34.0545089],[118.0726772,34.0533583],[118.0736072,34.0522809],[118.0748656,34.0508231],[118.0763562,34.0491307],[118.0763836,34.0490996],[118.0767565,34.0487116],[118.0768134,34.0486524],[118.0773475,34.0480966],[118.0793459,34.0455139],[118.081309,34.0427328],[118.082072,34.0415338]]}},{"type":"Feature","id":"way/847987171","properties":{"osm_id":847987171,"name":"宿邳线","highway":"primary","ref":"S250"},"geometry":{"type":"LineString","coordinates":[[118.0088591,34.1458636],[118.0073342,34.1476407],[118.0045758,34.1509543],[117.9999895,34.1564066],[117.9973362,34.1599365],[117.9950247,34.163272],[117.9925069,34.1661924],[117.9902421,34.1683265],[117.9885978,34.1698152]]}},{"type":"Feature","id":"way/847987172","properties":{"osm_id":847987172,"name":"宿邳线","highway":"primary","ref":"S250"},"geometry":{"type":"LineString","coordinates":[[118.0087464,34.1457813],[118.009826,34.1444252],[118.011813,34.1417369],[118.0120272,34.141431]]}},{"type":"Feature","id":"way/847987173","properties":{"osm_id":847987173,"name":"宿邳线","highway":"tertiary"},"geometry":{"type":"LineString","coordinates":[[118.0499911,34.1266657],[118.0485229,34.1266986],[118.048356,34.1267023],[118.0467144,34.126739],[118.0417244,34.1268501],[118.0354761,34.1270295],[118.0341321,34.1270681],[118.0308759,34.1271429],[118.0277451,34.1272148],[118.0275652,34.127219],[118.0267492,34.1272377],[118.0257284,34.1272611],[118.0238474,34.1273043],[118.0218033,34.1273513],[118.0215643,34.1273487],[118.0189077,34.1274306],[118.0187182,34.1274364],[118.0186188,34.1274284]]}},{"type":"Feature","id":"way/847987174","properties":{"osm_id":847987174,"name":"宿邳线","highway":"tertiary"},"geometry":{"type":"LineString","coordinates":[[118.0962581,34.1189583],[118.0951008,34.1182602]]}},{"type":"Feature","id":"way/847987191","properties":{"osm_id":847987191,"name":"宿邳线","highway":"tertiary"},"geometry":{"type":"LineString","coordinates":[[117.9788022,34.1270709],[117.9781619,34.1268135],[117.9778762,34.126754],[117.9775227,34.1267899],[117.9764523,34.1270178],[117.9741834,34.1276085],[117.9722093,34.1276085],[117.9669293,34.1279267],[117.9496408,34.1289684],[117.9367041,34.1297479],[117.9336296,34.1298813],[117.9329467,34.1282231],[117.93042,34.1283039]]}},{"type":"Feature","id":"way/847987192","properties":{"osm_id":847987192,"name":"宿邳线","highway":"tertiary"},"geometry":{"type":"LineString","coordinates":[[117.9799421,34.1275313],[117.9788022,34.1270709]]}},{"type":"Feature","id":"way/847987193","properties":{"osm_id":847987193,"highway":"secondary"},"geometry":{"type":"LineString","coordinates":[[117.967399,34.0469968],[117.9681193,34.0479957]]}},{"type":"Feature","id":"way/847987194","properties":{"osm_id":847987194,"highway":"secondary"},"geometry":{"type":"LineString","coordinates":[[117.9681193,34.0479957],[117.9684479,34.0484514],[117.9692929,34.0496234],[117.9707593,34.0517426],[117.9709509,34.0520195],[117.9724609,34.0542016],[117.9743539,34.0567298],[117.9755591,34.0583393],[117.9773467,34.0607519],[117.9773966,34.0608179],[117.9796888,34.0638518],[117.9816237,34.0664023],[117.9840238,34.0696517],[117.9841481,34.06982],[117.9859624,34.0722463]]}},{"type":"Feature","id":"way/847987195","properties":{"osm_id":847987195,"name":"燕徐线","highway":"primary","ref":"S324"},"geometry":{"type":"LineString","coordinates":[[117.6244726,34.0930326],[117.6245426,34.093008],[117.6248312,34.0928799],[117.6259086,34.0924019],[117.6283804,34.0911226],[117.6312913,34.0895873],[117.6325597,34.0890216],[117.6340233,34.0885099],[117.6354868,34.0880924],[117.6368366,34.0878096],[117.6383002,34.087621],[117.6397312,34.0875537],[117.6412923,34.0876345],[117.6437967,34.0879712],[117.6497323,34.0889543],[117.6516959,34.0892411],[117.6544471,34.0896857],[117.6561886,34.0899502],[117.6581534,34.0902634],[117.6589829,34.0903956],[117.6599533,34.0904045],[117.6602191,34.0903736],[117.6608715,34.0902977]]}},{"type":"Feature","id":"way/847987196","properties":{"osm_id":847987196,"name":"燕徐线","highway":"primary","ref":"S324"},"geometry":{"type":"LineString","coordinates":[[117.6229162,34.0935798],[117.6244726,34.0930326]]}},{"type":"Feature","id":"way/847987197","properties":{"osm_id":847987197,"name":"燕徐线","highway":"primary","ref":"S324"},"geometry":{"type":"LineString","coordinates":[[117.7693709,34.058822],[117.7732574,34.0610584],[117.7752251,34.0621496],[117.7765423,34.0628367],[117.7779734,34.063389],[117.7800224,34.0640222],[117.7813884,34.064561],[117.7821527,34.0650056],[117.7832097,34.0657734],[117.7840064,34.0665061],[117.7884948,34.0704883],[117.7893242,34.0714312],[117.7898446,34.0722663],[117.7902186,34.0731554],[117.7908528,34.0749334],[117.7914057,34.0759706],[117.7923164,34.0772367],[117.7933897,34.0783412],[117.7946418,34.0794187],[117.7969998,34.0810889],[117.7995692,34.0825704],[117.802041,34.0837691],[117.8028215,34.0843617],[117.8035371,34.0850082],[117.8038009,34.0854573],[117.8041225,34.0860049],[117.8043502,34.0865301],[117.8045616,34.0875267],[117.8046429,34.0885772],[117.804838,34.0894795],[117.8052446,34.0903549],[117.8058625,34.0911495],[117.8066268,34.0918094],[117.8074562,34.0924019],[117.8172133,34.0973577],[117.8196363,34.09861],[117.8217666,34.0994988],[117.8240758,34.1003202],[117.8265314,34.10098],[117.8287104,34.1014244],[117.8305968,34.1016937],[117.831914,34.1017341],[117.8329385,34.1016667],[117.8346298,34.1014378],[117.8358982,34.1011281],[117.8376219,34.1005895],[117.8391994,34.0998354],[117.8512819,34.0944085],[117.8528918,34.0937621],[117.854144,34.093385],[117.8554124,34.0931426],[117.8569248,34.0931426],[117.859608,34.0932504],[117.8615269,34.0931426],[117.8636084,34.0928059],[117.8666494,34.0923077],[117.8690399,34.0921057],[117.8702575,34.0921062],[117.8703276,34.0921054],[117.8721134,34.0922269],[117.8734631,34.0923885],[117.8752031,34.0926982],[117.8765691,34.0930484],[117.8780815,34.0935736],[117.8795507,34.0941401]]}},{"type":"Feature","id":"way/847987198","properties":{"osm_id":847987198,"name":"燕徐线","highway":"primary","ref":"S324"},"geometry":{"type":"LineString","coordinates":[[117.6608715,34.0902977],[117.6611533,34.0902407],[117.6617485,34.0900789],[117.6626767,34.0897624],[117.6634074,34.0894085]]}},{"type":"Feature","id":"way/847999158","properties":{"osm_id":847999158,"name":"八李线","highway":"primary","ref":"S271"},"geometry":{"type":"LineString","coordinates":[[117.7383743,34.0550038],[117.7384616,34.0541011]]}},{"type":"Feature","id":"way/847999159","properties":{"osm_id":847999159,"name":"八李线","highway":"primary","ref":"S271"},"geometry":{"type":"LineString","coordinates":[[117.7395261,34.0331255],[117.7395668,34.0321273],[117.7396622,34.0297849],[117.7398546,34.026287],[117.7402952,34.0182785],[117.7409176,34.0097411],[117.7414439,34.0029332],[117.7414509,34.0028423],[117.7417533,33.9989302],[117.7417923,33.9968067],[117.7416422,33.9953719],[117.7413552,33.991859],[117.741344,33.9917226]]}},{"type":"Feature","id":"way/847999170","properties":{"osm_id":847999170,"highway":"secondary","ref":"X209"},"geometry":{"type":"LineString","coordinates":[[117.7190826,34.22],[117.7186122,34.2182248],[117.7189448,34.2105146],[117.7192955,34.2036527],[117.7192989,34.2035853],[117.7196627,34.1976187],[117.7123869,34.1975604],[117.7119748,34.1920154],[117.7118435,34.1915641]]}},{"type":"Feature","id":"way/856815928","properties":{"osm_id":856815928,"name":"农博路","highway":"tertiary"},"geometry":{"type":"LineString","coordinates":[[118.2156514,33.9838778],[118.2157739,33.9813914],[118.2157842,33.9811928],[118.2158546,33.9798019],[118.2159059,33.9787898],[118.2159061,33.9785394],[118.2159074,33.9764917],[118.2158581,33.9763588],[118.215006,33.9753329],[118.2149647,33.9752831]]}},{"type":"Feature","id":"way/856815947","properties":{"osm_id":856815947,"name":"风驰路","highway":"unclassified"},"geometry":{"type":"LineString","coordinates":[[118.2267628,33.9339935],[118.2267593,33.9338129],[118.2267571,33.9336967],[118.2267527,33.9333851],[118.2267396,33.9327782],[118.2267259,33.93206],[118.2267252,33.9320224],[118.226724,33.9319619],[118.2267162,33.9315525],[118.226714,33.9314385],[118.2267063,33.9310384],[118.2266994,33.9306755],[118.2266894,33.9301546],[118.2266628,33.9297694]]}},{"type":"Feature","id":"way/856815948","properties":{"osm_id":856815948,"name":"风驰路","highway":"unclassified"},"geometry":{"type":"LineString","coordinates":[[118.2267259,33.93206],[118.2277026,33.9320674],[118.2291036,33.9320779],[118.2299905,33.9320847],[118.2307424,33.9320904],[118.2308165,33.932091],[118.2312587,33.9320943],[118.231801,33.9320984],[118.2324535,33.9321034],[118.2336645,33.9321126],[118.2345455,33.9321193],[118.2346821,33.9321203]]}},{"type":"Feature","id":"way/856815950","properties":{"osm_id":856815950,"name":"襄阳路","highway":"unclassified"},"geometry":{"type":"LineString","coordinates":[[118.210092,33.8885519],[118.2098909,33.8885469],[118.2098256,33.8885499],[118.2076429,33.888652],[118.206317,33.888695],[118.204597,33.8887508],[118.2043379,33.8887592],[118.2041026,33.8887669],[118.2024971,33.888819]]}},{"type":"Feature","id":"way/857066810","properties":{"osm_id":857066810,"name":"安西路","highway":"unclassified"},"geometry":{"type":"LineString","coordinates":[[118.2360552,33.9549453],[118.2359985,33.9564564],[118.2359853,33.9568072],[118.235978,33.9570017],[118.2359369,33.9578087],[118.2359149,33.9582404],[118.235907,33.958396],[118.235867,33.9591812],[118.2358632,33.9592557],[118.2358444,33.9597275],[118.2358275,33.9601508],[118.2358204,33.9603276],[118.2358107,33.9605713],[118.2358004,33.9608293],[118.2357899,33.9610922],[118.2357761,33.9614392],[118.2357713,33.9615529]]}},{"type":"Feature","id":"way/857066812","properties":{"osm_id":857066812,"name":"安东路","highway":"unclassified"},"geometry":{"type":"LineString","coordinates":[[118.2377962,33.9615227],[118.2378129,33.9611636],[118.2378272,33.9608976],[118.237842,33.9606228],[118.2378551,33.9603794],[118.2378652,33.9601905],[118.2378868,33.9597897],[118.2379361,33.9588722],[118.2379386,33.9588071],[118.2379407,33.9587521],[118.2379588,33.9582821],[118.2379744,33.9578777],[118.2379771,33.9578067],[118.2379963,33.9573094],[118.238011,33.9569274],[118.2380127,33.9568831],[118.2380168,33.9567714],[118.238026,33.9565248],[118.2380399,33.9561528],[118.2380479,33.9559364],[118.2380536,33.9557818],[118.238056,33.9557185],[118.2380905,33.954861]]}},{"type":"Feature","id":"way/857191128","properties":{"osm_id":857191128,"name":"通湖大道","highway":"primary"},"geometry":{"type":"LineString","coordinates":[[118.2246132,33.9813004],[118.2245454,33.9811908],[118.2244354,33.981013],[118.2242075,33.9806445],[118.2238644,33.9800897],[118.2227272,33.9783393],[118.222596,33.9781375],[118.2223198,33.9777127],[118.2219591,33.9771579],[118.2217887,33.9768958],[118.2216918,33.9767467],[118.2214674,33.976398],[118.2207343,33.9752587],[118.2201093,33.9742578],[118.2196936,33.9735371],[118.2193489,33.9729404]]}},{"type":"Feature","id":"way/857191129","properties":{"osm_id":857191129,"name":"宿迁大道","highway":"primary","ref":"S324"},"geometry":{"type":"LineString","coordinates":[[118.224707,33.9814429],[118.2248958,33.9813932],[118.2250122,33.9813587],[118.2250827,33.9813379],[118.2251893,33.9813063]]}},{"type":"Feature","id":"way/857205871","properties":{"osm_id":857205871,"name":"丽水路","highway":"unclassified"},"geometry":{"type":"LineString","coordinates":[[118.2277017,33.8927708],[118.2277546,33.8951643],[118.2278034,33.8973746],[118.2278266,33.8984275]]}},{"type":"Feature","id":"way/857205874","properties":{"osm_id":857205874,"name":"平江路","highway":"residential"},"geometry":{"type":"LineString","coordinates":[[118.2396336,33.9017073],[118.239836,33.9017808],[118.24,33.9017818]]}},{"type":"Feature","id":"way/857205875","properties":{"osm_id":857205875,"name":"平江路","highway":"residential"},"geometry":{"type":"LineString","coordinates":[[118.24,33.9018832],[118.2398145,33.9018832],[118.2396276,33.9019461]]}},{"type":"Feature","id":"way/857205876","properties":{"osm_id":857205876,"name":"富阳路","highway":"unclassified"},"geometry":{"type":"LineString","coordinates":[[118.2369725,33.9057784],[118.2369633,33.9103083]]}},{"type":"Feature","id":"way/857552705","properties":{"osm_id":857552705,"name":"洪泽湖西路","highway":"primary"},"geometry":{"type":"LineString","coordinates":[[118.2158805,33.9609215],[118.2159645,33.9609248],[118.2160348,33.9609276],[118.2197127,33.9610474],[118.2201855,33.9610628],[118.2202723,33.9610658],[118.2205991,33.9610752],[118.2225228,33.9611307],[118.2227558,33.9611374],[118.2230498,33.9611459],[118.2232096,33.9611522],[118.2234026,33.9611588],[118.2234804,33.9611614],[118.2237853,33.9611718],[118.2276342,33.9613027],[118.2277552,33.9613068],[118.2281979,33.9613219]]}},{"type":"Feature","id":"way/857552707","properties":{"osm_id":857552707,"name":"洪泽湖西路","highway":"primary"},"geometry":{"type":"LineString","coordinates":[[118.24,33.9618133],[118.2399872,33.9618129],[118.2398279,33.9618082],[118.2395164,33.9617992]]}},{"type":"Feature","id":"way/858972638","properties":{"osm_id":858972638,"name":"八支渠路","highway":"unclassified"},"geometry":{"type":"LineString","coordinates":[[118.1435047,33.9294957],[118.1421936,33.9319196],[118.1421794,33.9322066],[118.1421296,33.9332149],[118.1420494,33.9346926],[118.1420058,33.935497],[118.1418347,33.9377626],[118.1414847,33.9429197],[118.1413234,33.9454731],[118.1411799,33.9474639],[118.1410436,33.9493542],[118.1409682,33.9506078],[118.1408785,33.9521002],[118.1407984,33.9534322],[118.1404333,33.9588306],[118.140355,33.9604264],[118.1403743,33.9605644],[118.1404425,33.9607092],[118.1404696,33.9607923],[118.140479,33.9608916],[118.1404568,33.9609932],[118.1404039,33.9610991],[118.140309,33.9612343],[118.140262,33.9613298],[118.1401414,33.9630901],[118.1400102,33.9654122],[118.1400075,33.9654593],[118.1399184,33.9670098],[118.1398389,33.9691999],[118.139728,33.9717279],[118.1397245,33.9718087],[118.1397153,33.9720243],[118.1396808,33.9728276],[118.13966,33.9733127],[118.1396266,33.9740924],[118.1396116,33.974443],[118.1395742,33.975214],[118.1395047,33.9766462],[118.139441,33.9779582],[118.1394072,33.9786292],[118.1393716,33.9793371],[118.1393639,33.9794885],[118.1393281,33.9801996],[118.1392616,33.9815205],[118.1392554,33.981644]]}},{"type":"Feature","id":"way/858972656","properties":{"osm_id":858972656,"name":"大同路","highway":"unclassified"},"geometry":{"type":"LineString","coordinates":[[118.1467261,33.9177928],[118.1467623,33.9178016],[118.1491702,33.9183891],[118.1517838,33.9190268],[118.1539956,33.9195664],[118.1551813,33.9198557],[118.1553692,33.9199015],[118.1559741,33.9200505],[118.1576371,33.9204602],[118.1578401,33.9205102],[118.158782,33.9207422],[118.1599964,33.9210414]]}},{"type":"Feature","id":"way/858972665","properties":{"osm_id":858972665,"name":"湖大路","highway":"unclassified"},"geometry":{"type":"LineString","coordinates":[[118.1707998,33.891777],[118.168099,33.891175],[118.1680698,33.8911685],[118.166213,33.8907546],[118.1660695,33.8907234]]}},{"type":"Feature","id":"way/858972668","properties":{"osm_id":858972668,"name":"八支渠路","highway":"unclassified"},"geometry":{"type":"LineString","coordinates":[[118.1488306,33.9046557],[118.1488342,33.9053175],[118.1488347,33.9053978],[118.148844,33.9071039],[118.1488502,33.9082292],[118.148852,33.9085593],[118.1488526,33.9086628],[118.1487998,33.9088668],[118.148723,33.9091632],[118.1486437,33.9094696],[118.1485756,33.9097326],[118.1485561,33.909808],[118.1483997,33.9104121],[118.1484556,33.9105504],[118.1478044,33.9133391],[118.1473631,33.9152287],[118.1471087,33.9163179],[118.1470519,33.916561],[118.1469475,33.9170083],[118.1468595,33.9173852],[118.1467623,33.9178016],[118.1467609,33.9178072]]}},{"type":"Feature","id":"way/858972675","properties":{"osm_id":858972675,"name":"马云大道","highway":"tertiary"},"geometry":{"type":"LineString","coordinates":[[118.1465887,33.8902671],[118.1447142,33.8902928],[118.1446713,33.8902934],[118.1423614,33.8903355],[118.1422312,33.8903379],[118.1416695,33.890351],[118.1405589,33.8903769],[118.1395858,33.8903996],[118.1386355,33.8904218],[118.1375078,33.8904481]]}},{"type":"Feature","id":"way/858972676","properties":{"osm_id":858972676,"name":"向东路","highway":"tertiary"},"geometry":{"type":"LineString","coordinates":[[118.132312,33.8883605],[118.1367199,33.8882897],[118.1382443,33.8882441],[118.1391399,33.8882173],[118.1400745,33.8881894],[118.1405248,33.888176],[118.1410631,33.8881599],[118.1412411,33.8881546],[118.1421795,33.8881265],[118.1423256,33.8881225],[118.1444101,33.888066],[118.1446101,33.8880606],[118.1446644,33.8880591],[118.1466805,33.8880044]]}},{"type":"Feature","id":"way/858972677","properties":{"osm_id":858972677,"highway":"secondary"},"geometry":{"type":"LineString","coordinates":[[118.1326902,33.8972041],[118.1326176,33.8961824],[118.1326306,33.8940916],[118.1326088,33.8925699],[118.1325984,33.8922738],[118.1325961,33.8922084],[118.1325854,33.8919058],[118.1325714,33.8914558],[118.1325456,33.8907902],[118.1325113,33.8904335],[118.1324353,33.8896431],[118.132312,33.8883605],[118.1319021,33.884095],[118.1310266,33.880692],[118.1307429,33.879589],[118.1307252,33.8795202],[118.1299568,33.8771038],[118.1292308,33.874821],[118.1291187,33.8744023],[118.1290067,33.8737199],[118.1287078,33.8727117],[118.1284276,33.8717501],[118.1285372,33.8708807],[118.1288012,33.8687877],[118.1287617,33.8687159],[118.1287327,33.8686632],[118.1279834,33.8685811]]}},{"type":"Feature","id":"way/858972678","properties":{"osm_id":858972678,"highway":"secondary"},"geometry":{"type":"LineString","coordinates":[[118.1276713,33.868547],[118.1271877,33.868494],[118.1240418,33.8682091]]}},{"type":"Feature","id":"way/858972679","properties":{"osm_id":858972679,"highway":"secondary"},"geometry":{"type":"LineString","coordinates":[[118.1279834,33.8685811],[118.1276713,33.868547]]}},{"type":"Feature","id":"way/858972680","properties":{"osm_id":858972680,"name":"红冰路","highway":"unclassified"},"geometry":{"type":"LineString","coordinates":[[118.1249496,33.8946333],[118.1267499,33.8944971],[118.129482,33.8943087],[118.1326306,33.8940916],[118.1341849,33.8938594],[118.1353277,33.8936887],[118.1363676,33.8935334],[118.1371577,33.8934154],[118.1379793,33.8932926],[118.1390449,33.8931556],[118.1405658,33.893054],[118.1422894,33.8930468],[118.1423893,33.8930481],[118.1464278,33.8931003]]}},{"type":"Feature","id":"way/858972681","properties":{"osm_id":858972681,"name":"天猫路","highway":"unclassified"},"geometry":{"type":"LineString","coordinates":[[118.1375078,33.8904481],[118.1372218,33.8894877],[118.1367199,33.8882897],[118.1357881,33.8865817],[118.1353528,33.8857249],[118.1350715,33.8842946]]}},{"type":"Feature","id":"way/858972682","properties":{"osm_id":858972682,"name":"春晓路","highway":"unclassified"},"geometry":{"type":"LineString","coordinates":[[118.1289164,33.8967454],[118.1297641,33.8966165],[118.1326176,33.8961824],[118.1367939,33.8955643],[118.1376443,33.8954394],[118.1382731,33.8953471],[118.1423098,33.895294],[118.1424258,33.8952926],[118.1459981,33.8952495]]}},{"type":"Feature","id":"way/858972699","properties":{"osm_id":858972699,"name":"湖大路","highway":"unclassified"},"geometry":{"type":"LineString","coordinates":[[118.1659082,33.8906882],[118.1657714,33.8906584]]}},{"type":"Feature","id":"way/858972700","properties":{"osm_id":858972700,"name":"湖大路","highway":"unclassified"},"geometry":{"type":"LineString","coordinates":[[118.1660695,33.8907234],[118.1659082,33.8906882]]}},{"type":"Feature","id":"way/858972701","properties":{"osm_id":858972701,"name":"湖大路","highway":"unclassified"},"geometry":{"type":"LineString","coordinates":[[118.1657714,33.8906584],[118.1655309,33.890606],[118.1650805,33.8905078],[118.1637122,33.8902475],[118.1628783,33.8900889],[118.1610143,33.8897343],[118.1589364,33.8893327],[118.158524,33.8911218],[118.1584081,33.8916245],[118.1582433,33.8923393],[118.1581253,33.8928511],[118.1580404,33.8932191],[118.1577049,33.8945558],[118.1563456,33.8942028],[118.1556186,33.894014],[118.1552775,33.8939255],[118.1549635,33.8938451],[118.1547696,33.8937955],[118.1546213,33.8937575],[118.153408,33.8934469],[118.1517708,33.8930256],[118.1516843,33.8930466],[118.1516099,33.893088],[118.1515599,33.8931263],[118.1514949,33.8932103],[118.1514023,33.8933301],[118.1512796,33.8934886],[118.1512444,33.893534],[118.1509833,33.8938717],[118.1507207,33.8942001],[118.1505594,33.8944018],[118.1503612,33.8946497],[118.1501902,33.8948635],[118.1500093,33.8950898],[118.149889,33.8952402],[118.1496951,33.8954828],[118.149498,33.8957292],[118.1493936,33.8958599],[118.1492173,33.8960803],[118.1491826,33.8964092],[118.1491764,33.896468],[118.1491099,33.8970996],[118.1490933,33.8972568],[118.1489969,33.8981714]]}},{"type":"Feature","id":"way/858972702","properties":{"osm_id":858972702,"name":"泗睢线","highway":"primary","ref":"S325"},"geometry":{"type":"LineString","coordinates":[[118.124071,33.8967644],[118.1258094,33.8964821],[118.1263472,33.8964107],[118.1269405,33.8964038],[118.1274684,33.8964318],[118.1289164,33.8967454],[118.1307152,33.8971651],[118.1313843,33.8972347],[118.1318291,33.8972373],[118.1326902,33.8972041],[118.1339781,33.897104],[118.136017,33.8969424],[118.1360995,33.8969369],[118.1384382,33.89679],[118.1390896,33.8967861],[118.1394142,33.8967935],[118.1397491,33.8968011],[118.1401977,33.8968271],[118.1403143,33.8968339],[118.1407652,33.8969023],[118.1423517,33.8971399],[118.1424104,33.8971487],[118.1453928,33.8975941],[118.1455186,33.8976128],[118.1460908,33.8977047]]}},{"type":"Feature","id":"way/858972703","properties":{"osm_id":858972703,"name":"泗睢线","highway":"primary","ref":"S325"},"geometry":{"type":"LineString","coordinates":[[118.1461499,33.8977142],[118.1460908,33.8977047]]}},{"type":"Feature","id":"way/859754232","properties":{"osm_id":859754232,"name":"中央大街","highway":"primary"},"geometry":{"type":"LineString","coordinates":[[117.9554227,33.9119192],[117.9553011,33.9119138],[117.9536712,33.9119048],[117.9491007,33.9118688],[117.9441466,33.9118324],[117.9440554,33.9118321],[117.9389701,33.9117358],[117.9333521,33.9116938],[117.9301947,33.9116573],[117.9262533,33.9116176],[117.9212191,33.9115883],[117.918569,33.911564],[117.9167165,33.9115393],[117.9118999,33.9115021],[117.9113955,33.9114948],[117.9092576,33.9114657],[117.9034043,33.9114072],[117.8986678,33.9113602],[117.8982892,33.9113657],[117.8978968,33.9114064],[117.8975636,33.9114939],[117.8961312,33.9120622],[117.8934963,33.9130373],[117.8920503,33.9135875],[117.8914302,33.9138235],[117.8908187,33.9140937]]}},{"type":"Feature","id":"way/859754233","properties":{"osm_id":859754233,"name":"中央大街","highway":"primary"},"geometry":{"type":"LineString","coordinates":[[117.8907414,33.9139563],[117.8915747,33.9136419],[117.893527,33.9129052],[117.8960733,33.9119404],[117.8975081,33.911367],[117.8977238,33.911327],[117.8979702,33.9112911],[117.898324,33.911267],[117.8986734,33.911272],[117.9034065,33.9112813],[117.9034962,33.9112824],[117.9114183,33.9113819],[117.9119088,33.911379],[117.9167289,33.9114305],[117.9185691,33.9114439],[117.9212017,33.911471],[117.9262643,33.9115178],[117.9301993,33.9115379],[117.9333546,33.9115938],[117.9389803,33.9116362],[117.9440547,33.9117326],[117.9441574,33.9117332],[117.9491061,33.9117524],[117.9536848,33.9118055],[117.955312,33.9118175],[117.9554271,33.9118183]]}},{"type":"Feature","id":"way/859754234","properties":{"osm_id":859754234,"highway":"secondary"},"geometry":{"type":"LineString","coordinates":[[117.9801413,33.9219405],[117.9793567,33.9219357],[117.9718555,33.9219679],[117.9697764,33.9219001],[117.9629621,33.9217913],[117.957196,33.9216991],[117.9551917,33.9217951],[117.9542603,33.9220808],[117.9540448,33.9221688]]}},{"type":"Feature","id":"way/859754259","properties":{"osm_id":859754259,"name":"红湖路","highway":"unclassified"},"geometry":{"type":"LineString","coordinates":[[118.1588584,33.887798],[118.1589929,33.8879155],[118.1613845,33.8883443],[118.1627176,33.8885889],[118.1640762,33.8888389],[118.1658115,33.8891582],[118.1662004,33.8892298],[118.1669745,33.8893723],[118.167041,33.8893845]]}},{"type":"Feature","id":"way/859754260","properties":{"osm_id":859754260,"name":"红湖路","highway":"unclassified"},"geometry":{"type":"LineString","coordinates":[[118.1763504,33.8911052],[118.1764084,33.8911151],[118.1765054,33.8911317],[118.1767541,33.8911579],[118.1775815,33.891245],[118.1781298,33.8913036],[118.1796404,33.891465],[118.181732,33.8916885],[118.1818063,33.8916965],[118.1836009,33.8919177],[118.1847274,33.8920565],[118.1859649,33.892209],[118.1877789,33.8924339],[118.18784,33.8924414],[118.1901569,33.8927074]]}},{"type":"Feature","id":"way/859754261","properties":{"osm_id":859754261,"name":"红湖路","highway":"unclassified"},"geometry":{"type":"LineString","coordinates":[[118.167041,33.8893845],[118.1675463,33.8894911]]}},{"type":"Feature","id":"way/859754264","properties":{"osm_id":859754264,"name":"耿刘路","highway":"unclassified"},"geometry":{"type":"LineString","coordinates":[[118.1867866,33.876574],[118.1867229,33.8779844],[118.1867191,33.8780528],[118.1866089,33.8800364],[118.1865601,33.8809168],[118.1864497,33.8829627],[118.1863883,33.8840724],[118.1863434,33.884602],[118.1862743,33.8860002],[118.1862683,33.8861536]]}},{"type":"Feature","id":"way/859754276","properties":{"osm_id":859754276,"name":"丰收路","highway":"unclassified"},"geometry":{"type":"LineString","coordinates":[[118.1860329,33.8900882],[118.1848206,33.8900102],[118.1840996,33.8899261],[118.1839792,33.889911],[118.1839337,33.8899045],[118.182036,33.8896318],[118.1799452,33.8894152],[118.177516,33.8891637],[118.1768693,33.8890968]]}},{"type":"Feature","id":"way/859754287","properties":{"osm_id":859754287,"name":"淮徐高速","highway":"motorway","ref":"G2513"},"geometry":{"type":"LineString","coordinates":[[118.1220765,33.9067688],[118.12405,33.90643],[118.12521,33.90626],[118.1276581,33.9058497],[118.13434,33.90473],[118.13609,33.90443],[118.13876,33.90388],[118.14162,33.90318],[118.143001,33.9027731]]}},{"type":"Feature","id":"way/859754288","properties":{"osm_id":859754288,"name":"淮徐高速","highway":"motorway","ref":"G2513"},"geometry":{"type":"LineString","coordinates":[[118.1217522,33.9068245],[118.1220765,33.9067688]]}},{"type":"Feature","id":"way/859754289","properties":{"osm_id":859754289,"name":"淮徐高速","highway":"motorway","ref":"G2513"},"geometry":{"type":"LineString","coordinates":[[118.1217345,33.9069331],[118.1207536,33.9071015],[118.1169154,33.9076712],[118.1153004,33.9079902],[118.1131344,33.9084693],[118.110089,33.9092482],[118.1080033,33.9098569],[118.1051995,33.9107649],[118.1028258,33.9117024],[118.10018,33.9128606],[118.0987747,33.9135283],[118.0957892,33.9151259],[118.0948524,33.9156641],[118.0824217,33.9232645],[118.0805177,33.9243267],[118.0784841,33.9253786],[118.0774601,33.9258705],[118.0756865,33.9266421],[118.0738823,33.9273838],[118.0702172,33.9286956],[118.0683823,33.9292872],[118.067258,33.9295984],[118.0647457,33.9302711],[118.063673,33.9305199],[118.0625103,33.9307629]]}},{"type":"Feature","id":"way/859754290","properties":{"osm_id":859754290,"name":"淮徐高速","highway":"motorway","ref":"G2513"},"geometry":{"type":"LineString","coordinates":[[118.1220589,33.9068774],[118.1217345,33.9069331]]}},{"type":"Feature","id":"way/859754291","properties":{"osm_id":859754291,"name":"淮徐高速","highway":"motorway","ref":"G2513"},"geometry":{"type":"LineString","coordinates":[[118.1429561,33.9029063],[118.1416582,33.9032784],[118.1387926,33.9039798],[118.1361176,33.9045308],[118.134365,33.9048312],[118.1252331,33.9063615],[118.1240734,33.9065315],[118.1220589,33.9068774]]}},{"type":"Feature","id":"way/859754292","properties":{"osm_id":859754292,"name":"淮徐高速","highway":"motorway","ref":"G2513"},"geometry":{"type":"LineString","coordinates":[[118.1439958,33.9026027],[118.1429561,33.9029063]]}},{"type":"Feature","id":"way/859754293","properties":{"osm_id":859754293,"name":"淮徐高速","highway":"motorway","ref":"G2513"},"geometry":{"type":"LineString","coordinates":[[118.144039,33.9024842],[118.14424,33.90242],[118.14657,33.90165],[118.14927,33.9006],[118.1505572,33.9000793]]}},{"type":"Feature","id":"way/859754294","properties":{"osm_id":859754294,"name":"淮徐高速","highway":"motorway","ref":"G2513"},"geometry":{"type":"LineString","coordinates":[[118.143001,33.9027731],[118.144039,33.9024842]]}},{"type":"Feature","id":"way/859960777","properties":{"osm_id":859960777,"name":"埠蔡线","highway":"tertiary"},"geometry":{"type":"LineString","coordinates":[[118.24,33.8029602],[118.239867,33.8030963],[118.2396015,33.803368],[118.2390581,33.8039241],[118.2386196,33.8043727],[118.2381604,33.8048425],[118.2377327,33.8052802],[118.2370378,33.8059912]]}},{"type":"Feature","id":"way/859960792","properties":{"osm_id":859960792,"highway":"secondary"},"geometry":{"type":"LineString","coordinates":[[118.2056952,33.6803021],[118.2038358,33.6794016],[118.2012926,33.6781233],[118.2011801,33.6780476],[118.1961591,33.6756835]]}},{"type":"Feature","id":"way/859960793","properties":{"osm_id":859960793,"highway":"secondary"},"geometry":{"type":"LineString","coordinates":[[118.2126786,33.6832723],[118.2124179,33.6832111],[118.2119994,33.6830607],[118.211538,33.6828757],[118.2105549,33.682373],[118.2096984,33.6819343],[118.2095015,33.6818398],[118.2093346,33.6817612],[118.2084827,33.6813978],[118.2082054,33.6813014],[118.2073357,33.6810366]]}},{"type":"Feature","id":"way/860058108","properties":{"osm_id":860058108,"name":"耿刘路","highway":"unclassified"},"geometry":{"type":"LineString","coordinates":[[118.1777883,33.8766353],[118.1785104,33.8766226],[118.1795638,33.8766041]]}},{"type":"Feature","id":"way/860058109","properties":{"osm_id":860058109,"name":"耿刘路","highway":"unclassified"},"geometry":{"type":"LineString","coordinates":[[118.1801798,33.8765994],[118.1802492,33.8765985],[118.181248,33.876586],[118.1867866,33.876574]]}},{"type":"Feature","id":"way/860058110","properties":{"osm_id":860058110,"name":"耿刘路","highway":"unclassified"},"geometry":{"type":"LineString","coordinates":[[118.1795638,33.8766041],[118.1801798,33.8765994]]}},{"type":"Feature","id":"way/860058132","properties":{"osm_id":860058132,"name":"通湖大道","highway":"tertiary"},"geometry":{"type":"LineString","coordinates":[[118.2077861,33.8652809],[118.2078843,33.8656408],[118.2085617,33.8680849],[118.2086809,33.8684884],[118.2087442,33.8687354],[118.2088329,33.869092]]}},{"type":"Feature","id":"way/860125649","properties":{"osm_id":860125649,"name":"幸福路","highway":"residential"},"geometry":{"type":"LineString","coordinates":[[118.2367733,33.8080084],[118.2366293,33.808168],[118.2365981,33.8082607],[118.2364163,33.8088016],[118.2361252,33.8096678],[118.2362083,33.8102145],[118.2364179,33.811019],[118.2363772,33.8120797],[118.2365052,33.8124222],[118.2365236,33.8124715],[118.2372655,33.8133795]]}},{"type":"Feature","id":"way/860125659","properties":{"osm_id":860125659,"highway":"trunk_link"},"geometry":{"type":"LineString","coordinates":[[118.2385747,33.7929818],[118.2383293,33.7925106],[118.2382912,33.7924621],[118.2382331,33.7924156],[118.2381087,33.7923821],[118.2379715,33.7923864],[118.2378224,33.7924696],[118.2374745,33.7927024]]}},{"type":"Feature","id":"way/860125660","properties":{"osm_id":860125660,"highway":"trunk_link"},"geometry":{"type":"LineString","coordinates":[[118.2383037,33.7921336],[118.2382318,33.7922069],[118.2381132,33.792293],[118.2379715,33.7923864]]}},{"type":"Feature","id":"way/860125789","properties":{"osm_id":860125789,"name":"澳门路","highway":"tertiary"},"geometry":{"type":"LineString","coordinates":[[118.2100114,33.8762276],[118.2101863,33.8762206],[118.2179955,33.8759073],[118.2185618,33.8758846],[118.2187386,33.8758775],[118.2192433,33.8758622],[118.2225395,33.8757622],[118.2253424,33.8756772],[118.2289426,33.8755608],[118.2332422,33.8754217]]}},{"type":"Feature","id":"way/860286391","properties":{"osm_id":860286391,"name":"三剑客路","highway":"unclassified"},"geometry":{"type":"LineString","coordinates":[[118.1378483,33.8920492],[118.1325854,33.8919058]]}},{"type":"Feature","id":"way/866994387","properties":{"osm_id":866994387,"highway":"secondary"},"geometry":{"type":"LineString","coordinates":[[117.8941682,33.6864174],[117.8938508,33.6839448],[117.8939044,33.6826146],[117.8956425,33.6794988],[117.895664,33.6792756],[117.895385,33.6775608],[117.8954082,33.6770825],[117.8955563,33.676478],[117.8958485,33.6759841],[117.8962649,33.6755492],[117.8966654,33.6752349],[117.8971191,33.6750386],[117.898062,33.6748232],[117.9016828,33.674249],[117.904923,33.6736775],[117.9075682,33.6728173],[117.9105556,33.6716239],[117.9197609,33.668088],[117.9235589,33.6668379],[117.9261017,33.6662397],[117.9325494,33.665]]}},{"type":"Feature","id":"way/868494594","properties":{"osm_id":868494594,"name":"徐州外环公路","highway":"trunk","ref":"G206;G311"},"geometry":{"type":"LineString","coordinates":[[117.4591182,34.21294],[117.4577785,34.2104983],[117.4572237,34.2092683],[117.4571864,34.2091856],[117.4566055,34.2078949],[117.4557097,34.2054272],[117.4553798,34.2046316],[117.4552075,34.2042163],[117.4548983,34.2036803],[117.4543616,34.202723],[117.4538974,34.2022151],[117.4524527,34.2008265],[117.4514961,34.2000676],[117.4506176,34.1996155],[117.45,34.1993337]]}},{"type":"Feature","id":"way/868494595","properties":{"osm_id":868494595,"name":"徐州外环公路","highway":"trunk","ref":"G206;G311"},"geometry":{"type":"LineString","coordinates":[[117.45,34.1991347],[117.4502775,34.1992506],[117.4512729,34.199715],[117.4520594,34.2002179],[117.4529822,34.2009644],[117.4536497,34.2016148],[117.4544913,34.2025845],[117.4550399,34.2036236],[117.4553547,34.204184],[117.4555337,34.204601],[117.4556695,34.2049174],[117.4558278,34.2053481],[117.4567445,34.2078418],[117.4573344,34.209172],[117.4573683,34.2092482],[117.4578907,34.2104262],[117.4592655,34.212993]]}},{"type":"Feature","id":"way/871811434","properties":{"osm_id":871811434,"name":"季布路","highway":"unclassified"},"geometry":{"type":"LineString","coordinates":[[118.1925213,33.9830952],[118.1925354,33.983987],[118.1925556,33.9852715],[118.1925945,33.9877404],[118.1926032,33.9882944],[118.1925983,33.9886191],[118.192597,33.9889587],[118.1926051,33.9892623],[118.1926,33.9895752],[118.1925897,33.9900004],[118.1925872,33.9901059],[118.192622,33.9902569],[118.1927832,33.9909566],[118.1928602,33.9912906],[118.193062,33.9921668],[118.1930781,33.9922364],[118.193337,33.9933601],[118.1934282,33.9937584],[118.1935214,33.9941651],[118.193902,33.9960144],[118.1940202,33.9965888],[118.1944622,33.9984819],[118.1950501,34.0009803],[118.1951481,34.0014573],[118.1952658,34.0020238],[118.195364,34.0024985],[118.195485,34.0030838]]}},{"type":"Feature","id":"way/871826452","properties":{"osm_id":871826452,"name":"义勇街","highway":"tertiary"},"geometry":{"type":"LineString","coordinates":[[118.1524454,33.978249],[118.1525065,33.978563],[118.1526744,33.9794264],[118.1527533,33.9798167],[118.1527951,33.9800235],[118.1528936,33.9805106]]}},{"type":"Feature","id":"way/871826453","properties":{"osm_id":871826453,"name":"五一路","highway":"tertiary"},"geometry":{"type":"LineString","coordinates":[[118.152278,33.977123],[118.1523018,33.9773434]]}},{"type":"Feature","id":"way/871826454","properties":{"osm_id":871826454,"name":"祠堂路","highway":"tertiary"},"geometry":{"type":"LineString","coordinates":[[118.1782292,33.9764206],[118.1783856,33.9766993],[118.1786082,33.9770618],[118.1787759,33.9773348],[118.1788036,33.9773799],[118.1791063,33.9778726],[118.1793779,33.9782655],[118.1800843,33.9792874],[118.1802109,33.9794553]]}},{"type":"Feature","id":"way/871826455","properties":{"osm_id":871826455,"name":"祠堂路","highway":"tertiary"},"geometry":{"type":"LineString","coordinates":[[118.1780441,33.9760948],[118.1782292,33.9764206]]}},{"type":"Feature","id":"way/871826460","properties":{"osm_id":871826460,"name":"永顺路","highway":"residential"},"geometry":{"type":"LineString","coordinates":[[118.1483578,33.9804725],[118.1486249,33.9804013],[118.150082,33.9799992],[118.1505715,33.9798641],[118.1520208,33.9795624],[118.1526744,33.9794264],[118.154024,33.9791661],[118.1541352,33.9791424],[118.1551063,33.9789356],[118.1558587,33.9787753],[118.1562023,33.978703],[118.1568811,33.9785602]]}},{"type":"Feature","id":"way/871826461","properties":{"osm_id":871826461,"name":"永盛街","highway":"residential"},"geometry":{"type":"LineString","coordinates":[[118.1538046,33.9777896],[118.1538279,33.9778848],[118.1541352,33.9791424]]}},{"type":"Feature","id":"way/871826462","properties":{"osm_id":871826462,"name":"永盛街","highway":"residential"},"geometry":{"type":"LineString","coordinates":[[118.1542848,33.9801987],[118.1546331,33.9810241],[118.1548769,33.981602],[118.1548954,33.9816184]]}},{"type":"Feature","id":"way/871826468","properties":{"osm_id":871826468,"name":"仁爱路","highway":"residential"},"geometry":{"type":"LineString","coordinates":[[118.1511005,33.9876388],[118.151212,33.9875878],[118.1514106,33.9874969],[118.1525781,33.9869625],[118.1526984,33.9869075],[118.1531344,33.9867079],[118.1535507,33.9865174]]}},{"type":"Feature","id":"way/871826469","properties":{"osm_id":871826469,"name":"永茂路","highway":"tertiary"},"geometry":{"type":"LineString","coordinates":[[118.150233,33.9790274],[118.1505715,33.9798641],[118.1506573,33.9800788],[118.150724,33.980227],[118.1507643,33.9803286],[118.1508601,33.9805667],[118.1510108,33.980942],[118.1511701,33.9813157],[118.1513031,33.9816276],[118.1514,33.981843],[118.1518063,33.9828433],[118.1522507,33.9839376]]}},{"type":"Feature","id":"way/871826470","properties":{"osm_id":871826470,"name":"永茂路","highway":"tertiary"},"geometry":{"type":"LineString","coordinates":[[118.1522507,33.9839376],[118.1523712,33.9842107]]}},{"type":"Feature","id":"way/871826507","properties":{"osm_id":871826507,"name":"创业路","highway":"residential"},"geometry":{"type":"LineString","coordinates":[[118.2327815,33.820536],[118.2348515,33.8205101],[118.2369902,33.8204583],[118.24,33.8203961]]}},{"type":"Feature","id":"way/872260655","properties":{"osm_id":872260655,"highway":"motorway_link"},"geometry":{"type":"LineString","coordinates":[[117.6406879,34.0271383],[117.6406302,34.0267706],[117.6404644,34.0260851],[117.640237,34.0251516],[117.6397306,34.0233427],[117.6396696,34.0231863]]}},{"type":"Feature","id":"way/872260656","properties":{"osm_id":872260656,"highway":"motorway_link"},"geometry":{"type":"LineString","coordinates":[[117.6397523,34.0231611],[117.6398248,34.0233153],[117.6403337,34.0251581],[117.6405968,34.0260574],[117.6407389,34.0265432],[117.6407969,34.0269414]]}},{"type":"Feature","id":"way/872260657","properties":{"osm_id":872260657,"highway":"motorway_link"},"geometry":{"type":"LineString","coordinates":[[117.6400298,34.0284293],[117.6402729,34.0281852],[117.64045,34.027949],[117.6405802,34.0276912],[117.6406513,34.0274956],[117.6406885,34.0272909],[117.6406879,34.0271383]]}},{"type":"Feature","id":"way/872260658","properties":{"osm_id":872260658,"highway":"motorway_link"},"geometry":{"type":"LineString","coordinates":[[117.6407969,34.0269414],[117.6407343,34.0274132],[117.6406561,34.0276541],[117.6405082,34.0279682],[117.6402976,34.0282632],[117.6400806,34.0284722]]}},{"type":"Feature","id":"way/872260659","properties":{"osm_id":872260659,"highway":"motorway_link"},"geometry":{"type":"LineString","coordinates":[[117.6400806,34.0284722],[117.6397966,34.0286748],[117.6394371,34.0288619],[117.6391377,34.0289637],[117.6388565,34.0290336],[117.6385312,34.0290722],[117.638262,34.0290804],[117.6379455,34.0290625],[117.637653,34.0290255],[117.6374423,34.0289677]]}},{"type":"Feature","id":"way/872260660","properties":{"osm_id":872260660,"highway":"motorway_link"},"geometry":{"type":"LineString","coordinates":[[117.6374756,34.028913],[117.6377087,34.0289694],[117.6380428,34.0290139],[117.6383015,34.0290246],[117.6386026,34.029008],[117.6388818,34.028968],[117.6392136,34.0288776],[117.6394593,34.0287818],[117.6397774,34.0286156],[117.6400298,34.0284293]]}},{"type":"Feature","id":"way/873221274","properties":{"osm_id":873221274,"highway":"secondary"},"geometry":{"type":"LineString","coordinates":[[117.8597604,33.8901995],[117.8617638,33.8902034],[117.8661936,33.8900491],[117.8670642,33.8900179],[117.8753894,33.8896965],[117.8769034,33.8896291],[117.8771316,33.8896183],[117.8800085,33.8894908],[117.8830798,33.8894843]]}},{"type":"Feature","id":"way/873221275","properties":{"osm_id":873221275,"highway":"secondary"},"geometry":{"type":"LineString","coordinates":[[117.8829066,33.8896085],[117.8800091,33.8896121],[117.8771338,33.8897265],[117.8769051,33.8897363],[117.8762455,33.8897627],[117.8662015,33.8901342],[117.8619625,33.8902711],[117.8597624,33.8902923]]}},{"type":"Feature","id":"way/873221276","properties":{"osm_id":873221276,"highway":"secondary"},"geometry":{"type":"LineString","coordinates":[[117.8862781,33.8895302],[117.886894,33.8895394]]}},{"type":"Feature","id":"way/873221277","properties":{"osm_id":873221277,"highway":"secondary"},"geometry":{"type":"LineString","coordinates":[[117.8868829,33.8896557],[117.8862693,33.88965]]}},{"type":"Feature","id":"way/873221278","properties":{"osm_id":873221278,"highway":"secondary"},"geometry":{"type":"LineString","coordinates":[[117.8839364,33.8895076],[117.8862781,33.8895302]]}},{"type":"Feature","id":"way/873221279","properties":{"osm_id":873221279,"highway":"secondary"},"geometry":{"type":"LineString","coordinates":[[117.8862693,33.88965],[117.8837805,33.8896247]]}},{"type":"Feature","id":"way/873221280","properties":{"osm_id":873221280,"highway":"secondary"},"geometry":{"type":"LineString","coordinates":[[117.8830798,33.8894843],[117.8839364,33.8895076]]}},{"type":"Feature","id":"way/873221281","properties":{"osm_id":873221281,"highway":"secondary"},"geometry":{"type":"LineString","coordinates":[[117.8837805,33.8896247],[117.8829066,33.8896085]]}},{"type":"Feature","id":"way/873221291","properties":{"osm_id":873221291,"name":"京岚线","highway":"trunk","ref":"G104"},"geometry":{"type":"LineString","coordinates":[[117.9100282,33.8830115],[117.9098527,33.8830072],[117.9071168,33.8829576],[117.9000139,33.8829093],[117.8988103,33.8829466],[117.8977526,33.8830574],[117.8969361,33.8832296],[117.8961979,33.8833858],[117.8952809,33.883683],[117.8946225,33.8839221],[117.8937667,33.8843362],[117.8929539,33.8848347],[117.8922991,33.8852962],[117.8917606,33.8857278],[117.8909096,33.8866264],[117.8905382,33.8870626],[117.8902219,33.8875397],[117.8897641,33.8882596]]}},{"type":"Feature","id":"way/873221292","properties":{"osm_id":873221292,"name":"京岚线","highway":"trunk","ref":"G104"},"geometry":{"type":"LineString","coordinates":[[117.8897641,33.8882596],[117.8895356,33.8887476]]}},{"type":"Feature","id":"way/873221293","properties":{"osm_id":873221293,"name":"京岚线","highway":"trunk","ref":"G104"},"geometry":{"type":"LineString","coordinates":[[117.8896249,33.8882897],[117.8901122,33.8874702],[117.8904304,33.8869944],[117.8907833,33.8865571],[117.8916239,33.8857252],[117.892247,33.8851838],[117.8928779,33.8847609],[117.8937003,33.8842572],[117.8945316,33.8838465],[117.8953106,33.8835733],[117.8959054,33.883346],[117.896799,33.8831394],[117.8976809,33.8829663],[117.8988061,33.8828594],[117.9000188,33.8828253],[117.9071592,33.8828684],[117.9098621,33.8828882],[117.9100381,33.8828892]]}},{"type":"Feature","id":"way/873221294","properties":{"osm_id":873221294,"name":"京岚线","highway":"trunk","ref":"G104"},"geometry":{"type":"LineString","coordinates":[[117.8893804,33.8887761],[117.8896249,33.8882897]]}},{"type":"Feature","id":"way/873221298","properties":{"osm_id":873221298,"name":"淮徐高速","highway":"motorway","ref":"G2513"},"geometry":{"type":"LineString","coordinates":[[117.9115226,33.9637387],[117.9167369,33.9609837],[117.918457,33.9600877],[117.9200754,33.9593209],[117.9216808,33.9585832],[117.9233594,33.9579032],[117.92503,33.9572686],[117.9272302,33.9564934],[117.9282986,33.9561588],[117.9291475,33.9558982],[117.9307494,33.9554441],[117.9323995,33.9550306],[117.9341544,33.9546172],[117.9366123,33.954135]]}},{"type":"Feature","id":"way/873221299","properties":{"osm_id":873221299,"name":"淮徐高速","highway":"motorway","ref":"G2513"},"geometry":{"type":"LineString","coordinates":[[117.9471166,33.9530775],[117.9475818,33.9530646]]}},{"type":"Feature","id":"way/873221300","properties":{"osm_id":873221300,"name":"淮徐高速","highway":"motorway","ref":"G2513"},"geometry":{"type":"LineString","coordinates":[[117.8971587,33.9706195],[117.8956603,33.9711498],[117.8939968,33.9717173],[117.891454,33.9724796],[117.888999,33.9732068],[117.8869672,33.9737622],[117.8859374,33.9740457]]}},{"type":"Feature","id":"way/873221301","properties":{"osm_id":873221301,"name":"淮徐高速","highway":"motorway","ref":"G2513"},"geometry":{"type":"LineString","coordinates":[[117.9475517,33.953192],[117.9471101,33.9532024]]}},{"type":"Feature","id":"way/874568067","properties":{"osm_id":874568067,"name":"宿邳线","highway":"tertiary"},"geometry":{"type":"LineString","coordinates":[[118.0951008,34.1182602],[118.0949033,34.1181987],[118.0944782,34.1180663],[118.0921973,34.1183951],[118.091637,34.1184759],[118.0912331,34.1185341],[118.0905438,34.1186335],[118.0904682,34.1186444],[118.0902504,34.1186758],[118.0887907,34.1189386],[118.0880876,34.1190652],[118.0840745,34.1196786],[118.0794676,34.120617],[118.07754,34.1209966],[118.0734359,34.1217855],[118.0712499,34.1223036],[118.0709126,34.1223835],[118.070864,34.122395],[118.0690616,34.1228222],[118.0657937,34.1236467],[118.065601,34.1236953],[118.0653785,34.1237427],[118.0649123,34.123842]]}},{"type":"Feature","id":"way/874568068","properties":{"osm_id":874568068,"name":"宿邳线","highway":"tertiary"},"geometry":{"type":"LineString","coordinates":[[118.0649123,34.123842],[118.0643294,34.1239702]]}},{"type":"Feature","id":"way/874568078","properties":{"osm_id":874568078,"name":"宿邳线","highway":"tertiary"},"geometry":{"type":"LineString","coordinates":[[118.0181404,34.1273922],[118.0176056,34.1273537],[118.0156397,34.127212],[118.0155352,34.1272045],[118.0146994,34.1271443],[118.0108965,34.1268703],[118.0108297,34.1268655],[118.0068157,34.1265763],[118.0053608,34.1264715],[118.0030816,34.1263073],[118.0012887,34.1261781],[117.9999838,34.1260841],[117.9986364,34.126017],[117.9986102,34.1260205],[117.9985734,34.1260254],[117.9978287,34.126125],[117.9962485,34.1264282],[117.9928426,34.1270591],[117.9898851,34.1275716]]}},{"type":"Feature","id":"way/874568079","properties":{"osm_id":874568079,"name":"宿邳线","highway":"tertiary"},"geometry":{"type":"LineString","coordinates":[[118.0186188,34.1274284],[118.0181404,34.1273922]]}},{"type":"Feature","id":"way/874568080","properties":{"osm_id":874568080,"name":"宿邳线","highway":"primary","ref":"S250"},"geometry":{"type":"LineString","coordinates":[[118.0120272,34.141431],[118.0128445,34.1402635],[118.0137756,34.1389332],[118.0144111,34.1378116],[118.0157178,34.1355053],[118.0179942,34.1318559]]}},{"type":"Feature","id":"way/874568081","properties":{"osm_id":874568081,"name":"宿邳线","highway":"primary","ref":"S250"},"geometry":{"type":"LineString","coordinates":[[118.0179942,34.1318559],[118.0188723,34.1306421]]}},{"type":"Feature","id":"way/874568082","properties":{"osm_id":874568082,"name":"宿邳线","highway":"primary","ref":"S250"},"geometry":{"type":"LineString","coordinates":[[118.0181425,34.1319259],[118.0158708,34.1355677],[118.0146487,34.1377248],[118.0139269,34.1389987],[118.0129859,34.1403429],[118.0121821,34.1414913]]}},{"type":"Feature","id":"way/874568083","properties":{"osm_id":874568083,"name":"宿邳线","highway":"primary","ref":"S250"},"geometry":{"type":"LineString","coordinates":[[118.0189485,34.1307907],[118.0181425,34.1319259]]}},{"type":"Feature","id":"way/874568090","properties":{"osm_id":874568090,"name":"宿黄线","highway":"secondary"},"geometry":{"type":"LineString","coordinates":[[118.0763849,34.0666697],[118.0763555,34.066406],[118.0762954,34.0658666],[118.076262,34.0656009]]}},{"type":"Feature","id":"way/874568091","properties":{"osm_id":874568091,"name":"宿黄线","highway":"secondary"},"geometry":{"type":"LineString","coordinates":[[118.076262,34.0656009],[118.0762368,34.0653313]]}},{"type":"Feature","id":"way/874568098","properties":{"osm_id":874568098,"name":"宿邳线","highway":"primary","ref":"S250"},"geometry":{"type":"LineString","coordinates":[[118.0188723,34.1306421],[118.0189895,34.1304917],[118.0204259,34.1286489],[118.0215643,34.1273487],[118.0236098,34.1251477],[118.0253739,34.1236267],[118.0254348,34.1235743],[118.0265943,34.1225745],[118.0273862,34.1219583],[118.0313991,34.1188361],[118.0324957,34.1179956],[118.035306,34.1158416],[118.0384477,34.1131972],[118.0385963,34.1130787],[118.0403423,34.1113523],[118.040611,34.1110623],[118.0413607,34.1102534],[118.042905,34.1083439],[118.0443701,34.1065322],[118.0445686,34.1062527]]}},{"type":"Feature","id":"way/874568099","properties":{"osm_id":874568099,"name":"宿邳线","highway":"primary","ref":"S250"},"geometry":{"type":"LineString","coordinates":[[118.0496559,34.0986499],[118.0520364,34.0949436]]}},{"type":"Feature","id":"way/874568100","properties":{"osm_id":874568100,"name":"宿邳线","highway":"primary","ref":"S250"},"geometry":{"type":"LineString","coordinates":[[118.0498065,34.0987162],[118.0481791,34.1012456],[118.0468331,34.1033377],[118.0466911,34.1035553],[118.0463482,34.1040288],[118.0449998,34.1058912]]}},{"type":"Feature","id":"way/874568101","properties":{"osm_id":874568101,"name":"宿邳线","highway":"primary","ref":"S250"},"geometry":{"type":"LineString","coordinates":[[118.0521941,34.0949533],[118.0498065,34.0987162]]}},{"type":"Feature","id":"way/874568102","properties":{"osm_id":874568102,"name":"宿黄线","highway":"secondary"},"geometry":{"type":"LineString","coordinates":[[118.0724483,34.1103179],[118.0706595,34.1131029],[118.068502,34.1163197],[118.0665313,34.1194204],[118.0664167,34.1195921],[118.0651022,34.1215622],[118.0634078,34.1241569]]}},{"type":"Feature","id":"way/874568103","properties":{"osm_id":874568103,"name":"宿黄线","highway":"secondary"},"geometry":{"type":"LineString","coordinates":[[118.0809905,34.0971493],[118.0808217,34.0975612]]}},{"type":"Feature","id":"way/874568105","properties":{"osm_id":874568105,"name":"宿黄线","highway":"secondary"},"geometry":{"type":"LineString","coordinates":[[118.0758506,34.096531],[118.0758901,34.0966155],[118.0759691,34.0966599],[118.0763289,34.0966921],[118.0806205,34.0967589],[118.0807331,34.0967769],[118.0809496,34.0968665],[118.081024,34.0969628],[118.0809905,34.0971493]]}},{"type":"Feature","id":"way/874568106","properties":{"osm_id":874568106,"name":"宿黄线","highway":"secondary"},"geometry":{"type":"LineString","coordinates":[[118.0758436,34.0963927],[118.0758506,34.096531]]}},{"type":"Feature","id":"way/874568108","properties":{"osm_id":874568108,"name":"宿邳线","highway":"primary","ref":"S250"},"geometry":{"type":"LineString","coordinates":[[118.0520364,34.0949436],[118.0525847,34.094085],[118.0527324,34.0938538],[118.053599,34.0921986],[118.055067,34.0893946],[118.0561108,34.0865525]]}},{"type":"Feature","id":"way/874568109","properties":{"osm_id":874568109,"name":"宿邳线","highway":"primary","ref":"S250"},"geometry":{"type":"LineString","coordinates":[[118.0561108,34.0865525],[118.056502,34.0851547]]}},{"type":"Feature","id":"way/874568110","properties":{"osm_id":874568110,"name":"宿邳线","highway":"primary","ref":"S250"},"geometry":{"type":"LineString","coordinates":[[118.0577362,34.0779845],[118.0577225,34.078048],[118.0572892,34.0820879],[118.0567296,34.0848969],[118.0567037,34.0850271],[118.0566554,34.0852036]]}},{"type":"Feature","id":"way/874568111","properties":{"osm_id":874568111,"name":"宿邳线","highway":"primary","ref":"S250"},"geometry":{"type":"LineString","coordinates":[[118.0566554,34.0852036],[118.0562453,34.0866033]]}},{"type":"Feature","id":"way/874568114","properties":{"osm_id":874568114,"name":"宿黄线","highway":"secondary"},"geometry":{"type":"LineString","coordinates":[[118.0769165,34.0869398],[118.0768986,34.0871242],[118.0763289,34.0921597],[118.0760954,34.0945497],[118.0758436,34.0963927]]}},{"type":"Feature","id":"way/874568115","properties":{"osm_id":874568115,"name":"宿黄线","highway":"secondary"},"geometry":{"type":"LineString","coordinates":[[118.0769439,34.0866705],[118.0769165,34.0869398]]}},{"type":"Feature","id":"way/874568119","properties":{"osm_id":874568119,"name":"宿邳线","highway":"primary","ref":"S250"},"geometry":{"type":"LineString","coordinates":[[118.0467966,34.103094],[118.0479741,34.1012639],[118.0496559,34.0986499]]}},{"type":"Feature","id":"way/874568120","properties":{"osm_id":874568120,"name":"宿邳线","highway":"primary","ref":"S250"},"geometry":{"type":"LineString","coordinates":[[118.0445686,34.1062527],[118.0449504,34.1057272]]}},{"type":"Feature","id":"way/874568121","properties":{"osm_id":874568121,"name":"宿邳线","highway":"primary","ref":"S250"},"geometry":{"type":"LineString","coordinates":[[118.0446689,34.1063434],[118.0444895,34.1065932],[118.0429097,34.1085447],[118.0414444,34.1103547],[118.0412536,34.1105588],[118.0407463,34.1111015],[118.0404341,34.1114356],[118.0387896,34.1130795]]}},{"type":"Feature","id":"way/874568122","properties":{"osm_id":874568122,"name":"宿邳线","highway":"primary","ref":"S250"},"geometry":{"type":"LineString","coordinates":[[118.0449998,34.1058912],[118.0446689,34.1063434]]}},{"type":"Feature","id":"way/874568130","properties":{"osm_id":874568130,"highway":"secondary"},"geometry":{"type":"LineString","coordinates":[[117.9496378,33.9579425],[117.9492635,33.9598244],[117.9489106,33.9613281],[117.9487543,33.9619148],[117.9486912,33.962231],[117.9487049,33.9629541],[117.9487205,33.9631456],[117.9487248,33.9631982],[117.9488557,33.964803],[117.9489435,33.9669406],[117.9490778,33.9690372],[117.9491765,33.9712224],[117.9492999,33.9733599],[117.9494014,33.9754313],[117.9494475,33.976281],[117.9495083,33.9774027],[117.9496098,33.9795468],[117.9497118,33.9816974]]}},{"type":"Feature","id":"way/874568131","properties":{"osm_id":874568131,"highway":"secondary"},"geometry":{"type":"LineString","coordinates":[[117.9497118,33.9816974],[117.9497304,33.9822664]]}},{"type":"Feature","id":"way/874568136","properties":{"osm_id":874568136,"name":"宿邳线","highway":"tertiary"},"geometry":{"type":"LineString","coordinates":[[117.9886754,34.1276744],[117.9815144,34.1281086],[117.9802976,34.1276846],[117.9799421,34.1275313]]}},{"type":"Feature","id":"way/874568137","properties":{"osm_id":874568137,"name":"宿邳线","highway":"tertiary"},"geometry":{"type":"LineString","coordinates":[[117.9898851,34.1275716],[117.9886754,34.1276744]]}},{"type":"Feature","id":"way/874568139","properties":{"osm_id":874568139,"highway":"secondary"},"geometry":{"type":"LineString","coordinates":[[117.9126953,34.1847119],[117.912738,34.185014],[117.9129765,34.1876467],[117.9132744,34.1909356],[117.9134044,34.1923713],[117.9138237,34.1991586],[117.9139958,34.2014793],[117.9140088,34.201638],[117.9146606,34.2129391],[117.9134786,34.2148744],[117.9134625,34.2150131],[117.9135591,34.2151883],[117.9140145,34.2154348]]}},{"type":"Feature","id":"way/874568140","properties":{"osm_id":874568140,"highway":"secondary"},"geometry":{"type":"LineString","coordinates":[[117.9140145,34.2154348],[117.9142787,34.2155779]]}},{"type":"Feature","id":"way/874568141","properties":{"osm_id":874568141,"highway":"secondary"},"geometry":{"type":"LineString","coordinates":[[117.9142787,34.2155779],[117.9146387,34.2157727],[117.9147433,34.2158581],[117.9148238,34.215954],[117.9148358,34.2160178],[117.915044,34.22]]}},{"type":"Feature","id":"way/874568171","properties":{"osm_id":874568171,"name":"淮徐高速","highway":"motorway","ref":"G2513"},"geometry":{"type":"LineString","coordinates":[[117.9475818,33.9530646],[117.9484251,33.9530438],[117.9496411,33.9530279],[117.957461,33.9530322],[117.9606875,33.9530053],[117.9675801,33.9529842],[117.9693148,33.9529479]]}},{"type":"Feature","id":"way/874568172","properties":{"osm_id":874568172,"name":"淮徐高速","highway":"motorway","ref":"G2513"},"geometry":{"type":"LineString","coordinates":[[117.98002,33.95173],[117.9811047,33.9515097]]}},{"type":"Feature","id":"way/874568173","properties":{"osm_id":874568173,"name":"淮徐高速","highway":"motorway","ref":"G2513"},"geometry":{"type":"LineString","coordinates":[[117.9693044,33.953063],[117.9675995,33.9530987],[117.9606824,33.9531149],[117.9574769,33.9531361],[117.9538567,33.9531593],[117.9484328,33.953194],[117.9475517,33.953192]]}},{"type":"Feature","id":"way/874568174","properties":{"osm_id":874568174,"name":"淮徐高速","highway":"motorway","ref":"G2513"},"geometry":{"type":"LineString","coordinates":[[117.9811243,33.9516254],[117.9800487,33.9518398]]}},{"type":"Feature","id":"way/874568175","properties":{"osm_id":874568175,"name":"梁王线","highway":"secondary"},"geometry":{"type":"LineString","coordinates":[[117.9806114,33.9637152],[117.9771996,33.963713],[117.9759107,33.9637517],[117.9734543,33.9637943],[117.9686173,33.9638368],[117.9669583,33.963775],[117.9631943,33.9636626],[117.9581086,33.9634457],[117.9550171,33.9633412],[117.9487248,33.9631982]]}},{"type":"Feature","id":"way/874568176","properties":{"osm_id":874568176,"name":"梁王线","highway":"secondary"},"geometry":{"type":"LineString","coordinates":[[117.9809988,33.9637135],[117.9806114,33.9637152]]}},{"type":"Feature","id":"way/874568177","properties":{"osm_id":874568177,"name":"燕徐线","highway":"primary","ref":"S324"},"geometry":{"type":"LineString","coordinates":[[117.6634074,34.0894085],[117.6635386,34.0893449],[117.6640563,34.0890003],[117.6645096,34.0886379],[117.6653274,34.087823],[117.6659453,34.0869476],[117.6662381,34.0861395],[117.6676041,34.0800248],[117.6681895,34.07822],[117.6689538,34.0769673],[117.669897,34.0758628],[117.6711004,34.0748257],[117.6729217,34.073344],[117.6740112,34.0726166],[117.6755236,34.0716737],[117.677849,34.0704074],[117.6782796,34.0701687],[117.6821747,34.0680096],[117.6833455,34.0675516],[117.6844188,34.0672014],[117.6853783,34.0669724],[117.6867443,34.0667838],[117.6882078,34.0665952],[117.6996562,34.0653693],[117.7011848,34.0651403],[117.7026148,34.0647715],[117.702653,34.0647616],[117.7029086,34.0646957],[117.7042583,34.0641704],[117.705852,34.0634698],[117.7078847,34.0625807],[117.7094296,34.0619879],[117.7115599,34.0612066],[117.7137878,34.0604926],[117.7159018,34.0599806],[117.7184061,34.0594013],[117.7210731,34.0589298],[117.722992,34.0586873],[117.72709,34.0583235],[117.7288951,34.0580541],[117.7307977,34.0575825],[117.7383097,34.0555807]]}},{"type":"Feature","id":"way/874568178","properties":{"osm_id":874568178,"name":"燕徐线","highway":"primary","ref":"S324"},"geometry":{"type":"LineString","coordinates":[[117.7673082,34.0575698],[117.7693709,34.058822]]}},{"type":"Feature","id":"way/874568186","properties":{"osm_id":874568186,"highway":"secondary"},"geometry":{"type":"LineString","coordinates":[[117.9633597,34.0409237],[117.9639263,34.0418416],[117.9644924,34.0427509],[117.9671878,34.0467178],[117.967399,34.0469968]]}},{"type":"Feature","id":"way/874568187","properties":{"osm_id":874568187,"highway":"secondary"},"geometry":{"type":"LineString","coordinates":[[117.9631127,34.0405236],[117.9633597,34.0409237]]}},{"type":"Feature","id":"way/874568190","properties":{"osm_id":874568190,"name":"燕徐线","highway":"primary","ref":"S324"},"geometry":{"type":"LineString","coordinates":[[117.9582857,34.0487153],[117.9626155,34.0479435],[117.9647783,34.0474315],[117.9667948,34.0468521],[117.9671878,34.0467178],[117.9678355,34.0465557],[117.9688926,34.0464075],[117.9698683,34.0462997],[117.9706976,34.0461649],[117.9723401,34.0458146],[117.9742752,34.0453834],[117.9760966,34.0451139],[117.9781944,34.0448309],[117.9810727,34.0446558],[117.9835608,34.0445749],[117.9858374,34.0445076],[117.9880491,34.044292],[117.991464,34.0439012],[117.9947423,34.0435496],[117.9978712,34.0433218],[117.9992697,34.0431062],[118.0002942,34.0427558],[118.0012451,34.0423193],[118.0014976,34.0422034],[118.0025221,34.0415566],[118.0066852,34.0387537],[118.0078885,34.0381069],[118.0091244,34.0377026],[118.0104091,34.0374466],[118.0117589,34.0374061],[118.0130923,34.0375139],[118.0149299,34.0379991]]}},{"type":"Feature","id":"way/874568191","properties":{"osm_id":874568191,"name":"燕徐线","highway":"primary","ref":"S324"},"geometry":{"type":"LineString","coordinates":[[117.9576598,34.0488314],[117.9582857,34.0487153]]}},{"type":"Feature","id":"way/875196927","properties":{"osm_id":875196927,"name":"隆锦路","highway":"secondary"},"geometry":{"type":"LineString","coordinates":[[118.1705219,33.9291247],[118.170716,33.9291184],[118.1719402,33.9291909],[118.1726218,33.9292313],[118.1740786,33.9293236],[118.1744763,33.9293488],[118.1754322,33.929403],[118.1755147,33.9294077],[118.1766149,33.9294701],[118.1767319,33.9294774],[118.1775162,33.9295264],[118.1794435,33.9296469],[118.1795456,33.9296533],[118.1809688,33.9297455],[118.1823546,33.9298352],[118.1824181,33.929839],[118.1825028,33.9298441],[118.1836318,33.9299116],[118.1859079,33.9300477],[118.186754,33.9300978],[118.1877908,33.9301592],[118.1878867,33.9301626],[118.1879774,33.9301638],[118.1880757,33.9301675],[118.1901438,33.9302862],[118.1911859,33.930346],[118.191514,33.9303648],[118.1933606,33.9304683],[118.1948202,33.9305501],[118.1949308,33.9305563],[118.196263,33.9306223],[118.1968469,33.9306512],[118.1975973,33.9306884],[118.1985581,33.930736],[118.1993187,33.9307737],[118.1997968,33.9307974],[118.2003471,33.9308247],[118.2013124,33.9308725],[118.2013543,33.9308746],[118.2029468,33.9309535],[118.2030376,33.930958],[118.2030787,33.9309599],[118.2042229,33.9310147],[118.2042848,33.9310173],[118.2044009,33.9310222]]}},{"type":"Feature","id":"way/875196928","properties":{"osm_id":875196928,"name":"隆锦路","highway":"secondary"},"geometry":{"type":"LineString","coordinates":[[118.153704,33.9265497],[118.156994,33.9272536],[118.1595605,33.9278083],[118.1641065,33.9287908],[118.1656598,33.9291141],[118.1657144,33.9291255],[118.1660814,33.9292019],[118.16622,33.9292257],[118.1668063,33.9293262],[118.1669754,33.9293384],[118.1677731,33.9293957],[118.1687287,33.929337],[118.1699603,33.9291843]]}},{"type":"Feature","id":"way/875196929","properties":{"osm_id":875196929,"name":"隆锦路","highway":"secondary"},"geometry":{"type":"LineString","coordinates":[[118.1699603,33.9291843],[118.1705219,33.9291247]]}},{"type":"Feature","id":"way/875196930","properties":{"osm_id":875196930,"name":"隆锦路","highway":"secondary"},"geometry":{"type":"LineString","coordinates":[[118.2076795,33.9311748],[118.2080633,33.9311929],[118.212092,33.9313613],[118.2122943,33.9313698],[118.2123697,33.931373],[118.2124181,33.9313751],[118.2125382,33.9313814],[118.2126784,33.9313857],[118.2127963,33.9313887]]}},{"type":"Feature","id":"way/875196931","properties":{"osm_id":875196931,"name":"隆锦路","highway":"secondary"},"geometry":{"type":"LineString","coordinates":[[118.206933,33.9311425],[118.2076795,33.9311748]]}},{"type":"Feature","id":"way/875196932","properties":{"osm_id":875196932,"name":"隆锦路","highway":"secondary"},"geometry":{"type":"LineString","coordinates":[[118.1699086,33.9292637],[118.1694621,33.929314],[118.1685889,33.9294124],[118.1677868,33.9294564],[118.1672497,33.9294243],[118.1669616,33.9293936],[118.1667833,33.9293746],[118.1662083,33.929273],[118.1660112,33.9292382],[118.1657032,33.9291745],[118.1656479,33.9291631],[118.1643274,33.9288902],[118.161799,33.9283676],[118.156956,33.927332],[118.153681,33.9266367]]}},{"type":"Feature","id":"way/875196933","properties":{"osm_id":875196933,"name":"隆锦路","highway":"secondary"},"geometry":{"type":"LineString","coordinates":[[118.1704966,33.9292179],[118.1699086,33.9292637]]}},{"type":"Feature","id":"way/875196934","properties":{"osm_id":875196934,"name":"隆锦路","highway":"secondary"},"geometry":{"type":"LineString","coordinates":[[118.2128214,33.931491],[118.2127011,33.9314893],[118.2125648,33.9314834],[118.2124439,33.9314789],[118.2123938,33.9314755],[118.2122441,33.9314685],[118.2120285,33.9314585],[118.2103782,33.9313818],[118.2076831,33.9312566]]}},{"type":"Feature","id":"way/875196935","properties":{"osm_id":875196935,"name":"隆锦路","highway":"secondary"},"geometry":{"type":"LineString","coordinates":[[118.2076831,33.9312566],[118.206926,33.9312225]]}},{"type":"Feature","id":"way/875196936","properties":{"osm_id":875196936,"name":"天池山路","highway":"tertiary"},"geometry":{"type":"LineString","coordinates":[[118.2253636,33.9427175],[118.2253619,33.942746],[118.2253278,33.9433061],[118.2253201,33.9434323],[118.2252338,33.9448445],[118.225228,33.9449387],[118.2251358,33.9463571],[118.2250719,33.9475825],[118.2250224,33.9484887],[118.2249961,33.9488713],[118.2249876,33.9489582],[118.2249451,33.9496982],[118.224942,33.9497599],[118.2249329,33.9499127]]}},{"type":"Feature","id":"way/875196938","properties":{"osm_id":875196938,"name":"苏州大道","highway":"tertiary"},"geometry":{"type":"LineString","coordinates":[[118.2213123,33.944786],[118.2212272,33.9447827],[118.221107,33.9448097],[118.2183022,33.9454396],[118.2177771,33.9455398],[118.2161361,33.9459259],[118.2157835,33.9460088],[118.215629,33.9460452],[118.2155934,33.9460555],[118.2154807,33.9460821],[118.2153033,33.9461177],[118.2151776,33.9461283],[118.2151129,33.9461337],[118.2149939,33.9461437],[118.2132055,33.9462945],[118.2131346,33.9463004],[118.2122682,33.9463734],[118.212227,33.9463769],[118.2112439,33.9464598],[118.2101551,33.9465515],[118.2100332,33.9465622],[118.2090813,33.9466455],[118.208145,33.9467097],[118.207202,33.9467744],[118.2066253,33.9468096]]}},{"type":"Feature","id":"way/875196939","properties":{"osm_id":875196939,"name":"苏州大道","highway":"tertiary"},"geometry":{"type":"LineString","coordinates":[[118.2066253,33.9468096],[118.2061114,33.9468142]]}},{"type":"Feature","id":"way/875196940","properties":{"osm_id":875196940,"name":"苏州大道","highway":"tertiary"},"geometry":{"type":"LineString","coordinates":[[118.233796,33.945308],[118.2326518,33.9452659],[118.2325741,33.9452602],[118.2293258,33.9450885],[118.2291748,33.945083],[118.2262221,33.944975],[118.225228,33.9449387],[118.2251601,33.944936],[118.221855,33.9448071]]}},{"type":"Feature","id":"way/875196941","properties":{"osm_id":875196941,"name":"苏州大道","highway":"tertiary"},"geometry":{"type":"LineString","coordinates":[[118.221855,33.9448071],[118.2213123,33.944786]]}},{"type":"Feature","id":"way/875196942","properties":{"osm_id":875196942,"name":"苏州大道","highway":"tertiary"},"geometry":{"type":"LineString","coordinates":[[118.2351769,33.9453556],[118.2349969,33.9453483],[118.2348362,33.9453424],[118.2344276,33.9453274]]}},{"type":"Feature","id":"way/875196943","properties":{"osm_id":875196943,"name":"苏州大道","highway":"tertiary"},"geometry":{"type":"LineString","coordinates":[[118.2344276,33.9453274],[118.233796,33.945308]]}},{"type":"Feature","id":"way/875196944","properties":{"osm_id":875196944,"name":"苏州大道","highway":"tertiary"},"geometry":{"type":"LineString","coordinates":[[118.1688737,33.9472534],[118.1689762,33.9472512],[118.1752343,33.9471161],[118.1753542,33.9471135],[118.1755338,33.9471095],[118.1817602,33.9469381],[118.1818492,33.9469349],[118.181941,33.9469316],[118.187218,33.9468199],[118.1881793,33.9467993],[118.1883139,33.9467939],[118.1884364,33.946792],[118.1885434,33.9467915],[118.1944937,33.9467598],[118.19556,33.9467598],[118.2033088,33.9467343],[118.2034436,33.9467339],[118.2050271,33.9467299],[118.2061196,33.9467271]]}},{"type":"Feature","id":"way/875196945","properties":{"osm_id":875196945,"name":"子胥路","highway":"tertiary"},"geometry":{"type":"LineString","coordinates":[[118.1775106,33.9643056],[118.1770998,33.9615638],[118.1769183,33.9603422],[118.176711,33.9589467],[118.1766975,33.9588556],[118.1765571,33.9578432],[118.1763276,33.9561784],[118.1761303,33.9544362],[118.1760987,33.9542074],[118.175861,33.9524874],[118.1757729,33.9518498],[118.1756695,33.9510682],[118.1755086,33.949851],[118.1754909,33.9497171],[118.1754766,33.9495848],[118.1754738,33.9495212],[118.1753729,33.9472204],[118.1753542,33.9471135],[118.1753045,33.9443151],[118.1752374,33.9416187],[118.1752244,33.9410945],[118.1751886,33.9398499]]}},{"type":"Feature","id":"way/875196952","properties":{"osm_id":875196952,"name":"科创路","highway":"tertiary"},"geometry":{"type":"LineString","coordinates":[[118.1776246,33.9242328],[118.1777386,33.9237983],[118.1778567,33.9233279],[118.1778926,33.9231848],[118.178167,33.9223463],[118.1782355,33.922137],[118.1785643,33.921344],[118.1786539,33.9211442],[118.1788909,33.9206076],[118.1792695,33.9198835],[118.1794763,33.9194878],[118.1801778,33.9183254],[118.1826534,33.9142229],[118.1827667,33.9140382],[118.1828591,33.9138688]]}},{"type":"Feature","id":"way/875196953","properties":{"osm_id":875196953,"name":"科创路","highway":"tertiary"},"geometry":{"type":"LineString","coordinates":[[118.1775505,33.9245349],[118.1776246,33.9242328]]}},{"type":"Feature","id":"way/875196954","properties":{"osm_id":875196954,"name":"科创路","highway":"tertiary"},"geometry":{"type":"LineString","coordinates":[[118.1829898,33.9139178],[118.182885,33.9140915],[118.1827646,33.9142726],[118.1808501,33.9174446],[118.1807258,33.9176665],[118.1802873,33.9183826],[118.1796051,33.9194967],[118.1793877,33.9199092],[118.1789813,33.9206801],[118.1788357,33.9210355],[118.17879,33.921147],[118.1787729,33.9211835],[118.1783673,33.9221789],[118.1783036,33.9223649],[118.1780055,33.9232357],[118.1779823,33.9233271],[118.1779777,33.9233451],[118.1777558,33.9242189]]}},{"type":"Feature","id":"way/875196955","properties":{"osm_id":875196955,"name":"科创路","highway":"tertiary"},"geometry":{"type":"LineString","coordinates":[[118.1777558,33.9242189],[118.1776769,33.9245723]]}},{"type":"Feature","id":"way/875196956","properties":{"osm_id":875196956,"name":"西湖西路","highway":"primary"},"geometry":{"type":"LineString","coordinates":[[118.2113077,33.9261892],[118.2114815,33.9262339],[118.2116478,33.926291],[118.2125115,33.9265877],[118.2126517,33.9266524],[118.2127197,33.9266868],[118.2165714,33.9286339],[118.2166024,33.9286498],[118.2170712,33.9288851],[118.2172821,33.9289909],[118.2173775,33.9290388],[118.2175081,33.9291043],[118.2175202,33.9291104],[118.2220587,33.9313884],[118.2222892,33.9315041],[118.2224122,33.9315677],[118.222526,33.9316267],[118.2232122,33.931982],[118.2245862,33.9326877],[118.2260105,33.9334252],[118.2267593,33.9338129],[118.2276357,33.9342416],[118.2286241,33.9347251],[118.2289837,33.934901],[118.2290414,33.9349292],[118.2291617,33.9349908],[118.2296878,33.9352566],[118.2315443,33.9361946],[118.2316089,33.9362272],[118.2327477,33.9366571],[118.2336195,33.9368845],[118.2343554,33.9370688]]}},{"type":"Feature","id":"way/875196957","properties":{"osm_id":875196957,"name":"古城路","highway":"secondary"},"geometry":{"type":"LineString","coordinates":[[118.1681183,33.9389818],[118.168445,33.9390837],[118.1685223,33.9391093],[118.1694548,33.9394182],[118.170202,33.9395832],[118.1702725,33.9395987],[118.1704928,33.9396474],[118.1713823,33.9397611],[118.1721289,33.9398565],[118.173753,33.9398258],[118.1750452,33.9398014],[118.1751888,33.9397987],[118.1752865,33.9397957],[118.1779069,33.9397479],[118.1780067,33.9397461],[118.1801727,33.9397038],[118.1815376,33.9396772],[118.1816575,33.9396764],[118.1817512,33.9396758],[118.1818801,33.9396706],[118.1851528,33.9396074],[118.1865948,33.9395796],[118.1880345,33.9395518],[118.1881278,33.9395491],[118.1882185,33.9395482],[118.1883237,33.9395457],[118.1897322,33.9395051],[118.1920472,33.9394384],[118.194198,33.9393764],[118.1950875,33.9393507],[118.1952096,33.9393472],[118.1952982,33.9393446],[118.1960087,33.9393297],[118.197422,33.9393002],[118.1978422,33.9392914],[118.199254,33.9392619],[118.202296,33.9391983],[118.2025349,33.9391933],[118.2027812,33.9391881],[118.2028366,33.9391869],[118.2037578,33.9391677],[118.2038386,33.939166],[118.2039185,33.9391643],[118.2040416,33.9391615],[118.2051106,33.9391375],[118.2052111,33.9391353],[118.2052504,33.9391344],[118.2068407,33.9390987]]}},{"type":"Feature","id":"way/875196958","properties":{"osm_id":875196958,"name":"阳澄湖路","highway":"secondary"},"geometry":{"type":"LineString","coordinates":[[118.2215068,33.9388656],[118.2216039,33.9388674],[118.2218415,33.9388672],[118.2223086,33.9388668],[118.2226078,33.9388718],[118.2253137,33.9389167],[118.2255255,33.9389202],[118.2255978,33.9389214],[118.2257915,33.9389202],[118.2293364,33.9388983],[118.2295828,33.9389004],[118.2297061,33.9388994],[118.2298927,33.9388975],[118.230012,33.9389005],[118.2307891,33.9389145],[118.2321161,33.9389121],[118.2327401,33.9389032],[118.2329543,33.9389001],[118.2329975,33.9388991],[118.233047,33.938898],[118.2330881,33.9388982],[118.2332086,33.9388987],[118.2341506,33.9389025]]}},{"type":"Feature","id":"way/875196969","properties":{"osm_id":875196969,"name":"紫金山路","highway":"tertiary"},"geometry":{"type":"LineString","coordinates":[[118.2085179,33.9418971],[118.2084902,33.941648],[118.2084457,33.9412478],[118.2083608,33.940523],[118.2083313,33.9402715],[118.2082889,33.9399019],[118.2082165,33.9392711],[118.2082027,33.9391509]]}},{"type":"Feature","id":"way/875196970","properties":{"osm_id":875196970,"name":"紫金山路","highway":"tertiary"},"geometry":{"type":"LineString","coordinates":[[118.2085414,33.9421089],[118.2085179,33.9418971]]}},{"type":"Feature","id":"way/875196971","properties":{"osm_id":875196971,"name":"紫金山路","highway":"tertiary"},"geometry":{"type":"LineString","coordinates":[[118.2106091,33.9593272],[118.2104737,33.9581712],[118.210432,33.9578123],[118.2103771,33.9573396],[118.2103516,33.9571202],[118.2103267,33.9569054],[118.2103184,33.9568344],[118.210311,33.9567703],[118.2102778,33.9564846],[118.2102431,33.9561866],[118.2102307,33.95608],[118.2102204,33.9559905],[118.2102139,33.9559349],[118.2102047,33.9558401],[118.2101895,33.9557182],[118.2101723,33.9555862],[118.2099982,33.9541857],[118.2099304,33.9536397],[118.2097758,33.9523995]]}},{"type":"Feature","id":"way/875196972","properties":{"osm_id":875196972,"name":"紫金山路","highway":"tertiary"},"geometry":{"type":"LineString","coordinates":[[118.2097758,33.9523995],[118.2097312,33.9520246]]}},{"type":"Feature","id":"way/875196973","properties":{"osm_id":875196973,"name":"通达大道","highway":"tertiary"},"geometry":{"type":"LineString","coordinates":[[118.2209542,33.9497346],[118.2209511,33.9497798],[118.2208972,33.950561],[118.2208423,33.9513569],[118.220835,33.9514621],[118.2208315,33.9515122],[118.2208261,33.9515904],[118.2207692,33.9524156]]}},{"type":"Feature","id":"way/875196974","properties":{"osm_id":875196974,"name":"通达大道","highway":"tertiary"},"geometry":{"type":"LineString","coordinates":[[118.2207692,33.9524156],[118.2207459,33.9528643]]}},{"type":"Feature","id":"way/875196983","properties":{"osm_id":875196983,"name":"苏宿大道","highway":"primary"},"geometry":{"type":"LineString","coordinates":[[118.1689594,33.9497362],[118.1690519,33.9497354],[118.1702643,33.949725],[118.1718333,33.9496894],[118.1732871,33.9496471],[118.174419,33.9496093],[118.1753551,33.9495826],[118.1754766,33.9495848],[118.1756495,33.949581],[118.1769912,33.9495426],[118.1784718,33.9495248],[118.1799739,33.9494958],[118.1819698,33.949428],[118.1820803,33.9494242],[118.1834151,33.9494091],[118.1849601,33.9493624],[118.1876718,33.9493045],[118.1883087,33.9492789],[118.1884665,33.9492725],[118.1885899,33.9492672],[118.1887074,33.9492632],[118.1901716,33.9492177],[118.1924756,33.9492044],[118.1956255,33.9491891],[118.1956659,33.9491875],[118.1983953,33.9492088],[118.2003908,33.9492222],[118.2033699,33.9492199],[118.2034894,33.9492198],[118.20606,33.9492274]]}},{"type":"Feature","id":"way/875196984","properties":{"osm_id":875196984,"name":"苏宿大道","highway":"primary"},"geometry":{"type":"LineString","coordinates":[[118.20606,33.9492274],[118.206458,33.949232]]}},{"type":"Feature","id":"way/875196985","properties":{"osm_id":875196985,"name":"苏宿大道","highway":"primary"},"geometry":{"type":"LineString","coordinates":[[118.206458,33.949232],[118.2067718,33.9492289],[118.2073328,33.9492338],[118.2093945,33.9492483],[118.2107595,33.9492594],[118.2121952,33.9492711],[118.212585,33.9492705],[118.2126342,33.9492705],[118.2127384,33.9492703],[118.2152544,33.9492668],[118.2153253,33.9492667],[118.2154587,33.9492665],[118.2155967,33.949266],[118.2157302,33.949271],[118.2157644,33.9492722],[118.215803,33.9492755],[118.2164063,33.9493268],[118.2176294,33.9494002],[118.2180722,33.9494134],[118.2194594,33.949486],[118.2195633,33.9494914],[118.2208131,33.9495574],[118.2209654,33.9495654],[118.2210315,33.9495675]]}},{"type":"Feature","id":"way/875196986","properties":{"osm_id":875196986,"name":"苏宿大道","highway":"primary"},"geometry":{"type":"LineString","coordinates":[[118.2210315,33.9495675],[118.2215739,33.9495919]]}},{"type":"Feature","id":"way/875196987","properties":{"osm_id":875196987,"name":"苏宿大道","highway":"primary"},"geometry":{"type":"LineString","coordinates":[[118.2215739,33.9495919],[118.2227551,33.9496449],[118.2248711,33.9497562],[118.224942,33.9497599],[118.2286291,33.949952],[118.2288534,33.9499667]]}},{"type":"Feature","id":"way/875196988","properties":{"osm_id":875196988,"name":"苏宿大道","highway":"primary"},"geometry":{"type":"LineString","coordinates":[[118.2333773,33.9501758],[118.2345058,33.9502456]]}},{"type":"Feature","id":"way/875196989","properties":{"osm_id":875196989,"name":"青海湖西路","highway":"primary"},"geometry":{"type":"LineString","coordinates":[[118.2346581,33.9502505],[118.2348142,33.9502542],[118.2361152,33.9503146],[118.2370908,33.9503457],[118.2372365,33.9503503],[118.2381885,33.9503807],[118.2383594,33.9503871],[118.2395617,33.9504324],[118.2397362,33.950439],[118.2399883,33.9504704],[118.24,33.9504717]]}},{"type":"Feature","id":"way/875196993","properties":{"osm_id":875196993,"name":"泗睢线","highway":"primary","ref":"S325"},"geometry":{"type":"LineString","coordinates":[[118.1489969,33.8981714],[118.149557,33.898249],[118.149626,33.8982586],[118.1500246,33.8983138],[118.1506544,33.898401],[118.1510463,33.8984553],[118.1520923,33.8986131],[118.1541056,33.8988983],[118.1543294,33.8989245],[118.156612,33.8992011],[118.1576594,33.8993353],[118.1586579,33.899447],[118.1588265,33.8994849],[118.1591668,33.8995797],[118.1594163,33.8996492],[118.1596392,33.8997282],[118.1601362,33.8999045]]}},{"type":"Feature","id":"way/875196994","properties":{"osm_id":875196994,"name":"西湖西路","highway":"primary"},"geometry":{"type":"LineString","coordinates":[[118.174523,33.9086121],[118.1748846,33.9088582]]}},{"type":"Feature","id":"way/875196995","properties":{"osm_id":875196995,"name":"古城路","highway":"secondary"},"geometry":{"type":"LineString","coordinates":[[118.1519627,33.9334105],[118.1537451,33.934016],[118.1559301,33.9347634],[118.1561569,33.934841],[118.1589953,33.9358119],[118.1600434,33.9361704],[118.1602538,33.9362424],[118.1630555,33.9372007],[118.1640553,33.9375524],[118.1642563,33.9376231],[118.1654307,33.9380363],[118.1670425,33.9386033],[118.1677469,33.9388511],[118.1678156,33.9388753]]}},{"type":"Feature","id":"way/875196996","properties":{"osm_id":875196996,"name":"古城路","highway":"secondary"},"geometry":{"type":"LineString","coordinates":[[118.1678156,33.9388753],[118.1681183,33.9389818]]}},{"type":"Feature","id":"way/875196997","properties":{"osm_id":875196997,"name":"古城路","highway":"secondary"},"geometry":{"type":"LineString","coordinates":[[118.1678095,33.9389323],[118.1654223,33.9380907],[118.1642359,33.9376725],[118.1640401,33.9376034],[118.1630749,33.9372632],[118.1630315,33.9372479],[118.1602333,33.9362931],[118.1600182,33.9362197],[118.1561459,33.9348984],[118.1559128,33.9348188],[118.153719,33.9340702],[118.151943,33.9334877]]}},{"type":"Feature","id":"way/875196998","properties":{"osm_id":875196998,"name":"古城路","highway":"secondary"},"geometry":{"type":"LineString","coordinates":[[118.1681122,33.9390389],[118.1678095,33.9389323]]}},{"type":"Feature","id":"way/875196999","properties":{"osm_id":875196999,"name":"西湖西路","highway":"primary"},"geometry":{"type":"LineString","coordinates":[[118.24,33.9385697],[118.2399443,33.9385576],[118.2398732,33.9385421],[118.2398427,33.9385355],[118.2397914,33.9385243],[118.2356236,33.9375318],[118.2355476,33.9375137],[118.2353616,33.9374774],[118.2348088,33.9373494]]}},{"type":"Feature","id":"way/875197000","properties":{"osm_id":875197000,"name":"西湖西路","highway":"primary"},"geometry":{"type":"LineString","coordinates":[[118.2348088,33.9373494],[118.2343494,33.9372332]]}},{"type":"Feature","id":"way/875197001","properties":{"osm_id":875197001,"name":"西湖西路","highway":"primary"},"geometry":{"type":"LineString","coordinates":[[118.2348437,33.9371933],[118.235363,33.9373302],[118.2355495,33.9373719],[118.2356228,33.9373896],[118.2369728,33.937716],[118.2379138,33.9379436],[118.238492,33.9380834],[118.2398302,33.938407],[118.2398609,33.9384144],[118.2399044,33.9384249],[118.2399599,33.9384383],[118.24,33.938448]]}},{"type":"Feature","id":"way/875197002","properties":{"osm_id":875197002,"name":"西湖西路","highway":"primary"},"geometry":{"type":"LineString","coordinates":[[118.2343554,33.9370688],[118.2348437,33.9371933]]}},{"type":"Feature","id":"way/875197005","properties":{"osm_id":875197005,"name":"苏州大道","highway":"tertiary"},"geometry":{"type":"LineString","coordinates":[[118.2066453,33.9467293],[118.2081451,33.9466196],[118.2090676,33.9465522],[118.2100215,33.9464719],[118.2109235,33.946396],[118.2110046,33.9463892],[118.2112321,33.9463701],[118.2119947,33.9463059],[118.2120449,33.9463017],[118.2122156,33.9462873],[118.2122569,33.9462838],[118.2124576,33.9462669],[118.2131943,33.9462049],[118.2142601,33.9461152],[118.214757,33.9460529],[118.2148512,33.9460411],[118.2151156,33.946008],[118.215165,33.9460018],[118.2152938,33.9459857],[118.2154255,33.9459637],[118.2155797,33.9459256],[118.2155895,33.9459232],[118.2156443,33.9459107],[118.2160821,33.9458111],[118.2182897,33.945309],[118.2211235,33.9446882],[118.2212345,33.9446639],[118.2213168,33.9446676]]}},{"type":"Feature","id":"way/875197006","properties":{"osm_id":875197006,"name":"苏州大道","highway":"tertiary"},"geometry":{"type":"LineString","coordinates":[[118.2061196,33.9467271],[118.2066453,33.9467293]]}},{"type":"Feature","id":"way/875197007","properties":{"osm_id":875197007,"name":"西湖西路","highway":"primary"},"geometry":{"type":"LineString","coordinates":[[118.2025912,33.9234523],[118.2026475,33.9234851],[118.2027964,33.9235785],[118.2034,33.9239461],[118.2040226,33.9242756],[118.2046966,33.9245759],[118.2051732,33.9247567],[118.20576,33.9249442],[118.2062152,33.9250663],[118.207331,33.9253235],[118.2073818,33.9253336],[118.2075139,33.9253625]]}},{"type":"Feature","id":"way/875197008","properties":{"osm_id":875197008,"name":"西湖西路","highway":"primary"},"geometry":{"type":"LineString","coordinates":[[118.2022573,33.9232043],[118.2025912,33.9234523]]}},{"type":"Feature","id":"way/875197009","properties":{"osm_id":875197009,"name":"古城路","highway":"secondary"},"geometry":{"type":"LineString","coordinates":[[118.2069113,33.9390972],[118.2072168,33.9390903],[118.2081936,33.9390684],[118.2082744,33.9390666],[118.2101119,33.9390222],[118.2103309,33.9390169],[118.2136709,33.9389361],[118.2141301,33.938925],[118.2141925,33.9389235],[118.2143424,33.9389199],[118.2145096,33.9389127]]}},{"type":"Feature","id":"way/875197010","properties":{"osm_id":875197010,"name":"古城路","highway":"secondary"},"geometry":{"type":"LineString","coordinates":[[118.2068407,33.9390987],[118.2069113,33.9390972]]}},{"type":"Feature","id":"way/875197011","properties":{"osm_id":875197011,"name":"古城路","highway":"secondary"},"geometry":{"type":"LineString","coordinates":[[118.2145415,33.9390461],[118.2143693,33.939048],[118.2142137,33.9390269],[118.2141903,33.9390237],[118.2141472,33.9390231],[118.2135763,33.9390158],[118.2128632,33.9390337],[118.2110717,33.9390787],[118.2105803,33.9390911],[118.2103323,33.9390973],[118.2101141,33.9391028],[118.2082027,33.9391509],[118.2069069,33.9391708]]}},{"type":"Feature","id":"way/875197012","properties":{"osm_id":875197012,"name":"古城路","highway":"secondary"},"geometry":{"type":"LineString","coordinates":[[118.2069069,33.9391708],[118.2068362,33.9391722]]}},{"type":"Feature","id":"way/875197015","properties":{"osm_id":875197015,"name":"苏州大道","highway":"tertiary"},"geometry":{"type":"LineString","coordinates":[[118.2218592,33.9446921],[118.2251657,33.9448414],[118.2252338,33.9448445],[118.2291838,33.9449894],[118.2293355,33.944995],[118.2325784,33.9451649],[118.2326568,33.9451678],[118.2334425,33.9451967],[118.2337977,33.9452094]]}},{"type":"Feature","id":"way/875197016","properties":{"osm_id":875197016,"name":"苏州大道","highway":"tertiary"},"geometry":{"type":"LineString","coordinates":[[118.2213168,33.9446676],[118.2218592,33.9446921]]}},{"type":"Feature","id":"way/875197017","properties":{"osm_id":875197017,"name":"西湖西路","highway":"primary"},"geometry":{"type":"LineString","coordinates":[[118.2080086,33.9254706],[118.2082733,33.9255288],[118.2090785,33.9256994],[118.2097794,33.925843],[118.2105379,33.9260108],[118.2110845,33.9261318]]}},{"type":"Feature","id":"way/875197018","properties":{"osm_id":875197018,"name":"西湖西路","highway":"primary"},"geometry":{"type":"LineString","coordinates":[[118.2080086,33.9254706],[118.2075139,33.9253625]]}},{"type":"Feature","id":"way/875197031","properties":{"osm_id":875197031,"name":"阳澄湖路","highway":"secondary"},"geometry":{"type":"LineString","coordinates":[[118.2351934,33.9389009],[118.235258,33.9389006],[118.2354329,33.9388999],[118.2355946,33.9389004]]}},{"type":"Feature","id":"way/875197032","properties":{"osm_id":875197032,"name":"阳澄湖路","highway":"secondary"},"geometry":{"type":"LineString","coordinates":[[118.2341506,33.9389025],[118.2351934,33.9389009]]}},{"type":"Feature","id":"way/875197033","properties":{"osm_id":875197033,"name":"阳澄湖路","highway":"secondary"},"geometry":{"type":"LineString","coordinates":[[118.2214904,33.9390194],[118.221321,33.9390173],[118.2176921,33.9390184],[118.2165297,33.939029],[118.2146991,33.9390458],[118.2146364,33.9390463],[118.2145415,33.9390461]]}},{"type":"Feature","id":"way/875197035","properties":{"osm_id":875197035,"name":"阳澄湖路","highway":"secondary"},"geometry":{"type":"LineString","coordinates":[[118.2355946,33.939063],[118.2354289,33.9390629],[118.2352571,33.9390645],[118.2351845,33.9390692]]}},{"type":"Feature","id":"way/875197036","properties":{"osm_id":875197036,"name":"阳澄湖路","highway":"secondary"},"geometry":{"type":"LineString","coordinates":[[118.2351845,33.9390692],[118.2341588,33.9390639]]}},{"type":"Feature","id":"way/875197037","properties":{"osm_id":875197037,"name":"北京路","highway":"primary"},"geometry":{"type":"LineString","coordinates":[[118.24,33.9220651],[118.2352775,33.9227399],[118.2350677,33.9227759]]}},{"type":"Feature","id":"way/875197038","properties":{"osm_id":875197038,"highway":"primary"},"geometry":{"type":"LineString","coordinates":[[118.234664,33.9228478],[118.2344307,33.9228914]]}},{"type":"Feature","id":"way/875197039","properties":{"osm_id":875197039,"name":"北京路","highway":"primary"},"geometry":{"type":"LineString","coordinates":[[118.2352707,33.9226524],[118.2363432,33.9224934],[118.2394401,33.9220344],[118.24,33.9219514]]}},{"type":"Feature","id":"way/875197040","properties":{"osm_id":875197040,"highway":"primary"},"geometry":{"type":"LineString","coordinates":[[118.2344028,33.9227996],[118.2346597,33.922757]]}},{"type":"Feature","id":"way/875197041","properties":{"osm_id":875197041,"name":"苏州大道","highway":"tertiary"},"geometry":{"type":"LineString","coordinates":[[118.2344349,33.9452291],[118.2348443,33.9452423],[118.2350036,33.9452475],[118.2351852,33.9452579]]}},{"type":"Feature","id":"way/875197042","properties":{"osm_id":875197042,"name":"苏州大道","highway":"tertiary"},"geometry":{"type":"LineString","coordinates":[[118.2337977,33.9452094],[118.2344349,33.9452291]]}},{"type":"Feature","id":"way/875197050","properties":{"osm_id":875197050,"name":"科盛路","highway":"tertiary"},"geometry":{"type":"LineString","coordinates":[[118.1833386,33.9258045],[118.1832556,33.9262459]]}},{"type":"Feature","id":"way/875197051","properties":{"osm_id":875197051,"name":"科兴路","highway":"secondary"},"geometry":{"type":"LineString","coordinates":[[118.1902717,33.9167436],[118.1902154,33.9168815],[118.190172,33.9169902],[118.1897469,33.9180554],[118.1892526,33.9192939],[118.1891945,33.9194605],[118.1889158,33.9202986],[118.1887407,33.9208931],[118.1885583,33.9216104],[118.1883241,33.9226572],[118.1881284,33.9237471],[118.1881014,33.9239294],[118.1880446,33.9243571],[118.1879827,33.9251176],[118.1879692,33.925338],[118.1879343,33.9259101]]}},{"type":"Feature","id":"way/875197052","properties":{"osm_id":875197052,"name":"科兴路","highway":"secondary"},"geometry":{"type":"LineString","coordinates":[[118.1879343,33.9259101],[118.1879139,33.9262255]]}},{"type":"Feature","id":"way/875197053","properties":{"osm_id":875197053,"name":"科苑路","highway":"tertiary"},"geometry":{"type":"LineString","coordinates":[[118.1946318,33.92603],[118.1945769,33.9243692],[118.1945759,33.9243334],[118.1945082,33.9226757],[118.1944323,33.921034],[118.1944098,33.9204781],[118.1943285,33.9185279],[118.1943632,33.9183749]]}},{"type":"Feature","id":"way/875197054","properties":{"osm_id":875197054,"name":"科苑路","highway":"tertiary"},"geometry":{"type":"LineString","coordinates":[[118.1946363,33.9263522],[118.1946318,33.92603]]}},{"type":"Feature","id":"way/875197055","properties":{"osm_id":875197055,"name":"阳澄湖路","highway":"secondary"},"geometry":{"type":"LineString","coordinates":[[118.2145096,33.9389127],[118.214611,33.9389099],[118.2147003,33.9389091],[118.2176824,33.9388837],[118.2213305,33.9388652],[118.2215068,33.9388656]]}},{"type":"Feature","id":"way/875197057","properties":{"osm_id":875197057,"name":"石公山路","highway":"tertiary"},"geometry":{"type":"LineString","coordinates":[[118.2179951,33.9422268],[118.2180165,33.9424507],[118.2181279,33.9436161],[118.2181341,33.9436807],[118.2182897,33.945309],[118.2183022,33.9454396],[118.2180893,33.9491176],[118.2180754,33.9493573],[118.2180722,33.9494134],[118.2180636,33.949575]]}},{"type":"Feature","id":"way/875197058","properties":{"osm_id":875197058,"name":"石公山路","highway":"tertiary"},"geometry":{"type":"LineString","coordinates":[[118.2179895,33.9421685],[118.2179951,33.9422268]]}},{"type":"Feature","id":"way/875466236","properties":{"osm_id":875466236,"name":"苏州路","highway":"secondary"},"geometry":{"type":"LineString","coordinates":[[118.2395908,33.9055098],[118.24,33.9054596]]}},{"type":"Feature","id":"way/875466237","properties":{"osm_id":875466237,"name":"富民大道","highway":"tertiary"},"geometry":{"type":"LineString","coordinates":[[118.2395908,33.9055098],[118.239608,33.903628],[118.2396276,33.9019461],[118.2396336,33.9017073],[118.2396449,33.9005147],[118.2396478,33.9002047],[118.23965,33.8999807],[118.2396671,33.8981702],[118.239674,33.8975047],[118.2396813,33.8968007],[118.2396824,33.8966939],[118.2396921,33.8957507],[118.2397119,33.892587],[118.2397135,33.8925224],[118.2397133,33.8924246],[118.2397147,33.8922713],[118.2397322,33.8903696],[118.2397414,33.8893628],[118.2397418,33.8893181],[118.2397467,33.8879473],[118.239765,33.8867845],[118.2397508,33.8840801],[118.2397605,33.8830161],[118.2397671,33.8822932],[118.2397689,33.8820903],[118.2397712,33.8818386],[118.2397748,33.8814513],[118.2397839,33.8804514],[118.2398021,33.8784638],[118.2398025,33.8784166],[118.2397904,33.8782579]]}},{"type":"Feature","id":"way/875466238","properties":{"osm_id":875466238,"name":"苏州路","highway":"secondary"},"geometry":{"type":"LineString","coordinates":[[118.24,33.9056128],[118.2395901,33.9056578]]}},{"type":"Feature","id":"way/875466239","properties":{"osm_id":875466239,"name":"富民大道","highway":"tertiary"},"geometry":{"type":"LineString","coordinates":[[118.2395901,33.9056578],[118.2395908,33.9055098]]}},{"type":"Feature","id":"way/875466248","properties":{"osm_id":875466248,"name":"南京路","highway":"primary","ref":"S325"},"geometry":{"type":"LineString","coordinates":[[118.2092395,33.8930576],[118.2095552,33.8930523],[118.2100038,33.8930447],[118.2101056,33.893043],[118.210262,33.8930404],[118.2103835,33.8930383],[118.2108352,33.8930307],[118.211003,33.8930279],[118.2114836,33.8930387],[118.2120547,33.8930237],[118.2152105,33.8929405],[118.2152335,33.89294],[118.2154776,33.8929345],[118.2170232,33.8928997],[118.2190173,33.8928549],[118.2218615,33.8927981],[118.224601,33.8927434],[118.2247016,33.8927414],[118.2277425,33.8926637],[118.2281576,33.8926576],[118.2284906,33.8926527],[118.2308466,33.8926182],[118.2327055,33.8925758],[118.2330687,33.8925675]]}},{"type":"Feature","id":"way/875466249","properties":{"osm_id":875466249,"name":"南京路","highway":"primary","ref":"S325"},"geometry":{"type":"LineString","coordinates":[[118.2330687,33.8925675],[118.2335783,33.892548]]}},{"type":"Feature","id":"way/875466250","properties":{"osm_id":875466250,"name":"南京路","highway":"primary","ref":"S325"},"geometry":{"type":"LineString","coordinates":[[118.2330648,33.8926688],[118.2326487,33.8926783],[118.2321009,33.8926908],[118.2304583,33.8927207],[118.2299757,33.8927294],[118.2277017,33.8927708],[118.2259007,33.8928197],[118.2247035,33.8928495],[118.2246057,33.8928516],[118.2240161,33.8928644],[118.2213477,33.8929149],[118.2210675,33.8929202],[118.2187983,33.8929632],[118.217024,33.8930067],[118.2153817,33.8930469],[118.2123428,33.8931107],[118.2109026,33.8931312],[118.2103895,33.8931384],[118.210265,33.8931402],[118.2101129,33.8931424],[118.2100078,33.8931439],[118.2095606,33.8931502],[118.2090964,33.8931568]]}},{"type":"Feature","id":"way/875466251","properties":{"osm_id":875466251,"name":"南京路","highway":"primary","ref":"S325"},"geometry":{"type":"LineString","coordinates":[[118.2335704,33.8926629],[118.2330648,33.8926688]]}},{"type":"Feature","id":"way/875504681","properties":{"osm_id":875504681,"name":"330乡道","highway":"tertiary","ref":"Y330"},"geometry":{"type":"LineString","coordinates":[[118.207826,33.9205514],[118.2077663,33.9206045],[118.2077457,33.9206367],[118.2077333,33.9206891],[118.2077247,33.9207538],[118.2077219,33.920804],[118.2077208,33.9208404],[118.2077236,33.9208816],[118.20773,33.9209167],[118.2077801,33.9210004],[118.2079289,33.9212559],[118.2081258,33.9216656],[118.2082015,33.9218602],[118.2083117,33.9222244],[118.2083209,33.9222833],[118.208324,33.9223335],[118.2082757,33.9253767],[118.2082733,33.9255288]]}},{"type":"Feature","id":"way/875504682","properties":{"osm_id":875504682,"name":"振兴大道","highway":"secondary"},"geometry":{"type":"LineString","coordinates":[[118.2339609,33.9106435],[118.2339389,33.9100507],[118.2338141,33.906682],[118.2338072,33.9064961],[118.233791,33.9060594],[118.2337811,33.9058532],[118.2337766,33.90558],[118.233769,33.9052624],[118.2337007,33.9023915],[118.2337267,33.898333],[118.2338079,33.8961565],[118.2338405,33.8941587],[118.233873,33.8936255],[118.234011,33.8926517],[118.2340275,33.8925256],[118.2342308,33.8910405],[118.2342144,33.8841876],[118.2342328,33.8800189],[118.2342364,33.8792033],[118.2342375,33.8789631],[118.2342378,33.8788945],[118.2342391,33.8785928],[118.2342396,33.8784457],[118.234241,33.878164],[118.2342415,33.8780669],[118.234254,33.8755824],[118.2342549,33.8753974],[118.2342469,33.8718267],[118.2342204,33.867605]]}},{"type":"Feature","id":"way/875504683","properties":{"osm_id":875504683,"highway":"secondary_link"},"geometry":{"type":"LineString","coordinates":[[118.236079,33.9787636],[118.2362297,33.9791056],[118.2362868,33.9792192],[118.2363731,33.9793214],[118.2364964,33.9793954],[118.236635,33.9794465],[118.2370576,33.9794361]]}},{"type":"Feature","id":"way/875504684","properties":{"osm_id":875504684,"highway":"secondary_link"},"geometry":{"type":"LineString","coordinates":[[118.2352696,33.9796817],[118.2356059,33.9796049],[118.2357877,33.9795411],[118.2358678,33.97949],[118.2359294,33.9794312],[118.2359818,33.9793086],[118.2359848,33.9792273],[118.2359385,33.9788138]]}},{"type":"Feature","id":"way/875504691","properties":{"osm_id":875504691,"name":"振兴大道","highway":"secondary"},"geometry":{"type":"LineString","coordinates":[[118.2360926,33.9795687],[118.2359385,33.9788138],[118.2358456,33.9783588],[118.2355841,33.9770785],[118.2354806,33.9765716],[118.235462,33.9764807],[118.2353677,33.97598],[118.2352533,33.9753722],[118.2350616,33.9743539],[118.2350458,33.9742703],[118.2350371,33.9742236],[118.2348632,33.9733002],[118.2347072,33.9724715],[118.2344879,33.9713432],[118.2343882,33.97083],[118.2342012,33.9698684]]}},{"type":"Feature","id":"way/875504692","properties":{"osm_id":875504692,"name":"振兴大道","highway":"secondary"},"geometry":{"type":"LineString","coordinates":[[118.2342012,33.9698684],[118.2340349,33.9689831]]}},{"type":"Feature","id":"way/875504697","properties":{"osm_id":875504697,"name":"太湖西路","highway":"tertiary"},"geometry":{"type":"LineString","coordinates":[[118.24,33.9586076],[118.2397202,33.9585998],[118.2395967,33.9585963]]}},{"type":"Feature","id":"way/875504701","properties":{"osm_id":875504701,"name":"振兴大道","highway":"secondary"},"geometry":{"type":"LineString","coordinates":[[118.2346581,33.9502505],[118.2346638,33.9501735],[118.2346662,33.9501402],[118.2346819,33.949926],[118.2347522,33.9489679],[118.2348677,33.9473943],[118.2348869,33.9471319],[118.2348937,33.9470203],[118.2349969,33.9453483],[118.2350036,33.9452475],[118.235107,33.9437617],[118.2351189,33.9435898],[118.2351279,33.9434606],[118.235139,33.9433004],[118.2351495,33.9431525],[118.2351603,33.9429965],[118.2353175,33.9407352],[118.2353232,33.9406535],[118.2353327,33.9405121],[118.2354233,33.9391617],[118.2354289,33.9390629],[118.2354329,33.9388999],[118.2354286,33.9388135],[118.2353685,33.9376156],[118.2353616,33.9374774],[118.235363,33.9373302],[118.235362,33.9372307],[118.2353528,33.936358],[118.2354131,33.9353455],[118.235456,33.9346249],[118.2355126,33.9336745],[118.2355347,33.9333039],[118.2356046,33.9321297],[118.2355624,33.9311333],[118.2355317,33.9304079],[118.2355239,33.9301311]]}},{"type":"Feature","id":"way/875504702","properties":{"osm_id":875504702,"name":"振兴大道","highway":"secondary"},"geometry":{"type":"LineString","coordinates":[[118.2355239,33.9301311],[118.2355087,33.9296273]]}},{"type":"Feature","id":"way/875504703","properties":{"osm_id":875504703,"name":"振兴大道","highway":"secondary"},"geometry":{"type":"LineString","coordinates":[[118.2357106,33.9301072],[118.235717,33.9304109],[118.2357426,33.9311303],[118.2357754,33.9320484],[118.2357783,33.9321321],[118.2357485,33.9328055],[118.235726,33.9333128],[118.2357085,33.9337057],[118.2356791,33.9341255],[118.2356444,33.9346191],[118.2356257,33.9349214],[118.2355985,33.9353592],[118.2355251,33.9363178],[118.2355471,33.9372667],[118.2355495,33.9373719],[118.2355476,33.9375137]]}},{"type":"Feature","id":"way/875504704","properties":{"osm_id":875504704,"name":"振兴大道","highway":"secondary"},"geometry":{"type":"LineString","coordinates":[[118.2356859,33.9296184],[118.2357106,33.9301072]]}},{"type":"Feature","id":"way/875504705","properties":{"osm_id":875504705,"name":"东海大道","highway":"tertiary"},"geometry":{"type":"LineString","coordinates":[[118.2395051,33.9626304],[118.2394961,33.9631627],[118.2394824,33.9639799],[118.2394797,33.9641387],[118.2394784,33.9642139],[118.2394518,33.9652428],[118.2394223,33.9663848]]}},{"type":"Feature","id":"way/875504706","properties":{"osm_id":875504706,"name":"东海大道","highway":"tertiary"},"geometry":{"type":"LineString","coordinates":[[118.2395048,33.9621686],[118.2395051,33.9626304]]}},{"type":"Feature","id":"way/875504707","properties":{"osm_id":875504707,"name":"微山湖西路","highway":"tertiary"},"geometry":{"type":"LineString","coordinates":[[118.24,33.9547725],[118.2396137,33.954793],[118.2394875,33.9547975],[118.2380905,33.954861],[118.2360552,33.9549453],[118.235547,33.9549727],[118.2354625,33.9549773],[118.2346352,33.9550219],[118.2344578,33.9550315],[118.2343071,33.9550408]]}},{"type":"Feature","id":"way/875504709","properties":{"osm_id":875504709,"name":"青海湖西路","highway":"primary"},"geometry":{"type":"LineString","coordinates":[[118.234808,33.9503992],[118.2346441,33.9503911]]}},{"type":"Feature","id":"way/875504710","properties":{"osm_id":875504710,"name":"苏宿大道","highway":"primary"},"geometry":{"type":"LineString","coordinates":[[118.234499,33.9503804],[118.233353,33.9503275]]}},{"type":"Feature","id":"way/875504711","properties":{"osm_id":875504711,"name":"三亚路","highway":"tertiary"},"geometry":{"type":"LineString","coordinates":[[118.2339186,33.8676189],[118.2341298,33.8676092],[118.2342204,33.867605],[118.23432,33.8676001],[118.234443,33.8675985],[118.2345626,33.8675926],[118.238586,33.8673946],[118.24,33.867325]]}},{"type":"Feature","id":"way/875504713","properties":{"osm_id":875504713,"name":"香港路","highway":"tertiary"},"geometry":{"type":"LineString","coordinates":[[118.2338681,33.8718413],[118.2341585,33.8718301],[118.2342469,33.8718267],[118.2344534,33.8718144],[118.234568,33.8718103],[118.2357829,33.8717671],[118.24,33.8716169]]}},{"type":"Feature","id":"way/875504717","properties":{"osm_id":875504717,"name":"成子湖路","highway":"tertiary"},"geometry":{"type":"LineString","coordinates":[[118.24,33.9642173],[118.2394784,33.9642139],[118.2393607,33.9642108],[118.2382963,33.9641896],[118.2375014,33.9641391],[118.237455,33.9641374],[118.2370375,33.9641221],[118.2351418,33.9640524],[118.2338583,33.9640053],[118.2337252,33.9640031],[118.2332207,33.9639993]]}},{"type":"Feature","id":"way/875504718","properties":{"osm_id":875504718,"name":"成子湖路","highway":"tertiary"},"geometry":{"type":"LineString","coordinates":[[118.2332207,33.9639993],[118.2326815,33.9639922]]}},{"type":"Feature","id":"way/875504719","properties":{"osm_id":875504719,"name":"广州路","highway":"secondary"},"geometry":{"type":"LineString","coordinates":[[118.2337197,33.8841996],[118.2342144,33.8841876],[118.2344572,33.884183]]}},{"type":"Feature","id":"way/875504720","properties":{"osm_id":875504720,"name":"广州路","highway":"secondary"},"geometry":{"type":"LineString","coordinates":[[118.2331475,33.8842054],[118.2337197,33.8841996]]}},{"type":"Feature","id":"way/875504721","properties":{"osm_id":875504721,"name":"东吴路","highway":"tertiary"},"geometry":{"type":"LineString","coordinates":[[118.24,33.8981565],[118.2396671,33.8981702],[118.2389764,33.8981841],[118.238142,33.8982008],[118.2381019,33.8982016],[118.2369148,33.8982255],[118.2368249,33.8982293],[118.2366614,33.898236],[118.2351587,33.8982874],[118.2339042,33.8983303],[118.2337267,33.898333],[118.233582,33.8983369]]}},{"type":"Feature","id":"way/875504727","properties":{"osm_id":875504727,"highway":"secondary"},"geometry":{"type":"LineString","coordinates":[[118.2286417,33.9672812],[118.2286528,33.9673301],[118.2286682,33.9673979]]}},{"type":"Feature","id":"way/875504728","properties":{"osm_id":875504728,"highway":"secondary"},"geometry":{"type":"LineString","coordinates":[[118.2285453,33.9668221],[118.2286417,33.9672812]]}},{"type":"Feature","id":"way/875504729","properties":{"osm_id":875504729,"name":"苏州西路","highway":"secondary"},"geometry":{"type":"LineString","coordinates":[[118.2339569,33.9058401],[118.2341946,33.9058257],[118.2342389,33.905822],[118.2355151,33.9057144],[118.2355551,33.9057124],[118.2367508,33.9056524],[118.2368396,33.9056479],[118.2383686,33.9055712],[118.2395908,33.9055098]]}},{"type":"Feature","id":"way/875504730","properties":{"osm_id":875504730,"name":"苏州西路","highway":"secondary"},"geometry":{"type":"LineString","coordinates":[[118.2328705,33.9059479],[118.2334208,33.9058888]]}},{"type":"Feature","id":"way/875504731","properties":{"osm_id":875504731,"name":"苏州西路","highway":"secondary"},"geometry":{"type":"LineString","coordinates":[[118.2395901,33.9056578],[118.2390957,33.9056806],[118.2385894,33.9057039],[118.2383775,33.9057137],[118.2377418,33.905743],[118.2369725,33.9057784],[118.2364133,33.9058062],[118.2357166,33.9058381],[118.2355548,33.9058568],[118.2344221,33.9059874],[118.2342596,33.9060062],[118.2339663,33.90604],[118.233791,33.9060594],[118.2335429,33.9060842],[118.2334636,33.9060921]]}},{"type":"Feature","id":"way/875504732","properties":{"osm_id":875504732,"name":"苏州西路","highway":"secondary"},"geometry":{"type":"LineString","coordinates":[[118.2334636,33.9060921],[118.2329026,33.9061489]]}},{"type":"Feature","id":"way/875504733","properties":{"osm_id":875504733,"name":"金鸡湖路","highway":"tertiary"},"geometry":{"type":"LineString","coordinates":[[118.24,33.9099721],[118.2395747,33.9100196],[118.2369633,33.9103083],[118.2368721,33.9103185],[118.2361789,33.9103957],[118.2349359,33.9105342],[118.234142,33.9106226],[118.2339609,33.9106435]]}},{"type":"Feature","id":"way/875504734","properties":{"osm_id":875504734,"name":"金鸡湖西路","highway":"tertiary"},"geometry":{"type":"LineString","coordinates":[[118.2337647,33.9106673],[118.2332359,33.9107232]]}},{"type":"Feature","id":"way/875504735","properties":{"osm_id":875504735,"name":"姑苏路","highway":"tertiary"},"geometry":{"type":"LineString","coordinates":[[118.2342864,33.9165818],[118.2344824,33.9165516],[118.2347286,33.9165187],[118.2354545,33.9164135],[118.2364683,33.9162666],[118.2365951,33.9162482],[118.2366348,33.9162425],[118.2372677,33.9161508],[118.2376288,33.9160985],[118.2381677,33.9160204],[118.2390215,33.9158967],[118.2397054,33.9157976],[118.24,33.9157529]]}},{"type":"Feature","id":"way/875662733","properties":{"osm_id":875662733,"name":"通湖大道","highway":"primary","ref":"S325"},"geometry":{"type":"LineString","coordinates":[[118.2156907,33.9610438],[118.215684,33.9609139],[118.2156798,33.960828],[118.2156664,33.9605548],[118.2156474,33.9601699],[118.215624,33.9596933],[118.2156079,33.9593658],[118.2156043,33.9592569]]}},{"type":"Feature","id":"way/875662734","properties":{"osm_id":875662734,"name":"太湖西路","highway":"tertiary"},"geometry":{"type":"LineString","coordinates":[[118.2341531,33.9593578],[118.234844,33.959334],[118.2352459,33.9592958],[118.2357669,33.9591997],[118.235867,33.9591812],[118.2379386,33.9588071],[118.2386664,33.9586599],[118.2393273,33.9585286],[118.2394528,33.958521],[118.2395935,33.9585196]]}},{"type":"Feature","id":"way/875662743","properties":{"osm_id":875662743,"name":"微山湖西路","highway":"tertiary"},"geometry":{"type":"LineString","coordinates":[[118.2156731,33.9558222],[118.215823,33.955813],[118.2158794,33.9558095],[118.2161406,33.9557969],[118.2180627,33.955704],[118.2181469,33.9556999],[118.218239,33.9556955],[118.2205037,33.9555861],[118.2206023,33.9555813]]}},{"type":"Feature","id":"way/875662744","properties":{"osm_id":875662744,"name":"微山湖西路","highway":"tertiary"},"geometry":{"type":"LineString","coordinates":[[118.2206023,33.9555813],[118.221966,33.9555248],[118.2220032,33.9555234],[118.2221757,33.955517],[118.2222173,33.9555153],[118.223433,33.9554655],[118.2235728,33.9554608],[118.225774,33.9553716],[118.2258986,33.9553665],[118.2259583,33.9553641],[118.2261446,33.9553565],[118.2285373,33.9552596],[118.2286611,33.9552546],[118.2310842,33.9551363],[118.2342328,33.9549825],[118.2343113,33.9549787],[118.2344641,33.9549704],[118.2346374,33.9549622],[118.2360557,33.9548949],[118.2380929,33.9547973],[118.239494,33.9547302],[118.239615,33.9547252],[118.24,33.9547071]]}},{"type":"Feature","id":"way/875678715","properties":{"osm_id":875678715,"name":"红海大道","highway":"secondary"},"geometry":{"type":"LineString","coordinates":[[118.2291617,33.9349908],[118.2291534,33.9352128],[118.2291532,33.9353135],[118.2291529,33.9354158],[118.2291655,33.9357179],[118.2292029,33.9359449],[118.229253,33.9361384],[118.229331,33.9363422],[118.2295508,33.9369165],[118.2297224,33.9375654],[118.2297392,33.9377792],[118.2297581,33.9380184],[118.2297153,33.9387278],[118.2297114,33.9388018],[118.2297061,33.9388994],[118.2296991,33.9390464],[118.2296963,33.9391409],[118.2296949,33.9391862],[118.2296888,33.9392811],[118.2296324,33.9401628],[118.2296109,33.9404993],[118.2295893,33.9408372],[118.2295856,33.9408947],[118.2295623,33.9412589],[118.229559,33.9413108],[118.2294961,33.9424001]]}},{"type":"Feature","id":"way/875678716","properties":{"osm_id":875678716,"name":"红海大道","highway":"secondary"},"geometry":{"type":"LineString","coordinates":[[118.2294961,33.9424001],[118.2294757,33.9428262]]}},{"type":"Feature","id":"way/875678717","properties":{"osm_id":875678717,"name":"通州路","highway":"tertiary"},"geometry":{"type":"LineString","coordinates":[[118.2328694,33.9024295],[118.232786,33.9024337],[118.2327456,33.9024357],[118.2320834,33.9024689],[118.2306389,33.9025413],[118.2305129,33.9025476],[118.2290939,33.9026187],[118.2289019,33.9026283],[118.2286233,33.9026423],[118.2259005,33.9027787],[118.224134,33.9028672],[118.2240132,33.9028731],[118.2206296,33.9030387],[118.2205884,33.9030407],[118.2202609,33.9030567],[118.2201393,33.9030627],[118.217098,33.9032115],[118.2158296,33.9032736],[118.2150956,33.9033095],[118.2128211,33.9034208],[118.2127312,33.9034252],[118.2106204,33.9035285],[118.2105111,33.9035634],[118.2079777,33.9036759],[118.2077079,33.9036879],[118.2058715,33.9037695],[118.2038085,33.9038611],[118.2022776,33.9039291],[118.201,33.9039859]]}},{"type":"Feature","id":"way/875678733","properties":{"osm_id":875678733,"name":"姑苏路","highway":"tertiary"},"geometry":{"type":"LineString","coordinates":[[118.207826,33.9205514],[118.2078674,33.9205576],[118.2079358,33.9205636],[118.2080083,33.9205588],[118.209257,33.9203649],[118.2094216,33.9203393],[118.2095915,33.9203129],[118.211071,33.9200832],[118.211165,33.9200696],[118.2133036,33.9197238],[118.2153244,33.91943],[118.2168543,33.9192075],[118.217616,33.9190967],[118.2188394,33.9189188],[118.2203509,33.918699],[118.2218112,33.9184867],[118.2231032,33.9182988],[118.2232125,33.9182829],[118.2248564,33.9180302],[118.2264017,33.9177926],[118.2264824,33.9177802],[118.2266772,33.9177503],[118.2268905,33.9177175],[118.2280927,33.9175328],[118.2287072,33.9174383],[118.2300175,33.9172366],[118.2323743,33.9168739],[118.2324377,33.9168641],[118.2335077,33.9166995],[118.2335869,33.9166866],[118.2336965,33.9166704]]}},{"type":"Feature","id":"way/875678734","properties":{"osm_id":875678734,"name":"重庆路","highway":"tertiary","ref":"Y330"},"geometry":{"type":"LineString","coordinates":[[118.201,33.9039859],[118.2007941,33.9062043],[118.2007464,33.9067182],[118.2006015,33.9082793],[118.2005968,33.9087086],[118.2005882,33.908863],[118.2006202,33.9094024],[118.2007012,33.9098539],[118.2008891,33.9104715],[118.2009333,33.9105544],[118.2012147,33.9110824],[118.2013846,33.9113879],[118.2022888,33.9126005],[118.2031542,33.9137611],[118.2061132,33.918062],[118.207826,33.9205514]]}},{"type":"Feature","id":"way/875678735","properties":{"osm_id":875678735,"name":"金鸡湖西路","highway":"tertiary"},"geometry":{"type":"LineString","coordinates":[[118.2173078,33.9123253],[118.2166874,33.9123906],[118.2152231,33.9125448],[118.2151983,33.9125474],[118.2150139,33.912568],[118.2132578,33.9127517],[118.2121639,33.9128668],[118.2109264,33.9129971],[118.2108321,33.9130086],[118.2051895,33.9135511],[118.2031542,33.9137611]]}},{"type":"Feature","id":"way/875678736","properties":{"osm_id":875678736,"name":"常州路","highway":"unclassified"},"geometry":{"type":"LineString","coordinates":[[118.2171223,33.9106711],[118.2171281,33.9110538],[118.2171402,33.9118566],[118.2171994,33.9121216],[118.2173078,33.9123253],[118.2176989,33.9126967],[118.2178778,33.9128924],[118.218016,33.9132096],[118.2180486,33.9135267],[118.2179252,33.9153537],[118.2179214,33.9154107],[118.2178822,33.9159905]]}},{"type":"Feature","id":"way/875678737","properties":{"osm_id":875678737,"name":"330乡道","highway":"tertiary"},"geometry":{"type":"LineString","coordinates":[[118.2002281,33.9216463],[118.200247,33.9214504],[118.2002933,33.9209698],[118.2004405,33.9196459],[118.2004799,33.9192919],[118.2005841,33.9183545],[118.2006343,33.9179035],[118.2006465,33.9177935],[118.2006681,33.9175993],[118.2007576,33.9167946],[118.2007923,33.9164827],[118.200832,33.9161259],[118.2008647,33.9158316],[118.200869,33.9157926],[118.2009556,33.9150139],[118.2010404,33.9142513]]}},{"type":"Feature","id":"way/875678738","properties":{"osm_id":875678738,"name":"独墅湖路","highway":"tertiary"},"geometry":{"type":"LineString","coordinates":[[118.2212486,33.9461977],[118.2217912,33.9462199]]}},{"type":"Feature","id":"way/875678739","properties":{"osm_id":875678739,"name":"独墅湖路","highway":"tertiary"},"geometry":{"type":"LineString","coordinates":[[118.2210216,33.946189],[118.2211416,33.9461933],[118.2212486,33.9461977]]}},{"type":"Feature","id":"way/875678740","properties":{"osm_id":875678740,"name":"独墅湖路","highway":"tertiary"},"geometry":{"type":"LineString","coordinates":[[118.2325,33.946659],[118.2314865,33.9466174],[118.2313943,33.9466137],[118.229226,33.9465248]]}},{"type":"Feature","id":"way/875678741","properties":{"osm_id":875678741,"name":"淀山湖路","highway":"residential"},"geometry":{"type":"LineString","coordinates":[[118.2213351,33.936603],[118.2198588,33.9366028],[118.2195209,33.9366028],[118.219158,33.9366028],[118.2189403,33.9366027],[118.2175342,33.9366026],[118.2164001,33.9365955],[118.2161598,33.936594],[118.2157796,33.9365916],[118.215461,33.9365897],[118.214628,33.9365845],[118.214491,33.9365836],[118.2143306,33.9365826],[118.2140985,33.9365812],[118.2140765,33.9365793]]}},{"type":"Feature","id":"way/875678742","properties":{"osm_id":875678742,"name":"淀山湖路","highway":"residential"},"geometry":{"type":"LineString","coordinates":[[118.221734,33.9366066],[118.2214931,33.9366047]]}},{"type":"Feature","id":"way/875678743","properties":{"osm_id":875678743,"name":"淀山湖路","highway":"residential"},"geometry":{"type":"LineString","coordinates":[[118.2214931,33.9366047],[118.2213351,33.936603]]}},{"type":"Feature","id":"way/875753088","properties":{"osm_id":875753088,"name":"通达大道","highway":"secondary"},"geometry":{"type":"LineString","coordinates":[[118.2213595,33.9425779],[118.2213204,33.9432757],[118.2212345,33.9446639],[118.2212272,33.9447827],[118.2211416,33.9461933],[118.2210479,33.9479872],[118.2210453,33.9480364],[118.2210448,33.9480453],[118.2209678,33.9495202],[118.2209654,33.9495654],[118.2209542,33.9497346]]}},{"type":"Feature","id":"way/875753089","properties":{"osm_id":875753089,"name":"通达大道","highway":"secondary"},"geometry":{"type":"LineString","coordinates":[[118.221386,33.9421708],[118.2213595,33.9425779]]}},{"type":"Feature","id":"way/875753090","properties":{"osm_id":875753090,"name":"同里湖路","highway":"tertiary"},"geometry":{"type":"LineString","coordinates":[[118.2213746,33.9432778],[118.2218553,33.9432966]]}},{"type":"Feature","id":"way/875753091","properties":{"osm_id":875753091,"name":"同里湖路","highway":"tertiary"},"geometry":{"type":"LineString","coordinates":[[118.2212195,33.9432712],[118.2213204,33.9432757],[118.2213746,33.9432778]]}},{"type":"Feature","id":"way/877478818","properties":{"osm_id":877478818,"name":"阳明山大道","highway":"secondary"},"geometry":{"type":"LineString","coordinates":[[118.1898378,33.95936],[118.1894647,33.956759],[118.1894526,33.9566652],[118.1893083,33.9555845],[118.1890915,33.9539609],[118.1888616,33.9520895],[118.1888057,33.9517259],[118.1887542,33.9513284],[118.1886874,33.950804],[118.1886335,33.950377],[118.1885395,33.9497373],[118.1885076,33.9495319],[118.1884808,33.9494225],[118.1884665,33.9492725],[118.1884639,33.9491884],[118.1883981,33.9484075],[118.1883139,33.9468666],[118.1883139,33.9467939],[118.1882542,33.944213],[118.1882186,33.942875],[118.1881925,33.9415907],[118.1881279,33.939617],[118.1881278,33.9395491]]}},{"type":"Feature","id":"way/877478819","properties":{"osm_id":877478819,"name":"科兴路","highway":"secondary"},"geometry":{"type":"LineString","coordinates":[[118.1878175,33.9259012],[118.1878643,33.9253342],[118.187871,33.9252534],[118.1878816,33.925116],[118.1879555,33.9243627],[118.1880016,33.9239261],[118.1880326,33.9237383],[118.1882181,33.9227184],[118.1882351,33.9226303],[118.1882476,33.9225662],[118.188336,33.9221118],[118.1884525,33.9215922],[118.1886447,33.9208776],[118.1887739,33.9204395],[118.1888116,33.9203118],[118.189102,33.9194334],[118.1900358,33.9169434],[118.1900777,33.9168316],[118.1901372,33.9166958]]}},{"type":"Feature","id":"way/877478820","properties":{"osm_id":877478820,"name":"科兴路","highway":"secondary"},"geometry":{"type":"LineString","coordinates":[[118.1878014,33.9262236],[118.1878175,33.9259012]]}},{"type":"Feature","id":"way/877484740","properties":{"osm_id":877484740,"name":"330乡道","highway":"tertiary","ref":"y330"},"geometry":{"type":"LineString","coordinates":[[118.20206,33.8932427],[118.2020517,33.893333],[118.2015583,33.8987995],[118.2015397,33.8989906],[118.2014106,33.9001859],[118.201,33.9039859]]}},{"type":"Feature","id":"way/877484788","properties":{"osm_id":877484788,"name":"南京路","highway":"primary","ref":"S325"},"geometry":{"type":"LineString","coordinates":[[118.201082,33.8933422],[118.2009524,33.8933441],[118.1989897,33.8933722],[118.1975307,33.8933984],[118.1970477,33.8934071],[118.1960757,33.8934342],[118.1942996,33.8934965],[118.1931342,33.8935374],[118.1924785,33.8935502]]}},{"type":"Feature","id":"way/877484789","properties":{"osm_id":877484789,"name":"南京路","highway":"primary","ref":"S325"},"geometry":{"type":"LineString","coordinates":[[118.1924785,33.8935502],[118.1915851,33.893569]]}},{"type":"Feature","id":"way/877484790","properties":{"osm_id":877484790,"name":"南京路","highway":"primary","ref":"S325"},"geometry":{"type":"LineString","coordinates":[[118.2090964,33.8931568],[118.2083671,33.8931705],[118.2081871,33.8931739],[118.2071942,33.8931926],[118.2039702,33.8932793],[118.203708,33.8932866],[118.2020517,33.893333],[118.2016166,33.893339]]}},{"type":"Feature","id":"way/877484791","properties":{"osm_id":877484791,"name":"南京路","highway":"primary","ref":"S325"},"geometry":{"type":"LineString","coordinates":[[118.2016166,33.893339],[118.201082,33.8933422]]}},{"type":"Feature","id":"way/877497882","properties":{"osm_id":877497882,"name":"耿三路","highway":"unclassified"},"geometry":{"type":"LineString","coordinates":[[118.169175,33.9349939],[118.1688799,33.9348997]]}},{"type":"Feature","id":"way/877497883","properties":{"osm_id":877497883,"name":"耿三路","highway":"unclassified"},"geometry":{"type":"LineString","coordinates":[[118.1688799,33.9348997],[118.1685554,33.9348002]]}},{"type":"Feature","id":"way/877497900","properties":{"osm_id":877497900,"name":"宿城大道","highway":"primary","ref":"S250;S324"},"geometry":{"type":"LineString","coordinates":[[118.1493787,33.9614814],[118.1495947,33.9634358],[118.1496651,33.9646042],[118.1497111,33.9654893],[118.1497141,33.9655476],[118.1496954,33.9663915],[118.1496829,33.966956],[118.1496667,33.9674922],[118.1496641,33.9675285],[118.1496474,33.9677643],[118.1496347,33.9680334],[118.1495973,33.9685707],[118.1495676,33.9688669],[118.1495271,33.9691881],[118.1493505,33.9705327],[118.149223,33.9713206],[118.1491492,33.9717769],[118.1490858,33.9721685],[118.148934,33.9731066],[118.1488438,33.9735304],[118.1487309,33.9740611],[118.1483062,33.9761364],[118.1481834,33.9768174],[118.1481347,33.9770872],[118.1481039,33.9774945],[118.1480851,33.9777442],[118.1480817,33.9780654],[118.1480783,33.9783929],[118.1480827,33.9784659],[118.1481062,33.9788562],[118.1481129,33.9789675]]}},{"type":"Feature","id":"way/877497901","properties":{"osm_id":877497901,"name":"宿城大道","highway":"primary","ref":"S250;S324"},"geometry":{"type":"LineString","coordinates":[[118.1481129,33.9789675],[118.1481437,33.9793044]]}},{"type":"Feature","id":"way/877497910","properties":{"osm_id":877497910,"name":"清轩街","highway":"residential"},"geometry":{"type":"LineString","coordinates":[[118.1581185,33.9747527],[118.1587333,33.9760617],[118.1590885,33.9768435],[118.1592486,33.9771958],[118.1594086,33.9775479]]}},{"type":"Feature","id":"way/877497912","properties":{"osm_id":877497912,"name":"宿城大道","highway":"primary","ref":"S250"},"geometry":{"type":"LineString","coordinates":[[118.151943,33.9334877],[118.1512066,33.9363409],[118.1511929,33.9363911],[118.1511846,33.9364214],[118.1507453,33.9382813],[118.150737,33.9383377]]}},{"type":"Feature","id":"way/877497913","properties":{"osm_id":877497913,"name":"宿城大道","highway":"primary","ref":"S250"},"geometry":{"type":"LineString","coordinates":[[118.150737,33.9383377],[118.1507002,33.9385447]]}},{"type":"Feature","id":"way/877497916","properties":{"osm_id":877497916,"name":"宿城大道","highway":"primary","ref":"S250"},"geometry":{"type":"LineString","coordinates":[[118.1501944,33.9432921],[118.1501926,33.9433305],[118.15015,33.9442141],[118.150145,33.9443165],[118.1499827,33.9476835],[118.1499756,33.9478319],[118.149909,33.949213]]}},{"type":"Feature","id":"way/877497950","properties":{"osm_id":877497950,"name":"八支渠路","highway":"unclassified"},"geometry":{"type":"LineString","coordinates":[[118.1467491,33.9178557],[118.146121,33.9204211],[118.1451765,33.9245982],[118.1449365,33.9256235]]}},{"type":"Feature","id":"way/877497951","properties":{"osm_id":877497951,"name":"八支渠路","highway":"unclassified"},"geometry":{"type":"LineString","coordinates":[[118.1467609,33.9178072],[118.1467491,33.9178557]]}},{"type":"Feature","id":"way/877508238","properties":{"osm_id":877508238,"name":"宿城大道","highway":"primary","ref":"S250"},"geometry":{"type":"LineString","coordinates":[[118.1506647,33.9383289],[118.1506802,33.9382783],[118.1507625,33.9379365],[118.1508415,33.9376083],[118.1509183,33.9372892],[118.1511281,33.9364179],[118.1520191,33.9328481],[118.1523321,33.9315757],[118.1527464,33.9298492],[118.1528151,33.929563],[118.1535586,33.9264641],[118.1539113,33.9249772],[118.1540056,33.9245795],[118.1543055,33.923315],[118.1545359,33.9223641],[118.1547244,33.9215645],[118.1551813,33.9198557],[118.1555331,33.9184207],[118.1555848,33.9182102],[118.1556987,33.9177457],[118.155792,33.9173652],[118.1558345,33.9171918],[118.1562556,33.9154742],[118.1565204,33.9143939],[118.1566162,33.9140035],[118.157053,33.9122216],[118.1579945,33.9083817],[118.1580524,33.9081456],[118.1581204,33.9078683],[118.1581632,33.9076934],[118.158283,33.9072237],[118.1583733,33.9068524],[118.1584731,33.9064417],[118.1587304,33.9054022],[118.1590544,33.9040932],[118.1594187,33.9026215],[118.1599331,33.9005432],[118.1599766,33.9003677],[118.1600925,33.9000132]]}},{"type":"Feature","id":"way/877508243","properties":{"osm_id":877508243,"highway":"motorway_link"},"geometry":{"type":"LineString","coordinates":[[118.1603213,33.8973152],[118.1602364,33.8970947],[118.1599723,33.8966321],[118.1596562,33.8962429]]}},{"type":"Feature","id":"way/877508244","properties":{"osm_id":877508244,"highway":"motorway_link"},"geometry":{"type":"LineString","coordinates":[[118.1605104,33.8978585],[118.1604136,33.897559],[118.1603659,33.8974292],[118.1603213,33.8973152]]}},{"type":"Feature","id":"way/877508245","properties":{"osm_id":877508245,"highway":"motorway_link"},"geometry":{"type":"LineString","coordinates":[[118.1597315,33.8962337],[118.1601036,33.8966587],[118.1603246,33.8970535],[118.1604997,33.8972785]]}},{"type":"Feature","id":"way/877508246","properties":{"osm_id":877508246,"highway":"motorway_link"},"geometry":{"type":"LineString","coordinates":[[118.1604997,33.8972785],[118.1605891,33.8974849],[118.1606749,33.8977023],[118.1607038,33.8978279]]}},{"type":"Feature","id":"way/877508252","properties":{"osm_id":877508252,"name":"西湖西路","highway":"primary"},"geometry":{"type":"LineString","coordinates":[[118.2021318,33.9232887],[118.2014882,33.9227803],[118.200668,33.9221506],[118.199016,33.9208967],[118.1982436,33.9202905],[118.1978986,33.9200486],[118.1977087,33.9199266],[118.197562,33.9198473],[118.1971101,33.9196257],[118.194758,33.9186974],[118.1944305,33.9185682],[118.1943285,33.9185279],[118.1942294,33.918495],[118.1937378,33.9182974],[118.1925852,33.9178341],[118.1911743,33.917267],[118.1911094,33.9172409],[118.1903929,33.9169529],[118.1902154,33.9168815],[118.1900777,33.9168316],[118.1899932,33.9167972],[118.1882266,33.9160777],[118.1877766,33.9159076],[118.1877396,33.9158936],[118.1866264,33.9154728],[118.1857662,33.9151476],[118.1854156,33.9150182],[118.1851244,33.9149187],[118.1836288,33.9144178],[118.182885,33.9140915],[118.1827667,33.9140382],[118.1822995,33.9138228],[118.1815425,33.9134471],[118.1809558,33.9131447],[118.1804906,33.9128728],[118.1804238,33.9128323],[118.1792649,33.9120985],[118.1784895,33.9115433],[118.1770085,33.9104827],[118.1750357,33.9091341],[118.1748013,33.9089737]]}},{"type":"Feature","id":"way/877508253","properties":{"osm_id":877508253,"highway":"primary_link"},"geometry":{"type":"LineString","coordinates":[[118.1605775,33.8991645],[118.1605567,33.8993987],[118.1605164,33.8995583],[118.1604601,33.8997164],[118.1604306,33.8998188],[118.1604413,33.8998923],[118.1604869,33.8999635],[118.160562,33.9000214],[118.1608105,33.900169]]}},{"type":"Feature","id":"way/877508254","properties":{"osm_id":877508254,"highway":"primary_link"},"geometry":{"type":"LineString","coordinates":[[118.1607473,33.9002816],[118.1605889,33.9002462],[118.1604628,33.9002262],[118.1603689,33.9002262],[118.16033,33.9002391],[118.1602885,33.9002529],[118.1601865,33.900313],[118.1601141,33.9003932],[118.1600228,33.9005548]]}},{"type":"Feature","id":"way/877508255","properties":{"osm_id":877508255,"highway":"primary_link"},"geometry":{"type":"LineString","coordinates":[[118.1599331,33.9005432],[118.1599499,33.9003715],[118.1599499,33.9002787],[118.1599458,33.9001455],[118.1599235,33.9000729],[118.1598666,33.8999987],[118.1598198,33.8999531],[118.1596396,33.8998434]]}},{"type":"Feature","id":"way/877508256","properties":{"osm_id":877508256,"highway":"primary_link"},"geometry":{"type":"LineString","coordinates":[[118.1596392,33.8997282],[118.1597812,33.899754],[118.1599031,33.8997743],[118.1599845,33.8997692],[118.1600597,33.8997388],[118.160143,33.8997],[118.1601918,33.8996528],[118.1602467,33.8995684],[118.1604507,33.8991874]]}},{"type":"Feature","id":"way/877508257","properties":{"osm_id":877508257,"highway":"primary_link"},"geometry":{"type":"LineString","coordinates":[[118.0079747,33.905102],[118.0079909,33.9052842],[118.0080194,33.9055306],[118.00806,33.9056689],[118.0081373,33.9057836],[118.0082308,33.9058612],[118.0085539,33.9059782]]}},{"type":"Feature","id":"way/877508258","properties":{"osm_id":877508258,"highway":"primary_link"},"geometry":{"type":"LineString","coordinates":[[118.0088761,33.9061178],[118.0084544,33.9061109],[118.0082308,33.9061412],[118.0080888,33.9061916],[118.0079625,33.9062759],[118.0078444,33.9065635]]}},{"type":"Feature","id":"way/877508259","properties":{"osm_id":877508259,"highway":"primary_link"},"geometry":{"type":"LineString","coordinates":[[118.0068183,33.9057637],[118.0072261,33.9057714],[118.0073985,33.9057621],[118.007499,33.9057161],[118.0076169,33.9056588],[118.0076941,33.9055812],[118.0077711,33.9055068],[118.00784,33.9052677]]}},{"type":"Feature","id":"way/877508260","properties":{"osm_id":877508260,"highway":"primary_link"},"geometry":{"type":"LineString","coordinates":[[118.007724,33.9065885],[118.0076574,33.9063505],[118.0076047,33.9062189],[118.0075559,33.9061447],[118.0074746,33.9060806],[118.0073279,33.9059894],[118.0071656,33.9059422],[118.006886,33.9058701]]}},{"type":"Feature","id":"way/877508261","properties":{"osm_id":877508261,"name":"宿城大道","highway":"primary","ref":"S250;S324"},"geometry":{"type":"LineString","coordinates":[[118.1574769,33.9986705],[118.1574022,33.9985451],[118.157107,33.9980255],[118.1569609,33.9977684],[118.1567266,33.9973559],[118.156581,33.9971059],[118.1559778,33.9960704],[118.155687,33.9955866],[118.154827,33.9941302],[118.1542038,33.9930197],[118.1532434,33.991345],[118.152642,33.9902943],[118.1519643,33.9891213],[118.1515957,33.9884887],[118.1511005,33.9876388],[118.1505851,33.9866589],[118.1503173,33.986122]]}},{"type":"Feature","id":"way/877508262","properties":{"osm_id":877508262,"name":"宿城大道","highway":"primary","ref":"S250;S324"},"geometry":{"type":"LineString","coordinates":[[118.1480422,33.9793235],[118.1480016,33.9789627]]}},{"type":"Feature","id":"way/877508263","properties":{"osm_id":877508263,"name":"宿城大道","highway":"primary","ref":"S250;S324"},"geometry":{"type":"LineString","coordinates":[[118.1481437,33.9793044],[118.1481972,33.9797506],[118.1482696,33.9800889],[118.1483578,33.9804725],[118.1486802,33.9814654],[118.1490062,33.9823542],[118.1490903,33.9825837],[118.1493783,33.9833691],[118.1494708,33.9836212],[118.1495859,33.9839106],[118.1496078,33.9839643],[118.1496386,33.9840399],[118.1498301,33.9845729],[118.1499878,33.9850117],[118.1500681,33.9852352]]}},{"type":"Feature","id":"way/877508264","properties":{"osm_id":877508264,"name":"宿城大道","highway":"primary","ref":"S250;S324"},"geometry":{"type":"LineString","coordinates":[[118.1500681,33.9852352],[118.1504225,33.9860501]]}},{"type":"Feature","id":"way/877508265","properties":{"osm_id":877508265,"name":"宿城大道","highway":"primary","ref":"S250;S324"},"geometry":{"type":"LineString","coordinates":[[118.1480016,33.9789627],[118.1479812,33.9786627],[118.1479661,33.9781277],[118.147965,33.9780896],[118.1479691,33.9776479],[118.1480097,33.9771557],[118.1482381,33.9759035],[118.1483245,33.975481],[118.1485607,33.9743265],[118.1486083,33.9740943],[118.1486171,33.9740511],[118.1487159,33.9735515],[118.1487992,33.9731302],[118.1492857,33.970502],[118.1494335,33.9691877],[118.1494565,33.9688708],[118.1494783,33.9685693],[118.1495173,33.9680324],[118.1495368,33.9677623],[118.1495565,33.9674913],[118.1495622,33.9672228],[118.1495679,33.9669539],[118.1495796,33.9663938],[118.1495876,33.9660073],[118.1495971,33.9658117],[118.1496137,33.9654718],[118.1496154,33.9654375],[118.149563,33.9646913],[118.149545,33.9644669],[118.1494613,33.9634265],[118.14928,33.9614896]]}},{"type":"Feature","id":"way/877508267","properties":{"osm_id":877508267,"name":"宿城大道","highway":"primary","ref":"S250;S324"},"geometry":{"type":"LineString","coordinates":[[118.1499628,33.9853164],[118.1497715,33.9847922],[118.1497491,33.984731],[118.1495019,33.9840889],[118.1494744,33.984008],[118.1493552,33.9836922],[118.1491017,33.983011],[118.1485416,33.9814961],[118.1482445,33.980493],[118.1480967,33.9797863],[118.1480422,33.9793235]]}},{"type":"Feature","id":"way/877508268","properties":{"osm_id":877508268,"name":"宿城大道","highway":"primary","ref":"S250;S324"},"geometry":{"type":"LineString","coordinates":[[118.1503173,33.986122],[118.1499628,33.9853164]]}},{"type":"Feature","id":"way/877508271","properties":{"osm_id":877508271,"name":"宿城大道","highway":"primary","ref":"S250"},"geometry":{"type":"LineString","coordinates":[[118.1498268,33.9492119],[118.1498819,33.9478343],[118.1498933,33.9476855],[118.1499356,33.9466531],[118.1500351,33.9443126],[118.1500395,33.9442102],[118.1500787,33.9432872],[118.1501649,33.9419367],[118.1502293,33.9411935],[118.1503014,33.9407089],[118.1503455,33.9404131],[118.1504007,33.9400422],[118.1504195,33.9399157],[118.1504244,33.9398828],[118.1504663,33.9396016],[118.1505099,33.9393086],[118.1505524,33.9390233],[118.150592,33.9387573],[118.1506241,33.9385416]]}},{"type":"Feature","id":"way/877508272","properties":{"osm_id":877508272,"name":"宿城大道","highway":"primary","ref":"S250"},"geometry":{"type":"LineString","coordinates":[[118.1506241,33.9385416],[118.1506647,33.9383289]]}},{"type":"Feature","id":"way/877508273","properties":{"osm_id":877508273,"name":"西湖西路","highway":"primary"},"geometry":{"type":"LineString","coordinates":[[118.2104432,33.9261456],[118.2096984,33.9259756],[118.2082659,33.9256486],[118.2079574,33.9255786]]}},{"type":"Feature","id":"way/877508274","properties":{"osm_id":877508274,"name":"西湖西路","highway":"primary"},"geometry":{"type":"LineString","coordinates":[[118.2079574,33.9255786],[118.2075004,33.9254788]]}},{"type":"Feature","id":"way/877508275","properties":{"osm_id":877508275,"name":"西湖西路","highway":"primary"},"geometry":{"type":"LineString","coordinates":[[118.2075004,33.9254788],[118.2073778,33.9254487],[118.2073113,33.9254334],[118.2058742,33.9250928],[118.205504,33.9249822],[118.205038,33.92483],[118.2046746,33.9246812],[118.2043118,33.9245332],[118.2037266,33.9242636],[118.2032291,33.9239869],[118.2026565,33.9236538],[118.2025033,33.9235515]]}},{"type":"Feature","id":"way/877508276","properties":{"osm_id":877508276,"name":"西湖西路","highway":"primary"},"geometry":{"type":"LineString","coordinates":[[118.2025033,33.9235515],[118.2021318,33.9232887]]}},{"type":"Feature","id":"way/877508277","properties":{"osm_id":877508277,"name":"泗睢线","highway":"primary","ref":"S325"},"geometry":{"type":"LineString","coordinates":[[118.0228374,33.9063968],[118.0196375,33.9064273],[118.0131129,33.9064894],[118.012086,33.9064736],[118.0114681,33.9064399],[118.0104517,33.9063319],[118.0088761,33.9061178],[118.0079632,33.9059972],[118.007826,33.9059798]]}},{"type":"Feature","id":"way/877508279","properties":{"osm_id":877508279,"name":"泗睢线","highway":"primary","ref":"S325"},"geometry":{"type":"LineString","coordinates":[[118.0442892,33.9060609],[118.0426391,33.9060828]]}},{"type":"Feature","id":"way/877508281","properties":{"osm_id":877508281,"name":"泗睢线","highway":"primary","ref":"S325"},"geometry":{"type":"LineString","coordinates":[[118.0462959,33.906034],[118.0442892,33.9060609]]}},{"type":"Feature","id":"way/877508283","properties":{"osm_id":877508283,"name":"泗睢线","highway":"primary","ref":"S325"},"geometry":{"type":"LineString","coordinates":[[118.1229348,33.8970368],[118.1226439,33.8970893],[118.1220788,33.8971838],[118.1201318,33.8974946],[118.1200262,33.8975114],[118.1170612,33.8979847],[118.1169945,33.8979962],[118.1123643,33.8987485],[118.1123134,33.8987501],[118.1120696,33.8987901],[118.11001,33.8990946],[118.107636,33.8994643],[118.1075329,33.8994766],[118.1048763,33.8998263],[118.1039006,33.8999411],[118.1027704,33.8999546],[118.101589,33.8999628],[118.0993024,33.899898],[118.0967908,33.8998268],[118.0955826,33.8997926],[118.0945961,33.8997957],[118.093533,33.8997807],[118.0929503,33.8997892],[118.0897417,33.8998169],[118.083625,33.8998473],[118.0826366,33.8998984],[118.081708,33.9000069],[118.0772718,33.9008926],[118.0768571,33.9009601],[118.076231,33.9010344],[118.0682335,33.901971],[118.0652705,33.9024043],[118.0640455,33.9027219],[118.0620043,33.9034626],[118.0583656,33.904783],[118.056776,33.9052783]]}},{"type":"Feature","id":"way/877508284","properties":{"osm_id":877508284,"name":"泗睢线","highway":"primary","ref":"S325"},"geometry":{"type":"LineString","coordinates":[[118.1241057,33.8968354],[118.1229348,33.8970368]]}},{"type":"Feature","id":"way/877508285","properties":{"osm_id":877508285,"name":"泗睢线","highway":"primary","ref":"S325"},"geometry":{"type":"LineString","coordinates":[[118.1384665,33.8968772],[118.1361109,33.8970325],[118.1358147,33.8970525],[118.1339745,33.8972146],[118.1326941,33.8973252],[118.1322113,33.8973652],[118.131809,33.8973786],[118.1313208,33.8973519],[118.1312331,33.8973433],[118.1307737,33.8972984],[118.1305108,33.8972584],[118.1301782,33.8971871],[118.1290411,33.8969259],[118.1274638,33.8965637],[118.1269489,33.8965182],[118.1264446,33.8965059],[118.1262997,33.8965148],[118.1241057,33.8968354]]}},{"type":"Feature","id":"way/877508286","properties":{"osm_id":877508286,"name":"泗睢线","highway":"primary","ref":"S325"},"geometry":{"type":"LineString","coordinates":[[118.1461034,33.8977962],[118.1460442,33.897787]]}},{"type":"Feature","id":"way/877508287","properties":{"osm_id":877508287,"name":"泗睢线","highway":"primary","ref":"S325"},"geometry":{"type":"LineString","coordinates":[[118.1600925,33.9000132],[118.1596396,33.8998434],[118.1593714,33.8997429],[118.1588188,33.8995826],[118.158674,33.8995604],[118.1585848,33.8995497],[118.1576354,33.8994355],[118.1565886,33.8993096],[118.1564806,33.8992948],[118.1559834,33.8992267],[118.1548081,33.8990655],[118.154095,33.8989678],[118.1528719,33.898795],[118.1527989,33.8987847],[118.1527249,33.8987742],[118.1517801,33.8986407],[118.1506381,33.8984793],[118.150011,33.8983907],[118.149611,33.8983341],[118.1495426,33.8983245],[118.1489938,33.8982469],[118.1477006,33.8980451],[118.1465615,33.8978674],[118.1464539,33.8978506],[118.1461034,33.8977962]]}},{"type":"Feature","id":"way/877508288","properties":{"osm_id":877508288,"name":"西湖西路","highway":"primary"},"geometry":{"type":"LineString","coordinates":[[118.1748013,33.9089737],[118.1744183,33.9087067]]}},{"type":"Feature","id":"way/877562532","properties":{"osm_id":877562532,"name":"吉林路","highway":"tertiary"},"geometry":{"type":"LineString","coordinates":[[118.24,33.947259],[118.2398388,33.947256],[118.239668,33.9472521],[118.2375068,33.947196],[118.2374628,33.9471949],[118.2372429,33.9471892],[118.2370921,33.9471853],[118.2350261,33.9471317],[118.2348869,33.9471319]]}},{"type":"Feature","id":"way/877562533","properties":{"osm_id":877562533,"name":"东海大道","highway":"tertiary"},"geometry":{"type":"LineString","coordinates":[[118.2393001,33.9663864],[118.2393267,33.9654305],[118.2393279,33.9653894],[118.239332,33.9652412],[118.2393369,33.9650648],[118.2393607,33.9642108],[118.239361,33.9641387],[118.2393639,33.9631624],[118.2393644,33.9629803],[118.2393654,33.9626362]]}},{"type":"Feature","id":"way/877562534","properties":{"osm_id":877562534,"name":"东海大道","highway":"tertiary"},"geometry":{"type":"LineString","coordinates":[[118.2393654,33.9626362],[118.2393734,33.962187]]}},{"type":"Feature","id":"way/877562535","properties":{"osm_id":877562535,"name":"成子湖路","highway":"tertiary"},"geometry":{"type":"LineString","coordinates":[[118.2167369,33.9655214],[118.2167765,33.9655152],[118.2171396,33.9654614],[118.2190418,33.9651795],[118.219968,33.9650432],[118.2200635,33.9650291],[118.2204517,33.9649652],[118.2220238,33.9647062],[118.222834,33.964569],[118.2230181,33.9645422],[118.2240948,33.9643917],[118.2244408,33.9643434],[118.2245652,33.964326],[118.2257042,33.9641668],[118.2259965,33.9641259],[118.226366,33.9640887],[118.226471,33.9640781],[118.2273152,33.963993],[118.2280347,33.9639645],[118.2281612,33.9639595],[118.2303747,33.963901],[118.2313041,33.9639094],[118.2326306,33.9639213],[118.2326847,33.9639218]]}},{"type":"Feature","id":"way/877562536","properties":{"osm_id":877562536,"name":"成子湖路","highway":"tertiary"},"geometry":{"type":"LineString","coordinates":[[118.2332281,33.9639267],[118.23373,33.9639341],[118.2338618,33.9639349],[118.2371512,33.9640673],[118.2373893,33.9640769],[118.2375785,33.9640845],[118.2382835,33.964122],[118.238307,33.9641232],[118.239361,33.9641387],[118.2394797,33.9641387],[118.24,33.9641411]]}},{"type":"Feature","id":"way/877562537","properties":{"osm_id":877562537,"name":"成子湖路","highway":"tertiary"},"geometry":{"type":"LineString","coordinates":[[118.2326847,33.9639218],[118.2331494,33.963926],[118.2332281,33.9639267]]}},{"type":"Feature","id":"way/877562538","properties":{"osm_id":877562538,"name":"红海大道","highway":"secondary"},"geometry":{"type":"LineString","coordinates":[[118.2282967,33.959394],[118.2283016,33.9592792],[118.2283491,33.9584715],[118.2284043,33.9575333],[118.2284412,33.9569066],[118.228443,33.9568764],[118.2285343,33.9553245],[118.2285373,33.9552596],[118.2285796,33.9545416],[118.2286104,33.9540186],[118.2286145,33.9539608],[118.2286387,33.9535486],[118.2287361,33.951886],[118.2287516,33.9516229],[118.228827,33.9503436],[118.2288355,33.9501989],[118.2288416,33.950096],[118.2288534,33.9499667]]}},{"type":"Feature","id":"way/877562539","properties":{"osm_id":877562539,"name":"红海大道","highway":"secondary"},"geometry":{"type":"LineString","coordinates":[[118.228537,33.9672781],[118.2284602,33.9668689]]}},{"type":"Feature","id":"way/877562540","properties":{"osm_id":877562540,"name":"红海大道","highway":"secondary"},"geometry":{"type":"LineString","coordinates":[[118.2285655,33.9674165],[118.228537,33.9672781]]}},{"type":"Feature","id":"way/877562541","properties":{"osm_id":877562541,"name":"红海大道","highway":"secondary"},"geometry":{"type":"LineString","coordinates":[[118.2293542,33.9423991],[118.229453,33.9408904],[118.2295646,33.9391877],[118.2295677,33.939142],[118.229574,33.9390489],[118.2295828,33.9389004],[118.2295891,33.9388013],[118.2295938,33.9387289],[118.2295975,33.9386748],[118.2296431,33.9379971],[118.2296339,33.9376392],[118.2296092,33.9374961],[118.2294214,33.9369094],[118.229403,33.9368609],[118.2291224,33.9361208],[118.2290762,33.9359266],[118.229071,33.9358903],[118.2290656,33.9358518],[118.2290607,33.9358177],[118.2290485,33.9357323],[118.22903,33.9354255],[118.2290308,33.9352516],[118.2290313,33.9351556],[118.2290414,33.9349292]]}},{"type":"Feature","id":"way/877562542","properties":{"osm_id":877562542,"name":"红海大道","highway":"secondary"},"geometry":{"type":"LineString","coordinates":[[118.2293281,33.9428252],[118.2293542,33.9423991]]}},{"type":"Feature","id":"way/877562543","properties":{"osm_id":877562543,"name":"苏宿大道","highway":"primary"},"geometry":{"type":"LineString","coordinates":[[118.2290001,33.9501034],[118.2288416,33.950096],[118.2249329,33.9499127],[118.224859,33.9499094],[118.2228064,33.9498182],[118.2215617,33.949762]]}},{"type":"Feature","id":"way/877562544","properties":{"osm_id":877562544,"name":"苏宿大道","highway":"primary"},"geometry":{"type":"LineString","coordinates":[[118.2215617,33.949762],[118.2210193,33.9497376]]}},{"type":"Feature","id":"way/877562545","properties":{"osm_id":877562545,"name":"通达大道","highway":"tertiary"},"geometry":{"type":"LineString","coordinates":[[118.2199598,33.9651182],[118.219968,33.9650432],[118.2200967,33.9626712],[118.2201034,33.962547],[118.2201228,33.96219],[118.2201683,33.9613502],[118.2201772,33.9611868],[118.2201855,33.9610628],[118.2201909,33.9609547],[118.2201913,33.9609462],[118.2202361,33.9600412],[118.2202703,33.9593514],[118.220271,33.9592829],[118.2202767,33.959229],[118.2202826,33.9591334],[118.2203553,33.9579558],[118.2203698,33.9577201],[118.2203767,33.9576093],[118.220441,33.9565721],[118.2204472,33.9564667],[118.2204864,33.9558313],[118.2204993,33.9556755],[118.2205037,33.9555861],[118.2205303,33.9550972],[118.2205489,33.9547554],[118.2205864,33.954068],[118.220589,33.9540198],[118.2205926,33.9539539],[118.2206359,33.9531586],[118.2206439,33.9530124],[118.2206497,33.9529048],[118.2206508,33.9528838],[118.2206522,33.9528591]]}},{"type":"Feature","id":"way/877562546","properties":{"osm_id":877562546,"name":"通达大道","highway":"tertiary"},"geometry":{"type":"LineString","coordinates":[[118.2206767,33.9524104],[118.220722,33.9515792],[118.2207257,33.9515108],[118.2207285,33.9514601],[118.2207342,33.9513552],[118.2207554,33.9509658],[118.2207712,33.9505593],[118.2208019,33.9497726],[118.2208035,33.9497305]]}},{"type":"Feature","id":"way/877562547","properties":{"osm_id":877562547,"name":"通达大道","highway":"tertiary"},"geometry":{"type":"LineString","coordinates":[[118.2206522,33.9528591],[118.2206767,33.9524104]]}},{"type":"Feature","id":"way/877562548","properties":{"osm_id":877562548,"name":"通达大道","highway":"secondary"},"geometry":{"type":"LineString","coordinates":[[118.2208035,33.9497305],[118.2208131,33.9495574],[118.220816,33.949511],[118.2208563,33.9488599],[118.2208746,33.9485649],[118.2210168,33.946267],[118.2210216,33.946189],[118.221107,33.9448097],[118.2211235,33.9446882],[118.2212195,33.9432712],[118.2212227,33.9432236],[118.2212667,33.9425745],[118.2212686,33.9425436]]}},{"type":"Feature","id":"way/877562549","properties":{"osm_id":877562549,"name":"通达大道","highway":"secondary"},"geometry":{"type":"LineString","coordinates":[[118.2212686,33.9425436],[118.2212922,33.9421648]]}},{"type":"Feature","id":"way/877725681","properties":{"osm_id":877725681,"name":"通湖大道","highway":"secondary"},"geometry":{"type":"LineString","coordinates":[[118.2101056,33.893043],[118.2101031,33.8929501],[118.210092,33.8925394],[118.2100907,33.8924909],[118.2099972,33.8907821],[118.2098909,33.8885469],[118.209858,33.8875356],[118.2098133,33.8861545],[118.2097605,33.8847071],[118.2097105,33.8835062],[118.209692,33.8827214],[118.20965,33.8809348],[118.209615,33.879446],[118.2096174,33.8793272]]}},{"type":"Feature","id":"way/877725682","properties":{"osm_id":877725682,"highway":"secondary_link"},"geometry":{"type":"LineString","coordinates":[[118.2105671,33.8794085],[118.210312,33.8794622],[118.2102185,33.8794926],[118.2101372,33.8795162],[118.2100274,33.8795736],[118.2099623,33.8796276],[118.2099054,33.8797019],[118.2098485,33.8797829],[118.209803,33.8799314]]}},{"type":"Feature","id":"way/877725683","properties":{"osm_id":877725683,"highway":"secondary_link"},"geometry":{"type":"LineString","coordinates":[[118.2098091,33.8788073],[118.2098566,33.8790842],[118.2098851,33.8791483],[118.2099501,33.8792125],[118.2100396,33.8792597],[118.210125,33.8792766],[118.2105712,33.8792954]]}},{"type":"Feature","id":"way/877725684","properties":{"osm_id":877725684,"name":"澳门路","highway":"tertiary"},"geometry":{"type":"LineString","coordinates":[[118.2332442,33.8756058],[118.2331762,33.8756081],[118.2283111,33.8757753],[118.2248745,33.8758933],[118.2203013,33.8760504],[118.2187524,33.8761036],[118.218575,33.8761095],[118.2183622,33.8761166],[118.2112791,33.8763524],[118.2101789,33.8763891],[118.2099981,33.8763951]]}},{"type":"Feature","id":"way/877725685","properties":{"osm_id":877725685,"name":"九龙路","highway":"tertiary"},"geometry":{"type":"LineString","coordinates":[[118.2187386,33.8758775],[118.2187524,33.8761036]]}},{"type":"Feature","id":"way/877725686","properties":{"osm_id":877725686,"name":"通湖大道","highway":"tertiary"},"geometry":{"type":"LineString","coordinates":[[118.2088474,33.8691502],[118.2089674,33.8696324],[118.2090777,33.8700754]]}},{"type":"Feature","id":"way/877725687","properties":{"osm_id":877725687,"name":"通湖大道","highway":"tertiary"},"geometry":{"type":"LineString","coordinates":[[118.2088329,33.869092],[118.2088474,33.8691502]]}},{"type":"Feature","id":"way/877725688","properties":{"osm_id":877725688,"name":"通湖大道","highway":"tertiary"},"geometry":{"type":"LineString","coordinates":[[118.2086433,33.8691796],[118.2085156,33.8687294],[118.2083764,33.8682389],[118.208346,33.8681318],[118.2076816,33.8656159],[118.207619,33.8653114],[118.2077861,33.8652809]]}},{"type":"Feature","id":"way/877725689","properties":{"osm_id":877725689,"name":"通湖大道","highway":"tertiary"},"geometry":{"type":"LineString","coordinates":[[118.2086596,33.8692373],[118.2086433,33.8691796]]}},{"type":"Feature","id":"way/877725691","properties":{"osm_id":877725691,"name":"澳门路","highway":"tertiary"},"geometry":{"type":"LineString","coordinates":[[118.2339108,33.8755876],[118.2332442,33.8756058]]}},{"type":"Feature","id":"way/877725692","properties":{"osm_id":877725692,"name":"通湖大道","highway":"tertiary"},"geometry":{"type":"LineString","coordinates":[[118.2089175,33.8701462],[118.208793,33.8697074],[118.2086596,33.8692373]]}},{"type":"Feature","id":"way/877725693","properties":{"osm_id":877725693,"name":"通湖大道","highway":"tertiary"},"geometry":{"type":"LineString","coordinates":[[118.2090801,33.8707808],[118.2089175,33.8701462]]}},{"type":"Feature","id":"way/878579623","properties":{"osm_id":878579623,"name":"南京路","highway":"primary","ref":"S325"},"geometry":{"type":"LineString","coordinates":[[118.1746542,33.8982589],[118.1744996,33.8983429],[118.1736597,33.8988154],[118.1725975,33.8994618],[118.1704822,33.9008754],[118.1702919,33.9010131],[118.1696754,33.9015012],[118.1695751,33.9015841],[118.1683974,33.9025577],[118.1675882,33.9032665],[118.167172,33.903631]]}},{"type":"Feature","id":"way/878579624","properties":{"osm_id":878579624,"name":"南京路","highway":"primary","ref":"S325"},"geometry":{"type":"LineString","coordinates":[[118.1751536,33.8979956],[118.1746542,33.8982589]]}},{"type":"Feature","id":"way/878579627","properties":{"osm_id":878579627,"name":"红湖路","highway":"unclassified"},"geometry":{"type":"LineString","coordinates":[[118.1675463,33.8894911],[118.1675692,33.8894953],[118.1684917,33.8896644],[118.171222,33.890165],[118.1743564,33.8907396],[118.175092,33.8908744],[118.1754092,33.8909326],[118.1758204,33.891008]]}},{"type":"Feature","id":"way/878579628","properties":{"osm_id":878579628,"name":"红湖路","highway":"unclassified"},"geometry":{"type":"LineString","coordinates":[[118.1758204,33.891008],[118.1763504,33.8911052]]}},{"type":"Feature","id":"way/878579631","properties":{"osm_id":878579631,"name":"丰收路","highway":"unclassified"},"geometry":{"type":"LineString","coordinates":[[118.1856794,33.8970183],[118.1858365,33.8942982]]}},{"type":"Feature","id":"way/878579632","properties":{"osm_id":878579632,"name":"兴民路","highway":"tertiary"},"geometry":{"type":"LineString","coordinates":[[118.1870951,33.8978577],[118.1863914,33.8974786]]}},{"type":"Feature","id":"way/879775861","properties":{"osm_id":879775861,"name":"蔡支线","highway":"tertiary"},"geometry":{"type":"LineString","coordinates":[[118.2009204,33.9736443],[118.2011029,33.974208],[118.201186,33.9744947],[118.2012717,33.9747905],[118.2015181,33.9756404],[118.2015291,33.9756784]]}},{"type":"Feature","id":"way/879775862","properties":{"osm_id":879775862,"name":"蔡支线","highway":"tertiary"},"geometry":{"type":"LineString","coordinates":[[118.2008095,33.9732879],[118.2009204,33.9736443]]}},{"type":"Feature","id":"way/881200075","properties":{"osm_id":881200075,"name":"环湖路","highway":"tertiary"},"geometry":{"type":"LineString","coordinates":[[118.2131903,34.1701642],[118.2130283,34.170295],[118.2122522,34.1706841],[118.211857,34.1709977],[118.2104,34.1723423],[118.2089808,34.1736326],[118.2085946,34.1742362],[118.2075646,34.1765262],[118.2046034,34.1822422],[118.2009127,34.1899813],[118.2003333,34.1913125],[118.199394,34.1935177],[118.198209,34.1962998],[118.1970289,34.1991217],[118.1956019,34.2025652],[118.1948831,34.2045522],[118.1944301,34.2058752],[118.1939912,34.2074792],[118.1934391,34.2115651],[118.1928108,34.2161287]]}},{"type":"Feature","id":"way/881200076","properties":{"osm_id":881200076,"name":"环湖路","highway":"tertiary"},"geometry":{"type":"LineString","coordinates":[[118.2135796,34.1698499],[118.2131903,34.1701642]]}},{"type":"Feature","id":"way/881293356","properties":{"osm_id":881293356,"name":"环湖路","highway":"tertiary"},"geometry":{"type":"LineString","coordinates":[[118.24,34.1465527],[118.23941,34.1471161],[118.2383452,34.1479354],[118.2372618,34.1488166],[118.2364772,34.1496669],[118.235618,34.1506872],[118.2353938,34.1509964],[118.2324424,34.1549692],[118.2303689,34.1575352],[118.2302008,34.1577052],[118.2238122,34.1623269],[118.2146964,34.1687876],[118.2135993,34.169834],[118.2135796,34.1698499]]}},{"type":"Feature","id":"way/884341167","properties":{"osm_id":884341167,"name":"科兴路","highway":"secondary"},"geometry":{"type":"LineString","coordinates":[[118.1879991,33.934557],[118.1879216,33.9316369],[118.1879186,33.9314071],[118.1878897,33.930251],[118.1878867,33.9301626],[118.1878239,33.9277771],[118.1877964,33.9263676],[118.1878014,33.9262236]]}},{"type":"Feature","id":"way/884402419","properties":{"osm_id":884402419,"name":"康堡路","highway":"residential"},"geometry":{"type":"LineString","coordinates":[[118.2337351,33.9798924],[118.2337408,33.9797855],[118.2337488,33.9796367],[118.2337555,33.9795117],[118.2339104,33.9766215]]}},{"type":"Feature","id":"way/884402423","properties":{"osm_id":884402423,"name":"复旦路","highway":"tertiary"},"geometry":{"type":"LineString","coordinates":[[118.2073973,33.9353322],[118.2074576,33.935336],[118.2078649,33.9353574],[118.2131477,33.935529],[118.2132296,33.9355321],[118.2134132,33.9355391],[118.2134473,33.9355404],[118.2135684,33.9355449],[118.2137102,33.9355501]]}},{"type":"Feature","id":"way/886638533","properties":{"osm_id":886638533,"name":"东山大道","highway":"secondary"},"geometry":{"type":"LineString","coordinates":[[118.2038706,33.9587041],[118.2038752,33.958817],[118.2039103,33.9596871],[118.2039698,33.9609054]]}},{"type":"Feature","id":"way/886638534","properties":{"osm_id":886638534,"name":"东山大道","highway":"secondary"},"geometry":{"type":"LineString","coordinates":[[118.2038706,33.9587041],[118.2038682,33.9586454]]}},{"type":"Feature","id":"way/886638535","properties":{"osm_id":886638535,"name":"东山大道","highway":"secondary"},"geometry":{"type":"LineString","coordinates":[[118.203373,33.9493898],[118.2033699,33.9492199],[118.2033681,33.949154],[118.2033359,33.9479854],[118.2033041,33.9468275],[118.2033088,33.9467343],[118.2033173,33.9455675],[118.2033181,33.9454621],[118.2033208,33.9453279],[118.2033391,33.9444044],[118.2033422,33.9443521],[118.2033482,33.9442521],[118.2033998,33.9433878],[118.2034045,33.94331],[118.2034503,33.9427656],[118.2034545,33.9427154],[118.2035024,33.9421465],[118.2035229,33.9419032],[118.2036256,33.9410819],[118.2036292,33.9410499],[118.2036378,33.9409744],[118.2038353,33.9392324]]}},{"type":"Feature","id":"way/886638536","properties":{"osm_id":886638536,"name":"东山大道","highway":"secondary"},"geometry":{"type":"LineString","coordinates":[[118.2037846,33.9586601],[118.2037441,33.9574312],[118.2037062,33.9562838],[118.2037031,33.9561876],[118.2035916,33.9538916],[118.2035828,33.9537107],[118.2035753,33.9535563],[118.2035414,33.9528583],[118.2035381,33.9527905],[118.2034196,33.9503486],[118.2033796,33.949526],[118.203373,33.9493898]]}},{"type":"Feature","id":"way/886638537","properties":{"osm_id":886638537,"name":"东山大道","highway":"secondary"},"geometry":{"type":"LineString","coordinates":[[118.203877,33.9609162],[118.2038189,33.9597015],[118.2037865,33.9587188]]}},{"type":"Feature","id":"way/886638538","properties":{"osm_id":886638538,"name":"东山大道","highway":"secondary"},"geometry":{"type":"LineString","coordinates":[[118.2037865,33.9587188],[118.2037846,33.9586601]]}},{"type":"Feature","id":"way/886638539","properties":{"osm_id":886638539,"name":"苏宿大道","highway":"primary"},"geometry":{"type":"LineString","coordinates":[[118.2210193,33.9497376],[118.2209542,33.9497346],[118.2208035,33.9497305],[118.2205741,33.9497166],[118.2194434,33.9496528],[118.2180636,33.949575],[118.2157926,33.9494469],[118.2157569,33.9494449],[118.2157434,33.9494443],[118.2156017,33.9494378],[118.2154633,33.9494356],[118.2153302,33.9494341],[118.2152543,33.9494333],[118.2122735,33.9494007],[118.2121942,33.9493998],[118.2107589,33.9493841],[118.2094135,33.9493694],[118.2064364,33.9493905]]}},{"type":"Feature","id":"way/886638540","properties":{"osm_id":886638540,"name":"苏宿大道","highway":"primary"},"geometry":{"type":"LineString","coordinates":[[118.2064364,33.9493905],[118.20606,33.9493876]]}},{"type":"Feature","id":"way/887531041","properties":{"osm_id":887531041,"name":"永康路","highway":"unclassified"},"geometry":{"type":"LineString","coordinates":[[118.2286293,33.9111688],[118.2286463,33.9125343]]}},{"type":"Feature","id":"way/887531042","properties":{"osm_id":887531042,"name":"永康路","highway":"unclassified"},"geometry":{"type":"LineString","coordinates":[[118.2286463,33.9125343],[118.2286518,33.9129835]]}},{"type":"Feature","id":"way/888019219","properties":{"osm_id":888019219,"name":"发展大道","highway":"residential"},"geometry":{"type":"LineString","coordinates":[[117.5608835,34.050504],[117.5670081,34.0508403],[117.5671983,34.0508507],[117.5730294,34.0511709],[117.5789959,34.0515632],[117.5872319,34.0521048],[117.587735,34.0521379]]}},{"type":"Feature","id":"way/888019221","properties":{"osm_id":888019221,"name":"航运路","highway":"residential"},"geometry":{"type":"LineString","coordinates":[[117.5604807,34.0550871],[117.5605852,34.0539129],[117.5606458,34.0532202],[117.5606955,34.0526516],[117.5608835,34.050504],[117.5609605,34.0497423],[117.5611052,34.0479659],[117.561099,34.0477715],[117.5610775,34.0476764]]}},{"type":"Feature","id":"way/888019222","properties":{"osm_id":888019222,"name":"圆通大道","highway":"tertiary"},"geometry":{"type":"LineString","coordinates":[[117.5667424,34.0535728],[117.5669012,34.0535081],[117.5684286,34.0535906],[117.5727563,34.0538858],[117.5755351,34.0540473],[117.5787348,34.0542588],[117.5787478,34.0542597],[117.579928,34.0542865],[117.5813256,34.0542882],[117.5826161,34.0542445],[117.5841711,34.0541447],[117.5857247,34.0539949]]}},{"type":"Feature","id":"way/888019224","properties":{"osm_id":888019224,"name":"建业路","highway":"residential"},"geometry":{"type":"LineString","coordinates":[[117.5787213,34.0543982],[117.5787348,34.0542588],[117.5789959,34.0515632],[117.5795585,34.0457536]]}},{"type":"Feature","id":"way/888019225","properties":{"osm_id":888019225,"name":"创业路","highway":"residential"},"geometry":{"type":"LineString","coordinates":[[117.5727487,34.0540147],[117.5727563,34.0538858],[117.5730294,34.0511709],[117.5734938,34.0464747]]}},{"type":"Feature","id":"way/889203179","properties":{"osm_id":889203179,"name":"庄中路","highway":"residential"},"geometry":{"type":"LineString","coordinates":[[118.1822824,33.9003139],[118.1830011,33.900296],[118.1842456,33.9001714],[118.1851823,33.9001402],[118.1858172,33.9000867],[118.1867079,33.8999585],[118.1867451,33.8999531],[118.1867805,33.8999578],[118.187589,33.9000646],[118.1883978,33.9001714],[118.1910409,33.900541],[118.1921302,33.900694],[118.1927577,33.9007821],[118.1927849,33.9007859],[118.1929834,33.9008304],[118.1940669,33.9009729],[118.1944346,33.9011064]]}},{"type":"Feature","id":"way/889874285","properties":{"osm_id":889874285,"highway":"secondary"},"geometry":{"type":"LineString","coordinates":[[117.6828525,33.7491449],[117.680283,33.747438],[117.679854,33.747119],[117.6794485,33.7467468],[117.6792535,33.7465679],[117.677929,33.7453523],[117.6761154,33.7436878],[117.6746167,33.7423087],[117.6736928,33.7414176],[117.6733107,33.741135],[117.6729369,33.7409514],[117.672546,33.7408112],[117.6720558,33.7407325]]}},{"type":"Feature","id":"way/889874286","properties":{"osm_id":889874286,"highway":"secondary"},"geometry":{"type":"LineString","coordinates":[[117.6720558,33.7407325],[117.6706032,33.7405524]]}},{"type":"Feature","id":"way/889874288","properties":{"osm_id":889874288,"name":"徐明高速","highway":"motorway","ref":"S07"},"geometry":{"type":"LineString","coordinates":[[117.6708698,33.7446793],[117.6708117,33.7454118],[117.6707857,33.7460201],[117.6707581,33.7467652],[117.6707409,33.7480375],[117.6707315,33.7496387],[117.6707151,33.750829],[117.6707063,33.7521571],[117.6706746,33.7532703],[117.6706361,33.7541233],[117.6705908,33.7549112],[117.6704985,33.7560401],[117.6704115,33.7569718],[117.6702426,33.7583432],[117.6700979,33.7593642],[117.6698378,33.7608308],[117.6695709,33.7621488],[117.6693312,33.7632017],[117.6691244,33.7640388],[117.6688961,33.7649387]]}},{"type":"Feature","id":"way/889874289","properties":{"osm_id":889874289,"name":"徐明高速","highway":"motorway","ref":"S07"},"geometry":{"type":"LineString","coordinates":[[117.6687761,33.7649496],[117.669014,33.7640614],[117.6691678,33.7634064],[117.669475,33.7620766],[117.6696342,33.7613282],[117.6698103,33.7603642],[117.6699281,33.7596857],[117.6700576,33.758868],[117.6701397,33.7583021],[117.6702244,33.7576453],[117.6703681,33.7562845],[117.6704672,33.7550218],[117.6705248,33.7540672],[117.670579,33.7526934],[117.6705965,33.7519895],[117.6706032,33.7506901],[117.6706283,33.7490101],[117.670635,33.7474496],[117.6706599,33.7462762],[117.6707161,33.7452297],[117.6707545,33.7446937]]}},{"type":"Feature","id":"way/889874290","properties":{"osm_id":889874290,"name":"徐明高速","highway":"motorway","ref":"S07"},"geometry":{"type":"LineString","coordinates":[[117.6707545,33.7446937],[117.670784,33.7443349]]}},{"type":"Feature","id":"way/889874291","properties":{"osm_id":889874291,"name":"徐明高速","highway":"motorway","ref":"S07"},"geometry":{"type":"LineString","coordinates":[[117.6708997,33.7443172],[117.6708698,33.7446793]]}},{"type":"Feature","id":"way/895189115","properties":{"osm_id":895189115,"name":"洪泽湖西路","highway":"primary"},"geometry":{"type":"LineString","coordinates":[[118.2393803,33.9617963],[118.2390412,33.9617889],[118.2388542,33.9617848],[118.234556,33.9616906],[118.2343381,33.9616858],[118.2340095,33.9616786],[118.2338798,33.9616777],[118.2335756,33.9616667],[118.2331651,33.9616518],[118.2288215,33.9614947],[118.2287513,33.9614922],[118.2283172,33.9614765],[118.2281918,33.9614717]]}},{"type":"Feature","id":"way/895189116","properties":{"osm_id":895189116,"name":"红海大道","highway":"secondary"},"geometry":{"type":"LineString","coordinates":[[118.2284602,33.9668689],[118.2284569,33.9668513],[118.2282698,33.9658794],[118.2282514,33.9657836],[118.2282351,33.9656989],[118.2281242,33.9651214],[118.2280749,33.9647406],[118.2280554,33.9643694],[118.2280378,33.9640347],[118.2280347,33.9639645],[118.2281043,33.9628339],[118.2281155,33.9626829],[118.2281664,33.9618752],[118.2281844,33.9615892],[118.2281918,33.9614717]]}},{"type":"Feature","id":"way/895189117","properties":{"osm_id":895189117,"name":"洪泽湖西路","highway":"primary"},"geometry":{"type":"LineString","coordinates":[[118.2283202,33.9613261],[118.2285344,33.9613324],[118.2286497,33.9613358],[118.2288411,33.9613414],[118.2331827,33.9614693],[118.2335908,33.9614813],[118.2338929,33.9614902],[118.2340191,33.9614924],[118.2342914,33.9615018],[118.2346002,33.9615125],[118.2357713,33.9615529],[118.2382634,33.9616222],[118.2388492,33.9616537],[118.2390978,33.961667],[118.2393859,33.9616825],[118.2395183,33.9616882]]}},{"type":"Feature","id":"way/895189118","properties":{"osm_id":895189118,"name":"红海大道","highway":"secondary"},"geometry":{"type":"LineString","coordinates":[[118.2281918,33.9614717],[118.2281979,33.9613219]]}},{"type":"Feature","id":"way/895189119","properties":{"osm_id":895189119,"name":"太湖西路","highway":"tertiary"},"geometry":{"type":"LineString","coordinates":[[118.2340159,33.9594417],[118.2325538,33.9594298],[118.2307973,33.9594155],[118.2305148,33.9594132],[118.2283984,33.9593959],[118.2282967,33.959394]]}},{"type":"Feature","id":"way/895189120","properties":{"osm_id":895189120,"name":"红海大道","highway":"secondary"},"geometry":{"type":"LineString","coordinates":[[118.2281979,33.9613219],[118.2282035,33.9612133],[118.2282102,33.9610817],[118.228247,33.960363],[118.2282521,33.9602641],[118.2282945,33.9594366],[118.2282967,33.959394]]}},{"type":"Feature","id":"way/895189121","properties":{"osm_id":895189121,"name":"太湖西路","highway":"tertiary"},"geometry":{"type":"LineString","coordinates":[[118.2282967,33.959394],[118.2263631,33.9593651],[118.226078,33.9593608],[118.2233124,33.9593195],[118.2231836,33.9593157],[118.2230678,33.9593158],[118.2219079,33.9593171],[118.221833,33.9593171],[118.2213211,33.9592978],[118.2203551,33.9592855],[118.220271,33.9592829],[118.219458,33.9592843],[118.2183595,33.9592861],[118.2162144,33.9592814],[118.2159,33.9592805]]}},{"type":"Feature","id":"way/895189123","properties":{"osm_id":895189123,"name":"太湖西路","highway":"tertiary"},"geometry":{"type":"LineString","coordinates":[[118.2158976,33.9592148],[118.2162242,33.9592156],[118.2163223,33.9592159],[118.2163784,33.959216],[118.217201,33.9592186],[118.2173762,33.9592192],[118.2188326,33.9592239],[118.2194578,33.9592259],[118.2202767,33.959229],[118.2203591,33.9592275],[118.2208797,33.9592273],[118.2214734,33.9592271],[118.2216524,33.959227],[118.221909,33.9592269],[118.2219854,33.9592269],[118.2231889,33.9592265],[118.2233183,33.9592295],[118.2255824,33.9592521],[118.2257181,33.9592534],[118.2258648,33.9592549],[118.2283016,33.9592792],[118.2284061,33.9592806]]}},{"type":"Feature","id":"way/895189124","properties":{"osm_id":895189124,"name":"红海大道","highway":"secondary"},"geometry":{"type":"LineString","coordinates":[[118.2283202,33.9613261],[118.2283172,33.9614765],[118.2283099,33.9615932],[118.2283018,33.9617217],[118.2282337,33.9628064],[118.2282295,33.9628729],[118.2281734,33.963766],[118.2281612,33.9639595],[118.2281581,33.9640314],[118.2281586,33.9643628],[118.2281592,33.964749],[118.2282157,33.9651205],[118.2283052,33.9657096],[118.2284987,33.9665899],[118.2285453,33.9668221]]}},{"type":"Feature","id":"way/895189125","properties":{"osm_id":895189125,"name":"洪泽湖西路","highway":"primary"},"geometry":{"type":"LineString","coordinates":[[118.2283202,33.9613261],[118.2281979,33.9613219]]}},{"type":"Feature","id":"way/895189126","properties":{"osm_id":895189126,"name":"红海大道","highway":"secondary"},"geometry":{"type":"LineString","coordinates":[[118.2284061,33.9592806],[118.2283984,33.9593959],[118.2283966,33.9594402],[118.2283631,33.960266],[118.2283591,33.9603662],[118.2283284,33.9611231],[118.2283246,33.9612173],[118.2283202,33.9613261]]}},{"type":"Feature","id":"way/895516768","properties":{"osm_id":895516768,"name":"南京路","highway":"primary","ref":"S325"},"geometry":{"type":"LineString","coordinates":[[118.2335783,33.892548],[118.2340275,33.8925256],[118.2342354,33.8925233],[118.2368079,33.8924807],[118.2375562,33.8924663],[118.2379772,33.8924582],[118.2397133,33.8924246],[118.24,33.8924187]]}},{"type":"Feature","id":"way/904681939","properties":{"osm_id":904681939,"name":"朝凤路","highway":"primary","ref":"S223"},"geometry":{"type":"LineString","coordinates":[[117.5787842,33.9842881],[117.5790578,33.9832428],[117.579505,33.980465],[117.5796215,33.9798205],[117.5799349,33.9771934]]}},{"type":"Feature","id":"way/904681940","properties":{"osm_id":904681940,"name":"朝凤路","highway":"primary","ref":"S223"},"geometry":{"type":"LineString","coordinates":[[117.586724,33.9459994],[117.5867493,33.9458936],[117.586815,33.945647],[117.586925,33.945197],[117.587035,33.944728],[117.587075,33.944528],[117.587225,33.943858],[117.587466,33.942818],[117.5876506,33.9419047],[117.587696,33.941708],[117.587916,33.9406657],[117.588046,33.940069],[117.588076,33.939859],[117.588116,33.939449],[117.588116,33.939429],[117.588145,33.938906],[117.5881085,33.937689],[117.588077,33.93722],[117.588077,33.93702],[117.5880173,33.9359693]]}},{"type":"Feature","id":"way/904684645","properties":{"osm_id":904684645,"name":"高黄路","highway":"primary","ref":"S302"},"geometry":{"type":"LineString","coordinates":[[117.595068,33.8527907],[117.595088,33.8526999],[117.5951638,33.8523562],[117.5953427,33.8520861],[117.5954663,33.8520199],[117.5957086,33.8518903],[117.5962615,33.8516404],[117.5979202,33.8512015],[117.6007254,33.8504587],[117.6026362,33.8499388],[117.6138061,33.8469735],[117.6148957,33.8466899],[117.6190587,33.8459876],[117.6215793,33.8455824],[117.6223761,33.8455284],[117.6305071,33.8445559],[117.6376948,33.843624],[117.642118,33.8430972],[117.6487041,33.8423679],[117.6490456,33.8423274],[117.6495497,33.8423274],[117.6580872,33.8429082],[117.6591767,33.8428947],[117.659811,33.8427866],[117.663356,33.8414224],[117.6637463,33.8412738],[117.6641529,33.8412063],[117.6685515,33.841004],[117.669438,33.8409632],[117.6700397,33.8408957],[117.6709178,33.8406255],[117.6718447,33.8402473],[117.6728692,33.8396395],[117.678073,33.836033],[117.6780052,33.8349289],[117.6780481,33.8348042],[117.6781232,33.8347061],[117.6782842,33.8346794],[117.684818,33.8349378],[117.6849575,33.8349646]]}},{"type":"Feature","id":"way/904684646","properties":{"osm_id":904684646,"name":"高黄路","highway":"primary","ref":"S302"},"geometry":{"type":"LineString","coordinates":[[117.7422093,33.8476001],[117.7421616,33.8475686],[117.740355,33.846286],[117.7386661,33.8451972],[117.738216,33.844907],[117.735583,33.8437754],[117.731289,33.842022],[117.7293434,33.8412262],[117.7292396,33.8411838],[117.7243696,33.8388811],[117.7227262,33.8380995],[117.722496,33.83799],[117.722266,33.837941],[117.722007,33.837941],[117.7207828,33.8379959],[117.720637,33.8380024],[117.7201099,33.8380331],[117.7177289,33.8381932],[117.717028,33.8382403],[117.716482,33.838277],[117.715124,33.838359],[117.714508,33.8383962],[117.7124528,33.8384812],[117.7116911,33.8385252],[117.7113141,33.8385216],[117.710969,33.8384361],[117.7104693,33.8382445],[117.710241,33.8381373],[117.7099941,33.8379471],[117.7097458,33.837705],[117.7094913,33.8372234],[117.7094424,33.8371309],[117.709072,33.834768],[117.7089789,33.8340635],[117.708883,33.833338],[117.7087218,33.8319896],[117.708613,33.831079],[117.708564,33.830659],[117.7085555,33.830595],[117.7085456,33.8305465],[117.7085335,33.8305263],[117.70852,33.8305036],[117.7084892,33.8304721],[117.7084453,33.8304561],[117.7040877,33.8302859],[117.70306,33.83032],[117.7020429,33.8304145],[117.7011347,33.8305117],[117.6993301,33.8310561],[117.6978652,33.831498],[117.6947388,33.8324412],[117.6929094,33.8329931],[117.6857836,33.8351428],[117.6855798,33.8351517],[117.6853437,33.8351072]]}},{"type":"Feature","id":"way/904684647","properties":{"osm_id":904684647,"name":"徐明高速","highway":"motorway","ref":"S07"},"geometry":{"type":"LineString","coordinates":[[117.6492128,33.8424822],[117.6492239,33.8421278]]}},{"type":"Feature","id":"way/904684648","properties":{"osm_id":904684648,"name":"徐明高速","highway":"motorway","ref":"S07"},"geometry":{"type":"LineString","coordinates":[[117.6493318,33.8421313],[117.6493186,33.8424817]]}},{"type":"Feature","id":"way/904684649","properties":{"osm_id":904684649,"highway":"primary_link"},"geometry":{"type":"LineString","coordinates":[[117.5929105,33.8524778],[117.5939361,33.8523149],[117.594798,33.8521866],[117.5954663,33.8520199]]}},{"type":"Feature","id":"way/904684650","properties":{"osm_id":904684650,"name":"渔沟连接线","highway":"primary","ref":"S302;S409"},"geometry":{"type":"LineString","coordinates":[[117.5813972,33.8529561],[117.5839528,33.8528004],[117.5864791,33.8526429],[117.5899478,33.8524541],[117.5904353,33.8524354],[117.5910923,33.8524354],[117.5918196,33.8524434],[117.5929105,33.8524778],[117.5940715,33.8525785],[117.5949742,33.8526844],[117.595088,33.8526999]]}},{"type":"Feature","id":"way/904684651","properties":{"osm_id":904684651,"name":"渔沟连接线","highway":"primary","ref":"S302;S409"},"geometry":{"type":"LineString","coordinates":[[117.595068,33.8527907],[117.5933419,33.8526189],[117.5925774,33.8525761],[117.5916118,33.8525386],[117.5901529,33.8525431],[117.5839624,33.852907],[117.5813575,33.8530618]]}},{"type":"Feature","id":"way/905524860","properties":{"osm_id":905524860,"name":"山草路","highway":"primary","ref":"S414"},"geometry":{"type":"LineString","coordinates":[[118.0864593,33.665],[118.0864593,33.665],[118.0867341,33.66531],[118.087956,33.6669645],[118.0887419,33.6679833],[118.0888586,33.6682678],[118.0889591,33.6689869],[118.0890784,33.6700383],[118.0891308,33.6702638],[118.0893668,33.6710361],[118.0893936,33.6717103],[118.089391,33.6734366],[118.0894714,33.6761085],[118.0895036,33.6781754],[118.0895423,33.6786475],[118.0896592,33.6800726],[118.0898577,33.6805457],[118.0901366,33.6810502],[118.0905711,33.6817733],[118.0910003,33.6824206],[118.0918371,33.6832375],[118.0921456,33.6835856],[118.0922448,33.6838088],[118.0922395,33.6839963],[118.0921778,33.6845811],[118.0921402,33.6849248],[118.0921805,33.6863375],[118.092155,33.688577]]}},{"type":"Feature","id":"way/905524861","properties":{"osm_id":905524861,"name":"上清大道","highway":"primary","ref":"S414"},"geometry":{"type":"LineString","coordinates":[[118.0924846,33.689454],[118.0926177,33.689808],[118.0930093,33.6912675],[118.0932143,33.6922189],[118.0932882,33.6925619],[118.0935062,33.6934308],[118.0936233,33.6938974],[118.0943025,33.6954797],[118.0949239,33.6968203],[118.095507,33.6980782],[118.0958369,33.698791],[118.0960155,33.6993005],[118.0972691,33.7032969],[118.0981016,33.7059505],[118.0981364,33.7061353],[118.0984589,33.7078503],[118.0988352,33.7089064],[118.0998623,33.7109707],[118.1011701,33.7137302],[118.1021206,33.7153327],[118.1024779,33.7160119],[118.102816,33.7170679],[118.1029627,33.71849],[118.1031849,33.7209925],[118.1031882,33.7210301],[118.1033326,33.7225233],[118.1030078,33.7246394],[118.10308,33.7256599],[118.1033256,33.7298947]]}},{"type":"Feature","id":"way/905656981","properties":{"osm_id":905656981,"name":"深圳路","highway":"tertiary"},"geometry":{"type":"LineString","coordinates":[[118.2350579,33.9258579],[118.235278,33.9258325],[118.2355266,33.9258057],[118.2380164,33.9254929],[118.2384769,33.925437],[118.2392147,33.9253474],[118.24,33.925252]]}},{"type":"Feature","id":"way/907343350","properties":{"osm_id":907343350,"name":"健康路","highway":"residential"},"geometry":{"type":"LineString","coordinates":[[118.0544345,34.1275641],[118.0540487,34.1260602],[118.0534341,34.123972]]}},{"type":"Feature","id":"way/907343351","properties":{"osm_id":907343351,"name":"泰安路","highway":"residential"},"geometry":{"type":"LineString","coordinates":[[118.0574459,34.1253693],[118.0578984,34.1267637],[118.0581488,34.1275356]]}},{"type":"Feature","id":"way/907343355","properties":{"osm_id":907343355,"name":"水乡路","highway":"residential"},"geometry":{"type":"LineString","coordinates":[[118.0599133,34.1248676],[118.0603245,34.1262004],[118.0605781,34.1270224]]}},{"type":"Feature","id":"way/908600367","properties":{"osm_id":908600367,"name":"伊羊线","highway":"unclassified"},"geometry":{"type":"LineString","coordinates":[[117.5608293,34.1493212],[117.5594051,34.148895],[117.559102,34.148784],[117.5588981,34.148673],[117.5587774,34.1485376],[117.557853,34.146601],[117.5573796,34.1456394],[117.5572515,34.1454106],[117.5565649,34.144203],[117.5557924,34.1432085],[117.5552774,34.1428178],[117.5506239,34.1391929],[117.5503804,34.1380273],[117.550168,34.1372657],[117.5499981,34.1365743],[117.5497539,34.13579],[117.5495669,34.1352247],[117.5495279,34.1350392],[117.5495046,34.1348807],[117.5495419,34.1347067],[117.5495139,34.1345483],[117.5494112,34.1341308],[117.5493458,34.1338451],[117.5492697,34.1336678],[117.5492007,34.1336055]]}},{"type":"Feature","id":"way/908600368","properties":{"osm_id":908600368,"name":"小路","highway":"unclassified"},"geometry":{"type":"LineString","coordinates":[[117.5458561,34.1276472],[117.5455846,34.1275367],[117.5453311,34.1274656],[117.5452171,34.1274578],[117.545142,34.12751],[117.5450294,34.1276699],[117.5448979,34.1278564],[117.5448456,34.127963],[117.5448282,34.128094],[117.5448309,34.1281728],[117.5447424,34.1282438],[117.5446311,34.1283659],[117.5445935,34.1284603],[117.5446673,34.1286557],[117.5446807,34.1288133],[117.5447303,34.1290254],[117.5447612,34.1292341],[117.5448054,34.1295172],[117.5448336,34.1296981],[117.5449395,34.1300267],[117.5450133,34.1302798],[117.5450763,34.1304619],[117.5451554,34.1307039],[117.5452748,34.1309159],[117.5453325,34.1310769],[117.545425,34.1312556],[117.5455135,34.13133],[117.5456409,34.1313744],[117.5457683,34.1314299],[117.5459467,34.1315398],[117.5460768,34.1316242],[117.5462927,34.1316808],[117.5466655,34.1317596],[117.5469217,34.131794],[117.5469645,34.1317984]]}},{"type":"Feature","id":"way/908600370","properties":{"osm_id":908600370,"name":"伊羊线","highway":"unclassified"},"geometry":{"type":"LineString","coordinates":[[117.5492007,34.1336055],[117.5491458,34.1335565],[117.5490262,34.1334092],[117.548903,34.1332001],[117.5487644,34.1329476],[117.5486288,34.1327589],[117.5484532,34.13256],[117.5480588,34.1322947],[117.5476398,34.1320907],[117.5472929,34.1319381],[117.5469645,34.1317984],[117.5469072,34.131774],[117.5466523,34.1315777],[117.5464294,34.1313346],[117.5462143,34.1310046],[117.5460403,34.1307879],[117.5459163,34.1305983],[117.5457942,34.130446],[117.5457801,34.1303244],[117.545796,34.1302057],[117.5458226,34.130071],[117.5458155,34.1298791],[117.5458261,34.1297121],[117.5458575,34.1294831],[117.5458468,34.1292545],[117.5458291,34.1288957],[117.5458256,34.1286833],[117.5457849,34.1283141],[117.5457834,34.1281223],[117.5457834,34.1279304],[117.5458046,34.1277546],[117.5458561,34.1276472],[117.5458931,34.12757],[117.5459957,34.1273649],[117.5460526,34.1271865],[117.5461278,34.1270014],[117.5461583,34.126805],[117.5461388,34.1265545],[117.5460686,34.1262257],[117.5460312,34.1260768],[117.5459775,34.1259232],[117.5458993,34.125783],[117.5458192,34.1256871],[117.5457119,34.1255917],[117.545598,34.1255195],[117.545437,34.1254251],[117.5453342,34.1253208],[117.5451106,34.125028],[117.5449236,34.1247874],[117.5447415,34.1245072],[117.544564,34.1242385],[117.5444823,34.1240993],[117.5444659,34.123966],[117.5444893,34.1238036],[117.544536,34.1236799],[117.5445738,34.123555],[117.5445785,34.1234119],[117.5445575,34.123238],[117.5444995,34.1228882],[117.5444216,34.122645],[117.5443614,34.1224633],[117.5443296,34.1223022],[117.5443331,34.1221528],[117.5443084,34.1219975],[117.54428,34.1217074],[117.5442494,34.1214888],[117.544234,34.1213793],[117.5441064,34.1209508],[117.5440201,34.1207187],[117.5438199,34.1204662]]}},{"type":"Feature","id":"way/908600371","properties":{"osm_id":908600371,"highway":"secondary"},"geometry":{"type":"LineString","coordinates":[[117.5456462,34.1024144],[117.5465977,34.1006203],[117.5500739,34.0941702],[117.5504494,34.0936727],[117.5532818,34.0949432],[117.5533403,34.094969],[117.5540239,34.0952703]]}},{"type":"Feature","id":"way/908600372","properties":{"osm_id":908600372,"highway":"secondary"},"geometry":{"type":"LineString","coordinates":[[117.5540239,34.0952703],[117.5541583,34.0953296]]}},{"type":"Feature","id":"way/908939341","properties":{"osm_id":908939341,"highway":"trunk_link"},"geometry":{"type":"LineString","coordinates":[[117.5557475,34.0431966],[117.5554303,34.0433307],[117.5551852,34.0434623],[117.5549353,34.0436751],[117.5547602,34.0439112],[117.5546598,34.0441878],[117.5546248,34.044511],[117.5546061,34.0449308],[117.5545827,34.0452404],[117.554587,34.0454585]]}},{"type":"Feature","id":"way/908939342","properties":{"osm_id":908939342,"name":"和平路","highway":"tertiary"},"geometry":{"type":"LineString","coordinates":[[117.5572718,34.0458171],[117.5570905,34.0454784],[117.5567222,34.0448431],[117.5557475,34.0431966],[117.5557058,34.0431263],[117.5556158,34.0429699]]}},{"type":"Feature","id":"way/908939343","properties":{"osm_id":908939343,"highway":"trunk_link"},"geometry":{"type":"LineString","coordinates":[[117.5545096,34.0454511],[117.5545309,34.045199],[117.5545494,34.044668],[117.5545678,34.0443667],[117.5546017,34.0441702],[117.5546603,34.043994],[117.5547311,34.0438485],[117.554839,34.0436825],[117.5549653,34.0435472],[117.5551224,34.0434298],[117.5553381,34.0433021],[117.5555507,34.0432],[117.5557058,34.0431263]]}},{"type":"Feature","id":"way/908939352","properties":{"osm_id":908939352,"highway":"secondary"},"geometry":{"type":"LineString","coordinates":[[117.478062,34.0828236],[117.4780615,34.0829653],[117.478017,34.0845518],[117.4779364,34.0874256],[117.4779097,34.0886558],[117.4778785,34.0900912],[117.4778448,34.0930674]]}},{"type":"Feature","id":"way/908980525","properties":{"osm_id":908980525,"highway":"trunk","ref":"G235"},"geometry":{"type":"LineString","coordinates":[[118.2303384,33.764688],[118.2303843,33.7648116]]}},{"type":"Feature","id":"way/908984083","properties":{"osm_id":908984083,"name":"育才路","highway":"residential"},"geometry":{"type":"LineString","coordinates":[[118.0570358,34.1277658],[118.0568686,34.1270016],[118.0565114,34.1255593]]}},{"type":"Feature","id":"way/908984095","properties":{"osm_id":908984095,"name":"宿邳线","highway":"tertiary"},"geometry":{"type":"LineString","coordinates":[[118.0643294,34.1239702],[118.0640052,34.1240427],[118.0634078,34.1241569],[118.0632671,34.1241855],[118.0599133,34.1248676],[118.059537,34.1249441],[118.0574459,34.1253693],[118.0565114,34.1255593],[118.0540487,34.1260602],[118.0524702,34.1263812],[118.0512045,34.1266386]]}},{"type":"Feature","id":"way/908984096","properties":{"osm_id":908984096,"name":"黄马线","highway":"tertiary"},"geometry":{"type":"LineString","coordinates":[[118.0516163,34.1282153],[118.0512045,34.1266386]]}},{"type":"Feature","id":"way/908991563","properties":{"osm_id":908991563,"highway":"primary"},"geometry":{"type":"LineString","coordinates":[[118.1265298,33.7580951],[118.1270276,33.759431],[118.1272701,33.7603697],[118.128042,33.7637799]]}},{"type":"Feature","id":"way/908991564","properties":{"osm_id":908991564,"highway":"primary","ref":"X048"},"geometry":{"type":"LineString","coordinates":[[118.1264371,33.7578462],[118.1265298,33.7580951]]}},{"type":"Feature","id":"way/908991565","properties":{"osm_id":908991565,"highway":"primary"},"geometry":{"type":"LineString","coordinates":[[118.1280994,33.7642943],[118.1280164,33.7647027],[118.1277457,33.7662059],[118.1277453,33.7665001],[118.1278175,33.7666003]]}},{"type":"Feature","id":"way/908991566","properties":{"osm_id":908991566,"highway":"primary"},"geometry":{"type":"LineString","coordinates":[[118.128042,33.7637799],[118.1280994,33.7642943]]}},{"type":"Feature","id":"way/911091151","properties":{"osm_id":911091151,"name":"吴淞路","highway":"tertiary"},"geometry":{"type":"LineString","coordinates":[[118.1845316,33.9655911],[118.1847937,33.9665732],[118.1848026,33.9666065],[118.1850339,33.9674732],[118.1851165,33.9677882],[118.1852131,33.9681567],[118.18547,33.9691212]]}},{"type":"Feature","id":"way/911091152","properties":{"osm_id":911091152,"name":"吴淞路","highway":"secondary"},"geometry":{"type":"LineString","coordinates":[[118.1840857,33.9628304],[118.1841267,33.9630431]]}},{"type":"Feature","id":"way/911102500","properties":{"osm_id":911102500,"name":"古城路","highway":"secondary"},"geometry":{"type":"LineString","coordinates":[[118.1751886,33.9398499],[118.1750467,33.9398523],[118.1737506,33.9398746],[118.1721213,33.9399027],[118.1713834,33.9398104],[118.1709485,33.939756],[118.1704785,33.9396871],[118.1702713,33.9396416],[118.170201,33.9396262],[118.1694621,33.9394641],[118.1685256,33.9391686],[118.1684456,33.9391434],[118.1681122,33.9390389]]}},{"type":"Feature","id":"way/911102501","properties":{"osm_id":911102501,"name":"科创路","highway":"tertiary"},"geometry":{"type":"LineString","coordinates":[[118.1751886,33.9398499],[118.1751888,33.9397987],[118.1751528,33.9387826],[118.1751533,33.9381065],[118.1751998,33.9372041],[118.1752111,33.937071],[118.1752368,33.9367695],[118.1752847,33.9364395],[118.1753642,33.9358666],[118.1757119,33.9340806],[118.1758401,33.933437],[118.1761949,33.9316474],[118.1762285,33.9314778],[118.1765935,33.9295531],[118.1766149,33.9294701],[118.1768307,33.9283184],[118.1772922,33.9258545],[118.1773281,33.9256632],[118.1775104,33.9246898],[118.1775505,33.9245349]]}},{"type":"Feature","id":"way/911102502","properties":{"osm_id":911102502,"name":"吴淞路","highway":"secondary"},"geometry":{"type":"LineString","coordinates":[[118.1841267,33.9630431],[118.184232,33.9637136],[118.1842951,33.9641152],[118.1843001,33.9641466],[118.18443,33.9649569],[118.1844348,33.9649869],[118.1845316,33.9655911]]}},{"type":"Feature","id":"way/911102503","properties":{"osm_id":911102503,"name":"270乡道","highway":"tertiary","ref":"Y270"},"geometry":{"type":"LineString","coordinates":[[118.1076613,34.0546185],[118.1078723,34.054161],[118.1082815,34.0532738],[118.1083429,34.0531299],[118.108388,34.053024],[118.1085417,34.0523902],[118.1086551,34.0517025],[118.108834,34.0509374],[118.1095289,34.0483805],[118.1097277,34.0476402],[118.1097436,34.0475893],[118.1099704,34.046865],[118.1100667,34.0466282],[118.1101591,34.0464447],[118.1102865,34.046232],[118.1106728,34.0456559]]}},{"type":"Feature","id":"way/911102505","properties":{"osm_id":911102505,"name":"皂井线","highway":"tertiary"},"geometry":{"type":"LineString","coordinates":[[118.2364575,34.000463],[118.2351304,34.0002275]]}},{"type":"Feature","id":"way/911102507","properties":{"osm_id":911102507,"name":"梁王线","highway":"tertiary"},"geometry":{"type":"LineString","coordinates":[[118.0648974,33.9577828],[118.0625986,33.9581111]]}},{"type":"Feature","id":"way/911126741","properties":{"osm_id":911126741,"name":"宿邳线","highway":"primary"},"geometry":{"type":"LineString","coordinates":[[118.1879601,33.9707769],[118.1880663,33.9706265],[118.1893108,33.9689453],[118.1896274,33.9685177],[118.1898551,33.9682555],[118.1902496,33.9678014],[118.1907136,33.9673009],[118.1912394,33.9667603],[118.191859,33.9661998],[118.192156,33.9659396],[118.1924249,33.9657282],[118.1934093,33.964954],[118.1946136,33.9641665],[118.1949506,33.9639681],[118.1954826,33.9636549],[118.1962846,33.9632411],[118.196547,33.9631158],[118.1972395,33.962785],[118.1977676,33.9625544],[118.1981005,33.9624091],[118.1991733,33.9620153],[118.2001148,33.9617083],[118.201193,33.961428],[118.2016769,33.9613058],[118.2018716,33.9612656],[118.2025479,33.9611344],[118.203877,33.9609162],[118.2039698,33.9609054],[118.2049896,33.9607864],[118.2058815,33.9607116],[118.205892,33.9607113],[118.2068337,33.960685],[118.2080434,33.960685],[118.2099236,33.9607228],[118.2107723,33.9607599]]}},{"type":"Feature","id":"way/911126742","properties":{"osm_id":911126742,"name":"宿邳线","highway":"primary"},"geometry":{"type":"LineString","coordinates":[[118.1876863,33.9711648],[118.1879601,33.9707769]]}},{"type":"Feature","id":"way/911126743","properties":{"osm_id":911126743,"name":"宿邳线","highway":"primary"},"geometry":{"type":"LineString","coordinates":[[118.210782,33.9608894],[118.2084082,33.9608006],[118.2082682,33.9608],[118.2081095,33.9607994],[118.2062874,33.9607919],[118.2059116,33.9608231],[118.2047198,33.9609222],[118.2046492,33.9609301],[118.2036195,33.9610447],[118.2027849,33.961197],[118.2017839,33.9613816],[118.2016992,33.9614025],[118.1996891,33.9619355],[118.1978015,33.9626767],[118.1972644,33.9628876],[118.1965796,33.9632167],[118.1953761,33.9637952],[118.1948926,33.9641095],[118.1937882,33.9648274],[118.1921977,33.9660645],[118.1921145,33.9661266],[118.191721,33.9665133],[118.1907574,33.96746],[118.1907198,33.9674969],[118.189917,33.9685108],[118.1888315,33.9698815],[118.1882218,33.9706923]]}},{"type":"Feature","id":"way/911126744","properties":{"osm_id":911126744,"name":"宿邳线","highway":"primary"},"geometry":{"type":"LineString","coordinates":[[118.1882218,33.9706923],[118.1879349,33.9710737]]}},{"type":"Feature","id":"way/911126760","properties":{"osm_id":911126760,"name":"273乡道","highway":"secondary"},"geometry":{"type":"LineString","coordinates":[[118.24,33.7661122],[118.2354782,33.7663493],[118.234909,33.7663792],[118.2329887,33.7664799],[118.2329237,33.7664833],[118.2322845,33.7665127],[118.2311575,33.7665728],[118.2310803,33.7665728]]}},{"type":"Feature","id":"way/911126763","properties":{"osm_id":911126763,"highway":"secondary"},"geometry":{"type":"LineString","coordinates":[[118.120889,33.8235446],[118.1196609,33.8235224],[118.116072,33.8234574],[118.1130358,33.8236178],[118.1109326,33.8238219],[118.1084438,33.8240635],[118.1062517,33.8241771],[118.1056479,33.8242755],[118.105464,33.824285]]}},{"type":"Feature","id":"way/911126764","properties":{"osm_id":911126764,"name":"中山西路","highway":"secondary"},"geometry":{"type":"LineString","coordinates":[[118.2316113,33.8103709],[118.2314875,33.8103765],[118.2294973,33.8105414],[118.2265683,33.8109247],[118.2264923,33.8109355],[118.2258231,33.8110309],[118.2256886,33.8110495],[118.2242805,33.8112218],[118.2226737,33.8114183],[118.2197668,33.8117739],[118.2197126,33.8117805],[118.2188169,33.8118891],[118.2166739,33.8121491],[118.2149405,33.8123593],[118.2147881,33.8123778],[118.2119503,33.8127324],[118.2110102,33.8128495],[118.2083342,33.813183],[118.2053018,33.8135608],[118.2036266,33.8137676]]}},{"type":"Feature","id":"way/911126765","properties":{"osm_id":911126765,"highway":"secondary"},"geometry":{"type":"LineString","coordinates":[[118.2036266,33.8137676],[118.2035675,33.8137749]]}},{"type":"Feature","id":"way/911126766","properties":{"osm_id":911126766,"name":"中山路","highway":"unclassified"},"geometry":{"type":"LineString","coordinates":[[118.24,33.8098431],[118.2390348,33.8098956],[118.2373603,33.8099875]]}},{"type":"Feature","id":"way/911126767","properties":{"osm_id":911126767,"name":"天一西路","highway":"unclassified"},"geometry":{"type":"LineString","coordinates":[[118.24,33.8213602],[118.2396175,33.8213708],[118.2369736,33.8214438],[118.2368548,33.8214471],[118.2328377,33.821558]]}},{"type":"Feature","id":"way/911126772","properties":{"osm_id":911126772,"name":"通湖大道","highway":"tertiary"},"geometry":{"type":"LineString","coordinates":[[118.2096174,33.8793272],[118.2096195,33.8788468],[118.2096204,33.8787868],[118.2096493,33.8783821],[118.2097591,33.8771941],[118.2097997,33.8762118],[118.2098119,33.8758],[118.2098023,33.8756114],[118.2097365,33.8743216],[118.2097143,33.8738862],[118.2095648,33.8728493],[118.2092929,33.8716433],[118.2090801,33.8707808]]}},{"type":"Feature","id":"way/911126773","properties":{"osm_id":911126773,"name":"通湖大道","highway":"tertiary"},"geometry":{"type":"LineString","coordinates":[[118.2092451,33.8706911],[118.2093106,33.8709469],[118.2094842,33.8716246],[118.2096831,33.872444],[118.2097172,33.8725843],[118.2097565,33.8727741],[118.2097871,33.8730137],[118.2098997,33.8738705],[118.2099921,33.8757871],[118.2100114,33.8762276],[118.2099981,33.8763951],[118.2098443,33.8783323],[118.2098091,33.8788073],[118.2097811,33.8793244]]}},{"type":"Feature","id":"way/911126787","properties":{"osm_id":911126787,"highway":"secondary"},"geometry":{"type":"LineString","coordinates":[[118.2063424,33.6806264],[118.2056952,33.6803021]]}},{"type":"Feature","id":"way/911531135","properties":{"osm_id":911531135,"name":"天柱山路","highway":"tertiary"},"geometry":{"type":"LineString","coordinates":[[118.1685223,33.9391093],[118.1685256,33.9391686],[118.1686747,33.9418429],[118.1687169,33.9425998],[118.1687816,33.9437602],[118.1687871,33.9438589],[118.1689762,33.9472512],[118.1689793,33.9473522],[118.169007,33.9482622],[118.1690495,33.9496574],[118.1690519,33.9497354],[118.1690575,33.9499217],[118.1690603,33.9499972],[118.1691393,33.9521579],[118.169205,33.9539225],[118.1692321,33.9546507],[118.1693207,33.9570326],[118.1693462,33.957719],[118.169369,33.9582891],[118.1694676,33.9604422],[118.1694718,33.960559],[118.1695213,33.9619357],[118.1695696,33.9632786],[118.1697245,33.9680778],[118.1697249,33.9681739],[118.169725,33.9681999],[118.1697174,33.9683052],[118.1696716,33.9684259],[118.1695958,33.9685438],[118.1694973,33.968655],[118.1694022,33.9687621]]}},{"type":"Feature","id":"way/914154112","properties":{"osm_id":914154112,"name":"苏宿大道","highway":"primary"},"geometry":{"type":"LineString","coordinates":[[118.1689593,33.949925],[118.1687093,33.9499298],[118.1679578,33.9499632],[118.1675477,33.9499782],[118.1635384,33.9500818],[118.1633076,33.9500878],[118.160664,33.950156]]}},{"type":"Feature","id":"way/914154113","properties":{"osm_id":914154113,"name":"苏宿大道","highway":"primary"},"geometry":{"type":"LineString","coordinates":[[118.1497629,33.9501273],[118.1498543,33.9501256],[118.1531314,33.9500662],[118.1532491,33.950065],[118.1534533,33.9500628],[118.1585601,33.9500095],[118.1588873,33.9500061],[118.1606599,33.9499875],[118.1626893,33.9499342],[118.1633079,33.949918],[118.1635427,33.9499118],[118.1663209,33.9498389],[118.167519,33.9498074],[118.1679889,33.9497928],[118.1687029,33.9497432],[118.1689594,33.9497362]]}},{"type":"Feature","id":"way/914291888","properties":{"osm_id":914291888,"name":"北海大道","highway":"tertiary"},"geometry":{"type":"LineString","coordinates":[[118.2238513,33.9684383],[118.2237289,33.968095]]}},{"type":"Feature","id":"way/914291889","properties":{"osm_id":914291889,"name":"北海大道","highway":"tertiary"},"geometry":{"type":"LineString","coordinates":[[118.223918,33.9686138],[118.2238779,33.9685082],[118.2238513,33.9684383]]}},{"type":"Feature","id":"way/914291890","properties":{"osm_id":914291890,"name":"北海大道","highway":"tertiary"},"geometry":{"type":"LineString","coordinates":[[118.2240064,33.9683843],[118.2240366,33.9684653],[118.224076,33.968571]]}},{"type":"Feature","id":"way/914291891","properties":{"osm_id":914291891,"name":"北海大道","highway":"tertiary"},"geometry":{"type":"LineString","coordinates":[[118.2238792,33.9680505],[118.2240064,33.9683843]]}},{"type":"Feature","id":"way/914291894","properties":{"osm_id":914291894,"name":"振兴大道","highway":"secondary"},"geometry":{"type":"LineString","coordinates":[[118.2339578,33.9624684],[118.2339119,33.9631702],[118.2338618,33.9639349],[118.2338583,33.9640053],[118.2337757,33.9652377],[118.2337693,33.9653332],[118.2336936,33.9664622],[118.2339829,33.9679512],[118.2341696,33.9688865],[118.2341761,33.9689628]]}},{"type":"Feature","id":"way/914291895","properties":{"osm_id":914291895,"name":"振兴大道","highway":"secondary"},"geometry":{"type":"LineString","coordinates":[[118.2339872,33.9620199],[118.2339578,33.9624684]]}},{"type":"Feature","id":"way/914291896","properties":{"osm_id":914291896,"name":"振兴大道","highway":"secondary"},"geometry":{"type":"LineString","coordinates":[[118.2340349,33.9689831],[118.2340185,33.9689054],[118.2335581,33.9664811],[118.2337252,33.9640031],[118.23373,33.9639341],[118.2338276,33.9624644]]}},{"type":"Feature","id":"way/914291897","properties":{"osm_id":914291897,"name":"振兴大道","highway":"secondary"},"geometry":{"type":"LineString","coordinates":[[118.2338276,33.9624644],[118.2338574,33.9620159]]}},{"type":"Feature","id":"way/914293357","properties":{"osm_id":914293357,"name":"小庙路","highway":"residential"},"geometry":{"type":"LineString","coordinates":[[118.1477842,33.9883464],[118.1480322,33.9886274],[118.1483981,33.989042],[118.148455,33.9891065],[118.1487183,33.9894124],[118.1487507,33.9894468],[118.1489543,33.9896632],[118.1490013,33.9897131],[118.1490382,33.9897523],[118.1491492,33.9898703],[118.1491703,33.9898927],[118.1492881,33.9900179],[118.1495235,33.990268],[118.1496252,33.990376],[118.1496505,33.990401],[118.1498076,33.9905698],[118.1501902,33.9909764],[118.1503894,33.9911618],[118.1506431,33.9914014],[118.150733,33.9914863],[118.1511789,33.9919074],[118.1512641,33.9919877],[118.1514287,33.992143],[118.1515092,33.9921481],[118.1515871,33.9921436],[118.1516542,33.9921257],[118.1524408,33.9917393],[118.1532434,33.991345]]}},{"type":"Feature","id":"way/914293361","properties":{"osm_id":914293361,"name":"牛角淹路","highway":"tertiary"},"geometry":{"type":"LineString","coordinates":[[118.1413132,33.9987972],[118.1415821,33.9991225],[118.1430054,34.0008446],[118.1433157,34.00122],[118.1435434,34.0014956],[118.1437593,34.0017568],[118.1440083,34.0020581],[118.1443037,34.0024155],[118.1446044,34.0027793],[118.1448216,34.0030422],[118.1448649,34.0030945],[118.1452036,34.0035043],[118.1452853,34.0036031],[118.1463464,34.004887]]}},{"type":"Feature","id":"way/914293362","properties":{"osm_id":914293362,"name":"牛角淹路","highway":"tertiary"},"geometry":{"type":"LineString","coordinates":[[118.1462639,34.0049274],[118.1448074,34.0031704],[118.1447842,34.0031425],[118.1429196,34.0008932],[118.1414385,33.9991122],[118.1412256,33.9988496]]}},{"type":"Feature","id":"way/914293363","properties":{"osm_id":914293363,"name":"娜塔栎大道","highway":"unclassified"},"geometry":{"type":"LineString","coordinates":[[118.1463464,34.004887],[118.1464228,34.0049811],[118.1475738,34.0063991],[118.1483307,34.0073315],[118.1491352,34.0083226]]}},{"type":"Feature","id":"way/914293364","properties":{"osm_id":914293364,"name":"枣睢线","highway":"primary","ref":"S251"},"geometry":{"type":"LineString","coordinates":[[117.8580087,34.1642625],[117.8564525,34.1724478],[117.8561071,34.1742647],[117.8549895,34.1800801],[117.8541715,34.1843368],[117.8534606,34.1880355],[117.8524536,34.1935393],[117.8522038,34.1948114],[117.8521812,34.1949266],[117.8498435,34.2068689],[117.8496668,34.2077311],[117.8480999,34.2181769],[117.8480509,34.2185037],[117.8477971,34.22]]}},{"type":"Feature","id":"way/914293365","properties":{"osm_id":914293365,"name":"枣睢线","highway":"primary","ref":"S251"},"geometry":{"type":"LineString","coordinates":[[117.8647405,34.1355064],[117.8646241,34.1357507]]}},{"type":"Feature","id":"way/914293366","properties":{"osm_id":914293366,"name":"枣睢线","highway":"primary","ref":"S251"},"geometry":{"type":"LineString","coordinates":[[117.8477264,34.22],[117.8479814,34.2184961],[117.8480338,34.2181467],[117.8495974,34.2077229],[117.8497699,34.2068706],[117.8521126,34.1949142],[117.8521355,34.1947977],[117.8523844,34.1935303],[117.8525723,34.1925036],[117.8533914,34.1880266],[117.8541029,34.1843245],[117.8549171,34.1800881],[117.8560379,34.1742556],[117.8563823,34.172444],[117.8579312,34.1642974]]}},{"type":"Feature","id":"way/914293367","properties":{"osm_id":914293367,"name":"枣睢线","highway":"primary","ref":"S251"},"geometry":{"type":"LineString","coordinates":[[117.8645623,34.1357223],[117.8646788,34.135478]]}},{"type":"Feature","id":"way/914298565","properties":{"osm_id":914298565,"name":"睢皂线","highway":"secondary"},"geometry":{"type":"LineString","coordinates":[[118.0888172,33.9955938],[118.0877611,33.9937812],[118.0874035,33.9933599],[118.0871712,33.9930862],[118.0867081,33.9925715],[118.0859326,33.9916314],[118.0852648,33.9908794],[118.084862,33.9903867],[118.0846549,33.9901334],[118.0830018,33.9881638],[118.0816665,33.9864684],[118.081444,33.9861858],[118.0809107,33.9856439],[118.0798238,33.9844584],[118.0797444,33.9843646],[118.0797122,33.9843316],[118.0796243,33.9842505]]}},{"type":"Feature","id":"way/914298566","properties":{"osm_id":914298566,"name":"睢皂线","highway":"secondary"},"geometry":{"type":"LineString","coordinates":[[118.0796243,33.9842505],[118.0794105,33.9840377]]}},{"type":"Feature","id":"way/914298567","properties":{"osm_id":914298567,"name":"耿龙路","highway":"tertiary","ref":"Y165"},"geometry":{"type":"LineString","coordinates":[[118.203929,33.8564724],[118.2035936,33.8564526],[118.2017643,33.8563559],[118.1981602,33.856191],[118.1962662,33.8559415],[118.1953437,33.85582],[118.1950155,33.8557767],[118.1923651,33.8554276],[118.1915982,33.8553301],[118.190171,33.8551486],[118.1901233,33.8551425],[118.1882181,33.8549218],[118.1876984,33.8548308],[118.1850358,33.8541261],[118.1848879,33.854087],[118.1843609,33.8539475],[118.183272,33.8536594],[118.1830683,33.8536055],[118.1829004,33.853561],[118.1813227,33.8531435],[118.180727,33.8529858]]}},{"type":"Feature","id":"way/914298570","properties":{"osm_id":914298570,"highway":"trunk","ref":"G235"},"geometry":{"type":"LineString","coordinates":[[118.2117752,33.7211491],[118.2120054,33.7217364],[118.2121354,33.7220378],[118.2125981,33.7231107],[118.2133627,33.7248837],[118.213993,33.7263452],[118.2144955,33.7275105],[118.2148898,33.7284246],[118.215562,33.7300656],[118.2162239,33.7316816],[118.2166135,33.7326327],[118.2167305,33.7328993],[118.217245,33.7340713],[118.2176222,33.7349511],[118.2190291,33.738233],[118.2196914,33.7397779],[118.2197211,33.7398471]]}},{"type":"Feature","id":"way/914298571","properties":{"osm_id":914298571,"highway":"trunk","ref":"G235"},"geometry":{"type":"LineString","coordinates":[[118.2197211,33.7398471],[118.2198269,33.7400805]]}},{"type":"Feature","id":"way/914298582","properties":{"osm_id":914298582,"highway":"secondary"},"geometry":{"type":"LineString","coordinates":[[117.6524233,33.8671006],[117.6533878,33.8670184],[117.6549869,33.8668837],[117.6558036,33.8668388],[117.6576766,33.8667166],[117.6614302,33.866577],[117.6650856,33.8664333],[117.6696807,33.8662433]]}},{"type":"Feature","id":"way/914298583","properties":{"osm_id":914298583,"highway":"secondary"},"geometry":{"type":"LineString","coordinates":[[117.6696807,33.8662433],[117.6702228,33.8662208]]}},{"type":"Feature","id":"way/914298585","properties":{"osm_id":914298585,"name":"高黄路","highway":"primary","ref":"S302"},"geometry":{"type":"LineString","coordinates":[[117.6849575,33.8349646],[117.6853437,33.8351072]]}},{"type":"Feature","id":"way/914298586","properties":{"osm_id":914298586,"highway":"secondary"},"geometry":{"type":"LineString","coordinates":[[117.6043368,33.7935608],[117.604993,33.793843],[117.605043,33.793863],[117.605203,33.793913],[117.606253,33.794213],[117.607153,33.794432],[117.607643,33.794572],[117.607792,33.794612],[117.608332,33.794792],[117.608552,33.794881],[117.609122,33.795111],[117.610231,33.79561],[117.610561,33.79576],[117.610811,33.79588],[117.611051,33.79596],[117.61173,33.796249],[117.61228,33.796489],[117.61256,33.796599],[117.6129,33.796759],[117.613389,33.796988],[117.613569,33.797078],[117.613729,33.797168],[117.613839,33.797248],[117.613999,33.797368],[117.614199,33.797537],[117.614688,33.797967],[117.615957,33.798996],[117.616517,33.799465],[117.616756,33.799625],[117.616996,33.799795],[117.617226,33.799935],[117.617346,33.799995],[117.617506,33.800054],[117.617716,33.800124],[117.618015,33.800194],[117.618175,33.800234],[117.618465,33.800274],[117.618855,33.800303],[117.619084,33.800313],[117.619204,33.800313],[117.619464,33.800303],[117.620603,33.800222],[117.621022,33.800281],[117.621802,33.80052],[117.62337,33.800949],[117.625008,33.801417],[117.63094,33.803059],[117.6321007,33.8034469],[117.6378816,33.8053319],[117.639487,33.805837],[117.640426,33.806045],[117.640755,33.806105],[117.641074,33.806134],[117.6477882,33.8065711],[117.6503854,33.8067402],[117.6514983,33.8068127],[117.651565,33.806817],[117.6526571,33.806887],[117.655198,33.80705],[117.655767,33.807109],[117.656096,33.8071808]]}},{"type":"Feature","id":"way/914298587","properties":{"osm_id":914298587,"highway":"secondary"},"geometry":{"type":"LineString","coordinates":[[117.6979529,33.8260688],[117.6982386,33.8263747]]}},{"type":"Feature","id":"way/914298588","properties":{"osm_id":914298588,"highway":"secondary"},"geometry":{"type":"LineString","coordinates":[[117.6981505,33.8258971],[117.6978309,33.8258097],[117.6977033,33.82578]]}},{"type":"Feature","id":"way/914298589","properties":{"osm_id":914298589,"highway":"secondary"},"geometry":{"type":"LineString","coordinates":[[117.6986657,33.826038],[117.6981505,33.8258971]]}},{"type":"Feature","id":"way/914298590","properties":{"osm_id":914298590,"highway":"primary","ref":"S347"},"geometry":{"type":"LineString","coordinates":[[117.8092555,33.7805451],[117.8096968,33.7809426],[117.8102505,33.7813551],[117.810765,33.7816619],[117.8111881,33.7818665],[117.8118361,33.7821868],[117.8141259,33.7831902],[117.8191154,33.7854384],[117.8258567,33.7884646],[117.8261938,33.7886622],[117.827688,33.7895861],[117.8312069,33.7917917],[117.8324615,33.7924613],[117.8330127,33.7926841],[117.8349697,33.7933848],[117.8367359,33.7939626],[117.8446494,33.7964938],[117.8514214,33.7986524],[117.8579733,33.8007409]]}},{"type":"Feature","id":"way/914298591","properties":{"osm_id":914298591,"highway":"primary","ref":"S347"},"geometry":{"type":"LineString","coordinates":[[117.808782,33.7800314],[117.8092555,33.7805451]]}},{"type":"Feature","id":"way/914298593","properties":{"osm_id":914298593,"name":"京岚线","highway":"trunk","ref":"G104"},"geometry":{"type":"LineString","coordinates":[[117.8698401,33.7733046],[117.8694553,33.7725525]]}},{"type":"Feature","id":"way/914298596","properties":{"osm_id":914298596,"highway":"secondary"},"geometry":{"type":"LineString","coordinates":[[118.005563,33.7937696],[118.0061125,33.7871903],[118.0067468,33.7802459],[118.0067681,33.7795268],[118.0065751,33.7790436],[118.0065668,33.7777875],[118.0065644,33.7774108],[118.0066985,33.7760861],[118.0069936,33.7748773],[118.0070913,33.7744779],[118.0075956,33.7724176],[118.0094174,33.7608129],[118.0095049,33.7596963],[118.009715,33.7574932],[118.0102497,33.7551517]]}},{"type":"Feature","id":"way/914298597","properties":{"osm_id":914298597,"highway":"secondary"},"geometry":{"type":"LineString","coordinates":[[118.0112518,33.7345658],[118.0111755,33.7341211]]}},{"type":"Feature","id":"way/914298598","properties":{"osm_id":914298598,"name":"上清大道","highway":"primary","ref":"S414"},"geometry":{"type":"LineString","coordinates":[[118.092155,33.688577],[118.0923235,33.6890252]]}},{"type":"Feature","id":"way/914298599","properties":{"osm_id":914298599,"name":"上清大道","highway":"primary","ref":"S414"},"geometry":{"type":"LineString","coordinates":[[118.0923235,33.6890252],[118.0924846,33.689454]]}},{"type":"Feature","id":"way/914298606","properties":{"osm_id":914298606,"name":"京岚线","highway":"trunk","ref":"G104"},"geometry":{"type":"LineString","coordinates":[[117.8790317,33.7869373],[117.8786435,33.7859477],[117.8781085,33.7847206],[117.8777583,33.7841538],[117.8773216,33.7834591],[117.8766314,33.7825514],[117.8759925,33.7818172],[117.8748698,33.7806794],[117.8737055,33.7794616],[117.8729992,33.7785724],[117.8724554,33.7779454],[117.871588,33.7766313],[117.8710381,33.7756431],[117.8701258,33.7738501],[117.8698401,33.7733046]]}},{"type":"Feature","id":"way/914298607","properties":{"osm_id":914298607,"name":"京岚线","highway":"trunk","ref":"G104"},"geometry":{"type":"LineString","coordinates":[[117.8862815,33.8096369],[117.886252,33.809069]]}},{"type":"Feature","id":"way/914298608","properties":{"osm_id":914298608,"name":"八李线","highway":"primary","ref":"S271"},"geometry":{"type":"LineString","coordinates":[[117.7784711,33.7620132],[117.7790235,33.765155],[117.7797826,33.7699663],[117.7801089,33.7714254],[117.7803603,33.7719516],[117.7806024,33.7721923],[117.7806172,33.7723221],[117.7812247,33.7776324],[117.7812274,33.7776631],[117.7813172,33.7784494]]}},{"type":"Feature","id":"way/914298609","properties":{"osm_id":914298609,"name":"八李线","highway":"primary","ref":"S271"},"geometry":{"type":"LineString","coordinates":[[117.782624,33.8103687],[117.7826211,33.8106314]]}},{"type":"Feature","id":"way/914298610","properties":{"osm_id":914298610,"name":"八李线","highway":"primary","ref":"S271"},"geometry":{"type":"LineString","coordinates":[[117.7827724,33.7951124],[117.7827901,33.7954976],[117.7825957,33.8079695],[117.782624,33.8103687]]}},{"type":"Feature","id":"way/914298611","properties":{"osm_id":914298611,"name":"八李线","highway":"primary","ref":"S271"},"geometry":{"type":"LineString","coordinates":[[117.7827165,33.7947664],[117.7827724,33.7951124]]}},{"type":"Feature","id":"way/914363263","properties":{"osm_id":914363263,"name":"创业南路","highway":"unclassified"},"geometry":{"type":"LineString","coordinates":[[118.1854045,33.9051344],[118.1856511,33.904373],[118.1856707,33.9043125],[118.1857538,33.9040559],[118.1859562,33.9034309]]}},{"type":"Feature","id":"way/914363264","properties":{"osm_id":914363264,"name":"福瑞路","highway":"unclassified"},"geometry":{"type":"LineString","coordinates":[[118.1918709,33.907417],[118.1905037,33.9071125],[118.1890113,33.90678],[118.1888818,33.906751],[118.1870695,33.9063452]]}},{"type":"Feature","id":"way/914363267","properties":{"osm_id":914363267,"name":"恒兴路","highway":"unclassified"},"geometry":{"type":"LineString","coordinates":[[118.1888002,33.9074367],[118.1902957,33.9077705],[118.191608,33.9080633]]}},{"type":"Feature","id":"way/914363269","properties":{"osm_id":914363269,"name":"长兴路","highway":"unclassified"},"geometry":{"type":"LineString","coordinates":[[118.1896685,33.9046828],[118.1910753,33.9049973],[118.1924483,33.9053042]]}},{"type":"Feature","id":"way/914363271","properties":{"osm_id":914363271,"name":"聚源路","highway":"unclassified"},"geometry":{"type":"LineString","coordinates":[[118.1894854,33.9052763],[118.1908801,33.9055948],[118.1922582,33.9059095]]}},{"type":"Feature","id":"way/918154059","properties":{"osm_id":918154059,"name":"宿迁大道","highway":"primary","ref":"S324"},"geometry":{"type":"LineString","coordinates":[[118.1726288,33.9974253],[118.1734803,33.9970143],[118.1756859,33.9958924],[118.177763,33.9948488],[118.1790602,33.9942058],[118.1795282,33.9939816],[118.1800195,33.9937358],[118.1806394,33.9934739],[118.1813457,33.9931856],[118.1821427,33.9928804],[118.182847,33.9926362],[118.1839098,33.9923026],[118.1846628,33.9921012],[118.1848345,33.9920553],[118.1848526,33.9920505],[118.1865474,33.9915954],[118.1866652,33.9915637],[118.1879322,33.9912226],[118.1879825,33.9912093],[118.1898546,33.9907175],[118.1906984,33.9904959],[118.1916835,33.9902371],[118.1924749,33.9900292],[118.1925897,33.9900004],[118.1929601,33.9899075]]}},{"type":"Feature","id":"way/921433596","properties":{"osm_id":921433596,"name":"京杭西路","highway":"secondary"},"geometry":{"type":"LineString","coordinates":[[118.1195613,34.0340478],[118.1195821,34.0340545],[118.1197294,34.034102],[118.1206634,34.0340788],[118.1211631,34.0340451],[118.1232974,34.0339016],[118.1238147,34.0338802],[118.1240645,34.0338677],[118.1241787,34.0338493],[118.1242925,34.0338245],[118.1247543,34.0336763]]}},{"type":"Feature","id":"way/922633071","properties":{"osm_id":922633071,"name":"古黄河风景南道","highway":"unclassified"},"geometry":{"type":"LineString","coordinates":[[118.1709694,33.9945756],[118.1712845,33.9967399],[118.1714245,33.9977772],[118.1713925,33.9979284],[118.1714086,33.9981091],[118.1714561,33.9983316],[118.1714998,33.998482],[118.1715579,33.9986806],[118.1715955,33.9991157],[118.1714207,34.0015501],[118.1713319,34.0041003],[118.1713414,34.0044315],[118.1713616,34.0051406]]}},{"type":"Feature","id":"way/922633094","properties":{"osm_id":922633094,"name":"五组路","highway":"residential"},"geometry":{"type":"LineString","coordinates":[[118.1654223,33.9380907],[118.1654307,33.9380363],[118.1656105,33.9376506],[118.1657318,33.9373903],[118.1659084,33.9370116],[118.1660426,33.9367236],[118.166531,33.9356759],[118.1667194,33.9353267],[118.1672093,33.9343478]]}},{"type":"Feature","id":"way/922633118","properties":{"osm_id":922633118,"name":"古黄河风景南道","highway":"unclassified"},"geometry":{"type":"LineString","coordinates":[[118.1601691,34.0175403],[118.1624637,34.0164557],[118.1628466,34.0162719],[118.1629748,34.0162046],[118.1647016,34.0153551],[118.1664423,34.0144663]]}},{"type":"Feature","id":"way/922633121","properties":{"osm_id":922633121,"name":"便民路","highway":"residential"},"geometry":{"type":"LineString","coordinates":[[118.1483479,33.9977995],[118.1490019,33.9985753],[118.1492942,33.998922],[118.1497115,33.9994169],[118.1499407,33.9996888],[118.1508822,34.0008704],[118.1519217,34.0021808],[118.1520135,34.0022966],[118.1544909,34.0052604]]}},{"type":"Feature","id":"way/922633132","properties":{"osm_id":922633132,"name":"古黄河风景北道","highway":"unclassified"},"geometry":{"type":"LineString","coordinates":[[118.1757076,33.9873305],[118.1757948,33.9872923],[118.177331,33.986922],[118.1779697,33.986768],[118.1803549,33.9861652],[118.1826248,33.9855781],[118.1846838,33.9850456],[118.1854459,33.9848484],[118.1877748,33.9842713],[118.1899568,33.9837307],[118.1921058,33.9831982],[118.1925213,33.9830952],[118.1966924,33.982041],[118.2010957,33.9809282],[118.2057213,33.9796429],[118.2058191,33.9796157],[118.2094788,33.9785988],[118.2105145,33.9782027],[118.2114638,33.9775473],[118.2120133,33.9771679],[118.2145106,33.9755731],[118.2149647,33.9752831]]}},{"type":"Feature","id":"way/923781446","properties":{"osm_id":923781446,"name":"胡园路","highway":"tertiary"},"geometry":{"type":"LineString","coordinates":[[118.156232,33.9769692],[118.1562859,33.9771012],[118.1564994,33.9776247],[118.1566259,33.9779348],[118.1568811,33.9785602],[118.1570396,33.9789598],[118.1572498,33.9794899]]}},{"type":"Feature","id":"way/923781447","properties":{"osm_id":923781447,"name":"胡园路","highway":"tertiary"},"geometry":{"type":"LineString","coordinates":[[118.1573417,33.9797067],[118.1574384,33.979932]]}},{"type":"Feature","id":"way/926104686","properties":{"osm_id":926104686,"name":"宿黄线","highway":"secondary"},"geometry":{"type":"LineString","coordinates":[[118.21243,33.9593016],[118.212842,33.9592958],[118.2128983,33.959295],[118.2131756,33.9592911],[118.2136009,33.9592851],[118.2136946,33.9592838],[118.2137699,33.9592827],[118.2140348,33.959279],[118.2141882,33.9592768],[118.2143373,33.9592747],[118.2146351,33.9592705],[118.2150885,33.9592663],[118.2153435,33.959264],[118.2154317,33.9592632],[118.2154842,33.9592627]]}},{"type":"Feature","id":"way/926104687","properties":{"osm_id":926104687,"name":"宿黄线","highway":"secondary"},"geometry":{"type":"LineString","coordinates":[[118.2106091,33.9593272],[118.2114127,33.9593159],[118.2118738,33.9593094]]}},{"type":"Feature","id":"way/926104688","properties":{"osm_id":926104688,"name":"紫金山路","highway":"tertiary"},"geometry":{"type":"LineString","coordinates":[[118.2107723,33.9607599],[118.210683,33.9600188],[118.2106091,33.9593272]]}},{"type":"Feature","id":"way/926104689","properties":{"osm_id":926104689,"name":"宿邳线","highway":"primary"},"geometry":{"type":"LineString","coordinates":[[118.2107723,33.9607599],[118.2141347,33.9608763],[118.2155027,33.9609095],[118.2155686,33.9609111],[118.215684,33.9609139],[118.2158805,33.9609215]]}},{"type":"Feature","id":"way/926104690","properties":{"osm_id":926104690,"name":"紫金山路","highway":"tertiary"},"geometry":{"type":"LineString","coordinates":[[118.210782,33.9608894],[118.2107723,33.9607599]]}},{"type":"Feature","id":"way/926104707","properties":{"osm_id":926104707,"name":"宿邳线","highway":"primary"},"geometry":{"type":"LineString","coordinates":[[118.2158886,33.9610527],[118.2156907,33.9610438],[118.2155828,33.9610404],[118.2155083,33.9610381],[118.2139427,33.9609888],[118.210782,33.9608894]]}},{"type":"Feature","id":"way/926104708","properties":{"osm_id":926104708,"name":"宿黄线","highway":"secondary"},"geometry":{"type":"LineString","coordinates":[[118.2118738,33.9593094],[118.2123382,33.9593029],[118.21243,33.9593016]]}},{"type":"Feature","id":"way/930289606","properties":{"osm_id":930289606,"name":"苏宿大道","highway":"primary"},"geometry":{"type":"LineString","coordinates":[[118.233353,33.9503275],[118.2308294,33.9501815],[118.2290001,33.9501034]]}},{"type":"Feature","id":"way/930289607","properties":{"osm_id":930289607,"name":"红海大道","highway":"secondary"},"geometry":{"type":"LineString","coordinates":[[118.2294757,33.9428262],[118.2294514,33.943298],[118.2294359,33.9435991],[118.2293355,33.944995],[118.2293258,33.9450885],[118.229226,33.9465248],[118.2291514,33.9477173],[118.2291458,33.9478073],[118.2291172,33.9482647],[118.229014,33.9499156],[118.2290102,33.949977],[118.2290001,33.9501034]]}},{"type":"Feature","id":"way/930289622","properties":{"osm_id":930289622,"name":"苏宿大道","highway":"primary"},"geometry":{"type":"LineString","coordinates":[[118.2288534,33.9499667],[118.2290102,33.949977],[118.2303107,33.9500405],[118.2306864,33.9500588],[118.2317999,33.9500994],[118.2318959,33.9501029],[118.2320892,33.9501099],[118.2333773,33.9501758]]}},{"type":"Feature","id":"way/930289623","properties":{"osm_id":930289623,"name":"红海大道","highway":"secondary"},"geometry":{"type":"LineString","coordinates":[[118.2288534,33.9499667],[118.2288574,33.9499078],[118.2289391,33.9486909],[118.2289667,33.9482801],[118.2290846,33.946519],[118.2291748,33.945083],[118.2291838,33.9449894],[118.2292821,33.9435929],[118.2293001,33.9432925],[118.2293281,33.9428252]]}},{"type":"Feature","id":"way/930322063","properties":{"osm_id":930322063,"highway":"primary"},"geometry":{"type":"LineString","coordinates":[[118.0997944,33.7890291],[118.1005203,33.7890516],[118.1029383,33.7889999],[118.1055243,33.7887808],[118.1097181,33.7884256],[118.1190026,33.7876722],[118.1239378,33.7872977],[118.1240966,33.7872879]]}},{"type":"Feature","id":"way/930322065","properties":{"osm_id":930322065,"highway":"primary"},"geometry":{"type":"LineString","coordinates":[[118.0987208,33.7889823],[118.0989209,33.7890083],[118.0997944,33.7890291]]}},{"type":"Feature","id":"way/930322066","properties":{"osm_id":930322066,"highway":"secondary"},"geometry":{"type":"LineString","coordinates":[[118.0156723,33.800594],[118.0157268,33.79989],[118.0158688,33.7980562]]}},{"type":"Feature","id":"way/930322067","properties":{"osm_id":930322067,"highway":"secondary"},"geometry":{"type":"LineString","coordinates":[[118.0156604,33.8013038],[118.0156723,33.800594]]}},{"type":"Feature","id":"way/930322068","properties":{"osm_id":930322068,"highway":"secondary"},"geometry":{"type":"LineString","coordinates":[[118.0042511,33.7936152],[118.0041952,33.7949436],[118.0041536,33.7959331],[118.0040811,33.7976567],[118.004055,33.7982964]]}},{"type":"Feature","id":"way/930322069","properties":{"osm_id":930322069,"highway":"secondary"},"geometry":{"type":"LineString","coordinates":[[118.003978,33.8005533],[118.0039588,33.8011266]]}},{"type":"Feature","id":"way/930322080","properties":{"osm_id":930322080,"name":"下怀路","highway":"primary","ref":"S224"},"geometry":{"type":"LineString","coordinates":[[117.4635958,33.7168563],[117.4629267,33.7184867],[117.456596,33.733912],[117.4571085,33.7388612],[117.4573202,33.7437404],[117.4557888,33.7495088],[117.454952,33.7528496],[117.4546541,33.7553677],[117.4558961,33.761765],[117.4562119,33.7635544],[117.4565156,33.7652758],[117.4565396,33.7654117],[117.4569423,33.7676935],[117.457125,33.7684316],[117.4575472,33.7707638],[117.4577657,33.7719711],[117.4577923,33.7720448],[117.4580474,33.7727509]]}},{"type":"Feature","id":"way/930322081","properties":{"osm_id":930322081,"name":"下怀路","highway":"primary","ref":"S224"},"geometry":{"type":"LineString","coordinates":[[117.4580474,33.7727509],[117.4585536,33.7741519]]}},{"type":"Feature","id":"way/930649297","properties":{"osm_id":930649297,"name":"古黄河风景南道","highway":"unclassified"},"geometry":{"type":"LineString","coordinates":[[118.2007932,33.9799747],[118.2095107,33.9777288],[118.2099174,33.9775857],[118.2128617,33.9755561],[118.2138611,33.9748672],[118.2141199,33.9746628],[118.2144403,33.9742642],[118.2145493,33.9740006],[118.2145882,33.9739064],[118.2147854,33.973559],[118.214901,33.9733715],[118.2151305,33.973099],[118.2157097,33.9727107],[118.2161534,33.9725062],[118.2165231,33.9723223],[118.217546,33.9720463],[118.2179651,33.9719135],[118.2181731,33.9718164],[118.2182855,33.9717193],[118.2184585,33.9715764],[118.2184937,33.9715478],[118.2185257,33.9715219]]}},{"type":"Feature","id":"way/931110321","properties":{"osm_id":931110321,"name":"京岚线","highway":"trunk","ref":"G104"},"geometry":{"type":"LineString","coordinates":[[117.8558296,33.9152898],[117.8573491,33.9151583],[117.8606797,33.9151245],[117.8631737,33.9150653],[117.866158,33.9150014],[117.868503,33.9149664],[117.8713097,33.9149452],[117.8724912,33.9149381],[117.8742961,33.9149501],[117.8759481,33.9150306]]}},{"type":"Feature","id":"way/931110322","properties":{"osm_id":931110322,"highway":"trunk","ref":"G104"},"geometry":{"type":"LineString","coordinates":[[117.8553125,33.9153422],[117.8558296,33.9152898]]}},{"type":"Feature","id":"way/931110323","properties":{"osm_id":931110323,"name":"京岚线","highway":"trunk","ref":"G104"},"geometry":{"type":"LineString","coordinates":[[117.8759304,33.9151452],[117.8742586,33.9150936],[117.8724361,33.9150993],[117.8713254,33.9150988],[117.8685101,33.9150906],[117.866161,33.9151306],[117.8631864,33.9151811],[117.8606837,33.9152722],[117.8599145,33.9152763],[117.8573074,33.91529],[117.8558554,33.9154072]]}},{"type":"Feature","id":"way/931110324","properties":{"osm_id":931110324,"highway":"trunk","ref":"G104"},"geometry":{"type":"LineString","coordinates":[[117.8558554,33.9154072],[117.8553423,33.9154655]]}},{"type":"Feature","id":"way/931110327","properties":{"osm_id":931110327,"name":"淮徐高速","highway":"motorway","ref":"G2513"},"geometry":{"type":"LineString","coordinates":[[117.8617529,33.9860392],[117.8604549,33.9869008],[117.8585487,33.9881149]]}},{"type":"Feature","id":"way/931110328","properties":{"osm_id":931110328,"name":"淮徐高速","highway":"motorway","ref":"G2513"},"geometry":{"type":"LineString","coordinates":[[117.8585487,33.9881149],[117.8574645,33.9888488]]}},{"type":"Feature","id":"way/931110329","properties":{"osm_id":931110329,"name":"淮徐高速","highway":"motorway","ref":"G2513"},"geometry":{"type":"LineString","coordinates":[[117.858565,33.9879771],[117.8603923,33.986798],[117.8615664,33.9860141]]}},{"type":"Feature","id":"way/931110330","properties":{"osm_id":931110330,"name":"淮徐高速","highway":"motorway","ref":"G2513"},"geometry":{"type":"LineString","coordinates":[[117.8574911,33.9886708],[117.858565,33.9879771]]}},{"type":"Feature","id":"way/931110337","properties":{"osm_id":931110337,"name":"淮徐高速","highway":"motorway","ref":"G2513"},"geometry":{"type":"LineString","coordinates":[[117.8574645,33.9888488],[117.8565338,33.9894968],[117.8547069,33.9906223],[117.8527886,33.991693],[117.8504254,33.9929214],[117.8484971,33.9938178],[117.8461784,33.9947984],[117.8446576,33.9954156],[117.8417739,33.996419],[117.8373514,33.9976938],[117.8336565,33.9987795],[117.8299272,33.9998824],[117.8264629,34.0009282]]}},{"type":"Feature","id":"way/931110338","properties":{"osm_id":931110338,"name":"淮徐高速","highway":"motorway","ref":"G2513"},"geometry":{"type":"LineString","coordinates":[[117.8264629,34.0009282],[117.8261685,34.0010193],[117.8259745,34.0010793]]}},{"type":"Feature","id":"way/931110339","properties":{"osm_id":931110339,"name":"淮徐高速","highway":"motorway","ref":"G2513"},"geometry":{"type":"LineString","coordinates":[[117.8264605,34.0008146],[117.8298833,33.9997587],[117.833617,33.9986638],[117.8373106,33.9975995],[117.841729,33.9962911],[117.8446035,33.9952816],[117.84612,33.99468],[117.84845,33.9937],[117.85038,33.99282],[117.8527474,33.9915825],[117.8546281,33.9905374],[117.8564343,33.9894031],[117.8574911,33.9886708]]}},{"type":"Feature","id":"way/931110340","properties":{"osm_id":931110340,"name":"淮徐高速","highway":"motorway","ref":"G2513"},"geometry":{"type":"LineString","coordinates":[[117.8259881,34.0009604],[117.8264605,34.0008146]]}},{"type":"Feature","id":"way/932869785","properties":{"osm_id":932869785,"name":"漳州路","highway":"unclassified"},"geometry":{"type":"LineString","coordinates":[[118.2259343,33.8721259],[118.2259045,33.8713313],[118.2258792,33.8706585],[118.2258664,33.8703189],[118.2258255,33.8692316]]}},{"type":"Feature","id":"way/936359620","properties":{"osm_id":936359620,"name":"宿邳线","highway":"primary","ref":"S250"},"geometry":{"type":"LineString","coordinates":[[118.082072,34.0415338],[118.0826076,34.0406248],[118.0836562,34.0389227],[118.0839191,34.0384959],[118.0844886,34.0376092],[118.0858499,34.0354895],[118.0860198,34.0352803],[118.0864367,34.0347184]]}},{"type":"Feature","id":"way/936359622","properties":{"osm_id":936359622,"name":"宿邳线","highway":"primary","ref":"S250"},"geometry":{"type":"LineString","coordinates":[[118.0867393,34.0345718],[118.0860485,34.0355036],[118.0845185,34.0378686],[118.0840701,34.0385617],[118.0823173,34.0415009]]}},{"type":"Feature","id":"way/940994756","properties":{"osm_id":940994756,"name":"机场连接线","highway":"secondary"},"geometry":{"type":"LineString","coordinates":[[118.2234208,34.22],[118.2234093,34.21994]]}},{"type":"Feature","id":"way/940994757","properties":{"osm_id":940994757,"name":"机场连接线","highway":"secondary"},"geometry":{"type":"LineString","coordinates":[[118.2237464,34.2199645],[118.2237529,34.22]]}},{"type":"Feature","id":"way/943579741","properties":{"osm_id":943579741,"highway":"secondary_link"},"geometry":{"type":"LineString","coordinates":[[118.2346372,33.9714289],[118.234795,33.9720031],[118.2348723,33.9721177],[118.2349698,33.9722121],[118.2350999,33.9722694],[118.2352503,33.9723065],[118.2355593,33.9722897],[118.2359659,33.9722458],[118.2362533,33.9722708]]}},{"type":"Feature","id":"way/943579742","properties":{"osm_id":943579742,"highway":"secondary_link"},"geometry":{"type":"LineString","coordinates":[[118.2341146,33.9725493],[118.2342665,33.9724852],[118.2343519,33.9724144],[118.2344698,33.9722593],[118.2345186,33.9721379],[118.2345389,33.9720368],[118.2345186,33.9717603],[118.2344879,33.9713432]]}},{"type":"Feature","id":"way/943579743","properties":{"osm_id":943579743,"highway":"secondary_link"},"geometry":{"type":"LineString","coordinates":[[118.2362533,33.9722708],[118.2353926,33.9724245],[118.2351324,33.9725324],[118.2350552,33.9726268],[118.2349902,33.9727516],[118.2349617,33.9729134],[118.234984,33.9732834]]}},{"type":"Feature","id":"way/943579744","properties":{"osm_id":943579744,"highway":"secondary_link"},"geometry":{"type":"LineString","coordinates":[[118.2348632,33.9733002],[118.2347096,33.9728493],[118.2346405,33.9727617],[118.2345917,33.9727178],[118.2345267,33.972674],[118.2344291,33.9726234],[118.2343194,33.9725864],[118.2341146,33.9725493]]}},{"type":"Feature","id":"way/953874659","properties":{"osm_id":953874659,"name":"启源中路","highway":"residential"},"geometry":{"type":"LineString","coordinates":[[118.202413,33.9285992],[118.2041777,33.9286988]]}},{"type":"Feature","id":"way/955087173","properties":{"osm_id":955087173,"name":"徐州外环公路","highway":"trunk","ref":"G206;G311"},"geometry":{"type":"LineString","coordinates":[[117.4592655,34.212993],[117.4606614,34.2152082]]}},{"type":"Feature","id":"way/955087174","properties":{"osm_id":955087174,"name":"徐州外环公路","highway":"trunk","ref":"G206;G311"},"geometry":{"type":"LineString","coordinates":[[117.4605029,34.2151893],[117.4591182,34.21294]]}},{"type":"Feature","id":"way/961042075","properties":{"osm_id":961042075,"name":"淮徐高速","highway":"motorway","ref":"G2513"},"geometry":{"type":"LineString","coordinates":[[117.865374,33.9834821],[117.8659258,33.9831174]]}},{"type":"Feature","id":"way/961042076","properties":{"osm_id":961042076,"name":"淮徐高速","highway":"motorway","ref":"G2513"},"geometry":{"type":"LineString","coordinates":[[117.8659264,33.9832855],[117.8653665,33.983655]]}},{"type":"Feature","id":"way/961042077","properties":{"osm_id":961042077,"name":"淮徐高速","highway":"motorway","ref":"G2513"},"geometry":{"type":"LineString","coordinates":[[117.8628287,33.9851774],[117.865374,33.9834821]]}},{"type":"Feature","id":"way/961042078","properties":{"osm_id":961042078,"name":"淮徐高速","highway":"motorway","ref":"G2513"},"geometry":{"type":"LineString","coordinates":[[117.8653665,33.983655],[117.8630176,33.9852104]]}},{"type":"Feature","id":"way/961042079","properties":{"osm_id":961042079,"name":"淮徐高速","highway":"motorway","ref":"G2513"},"geometry":{"type":"LineString","coordinates":[[117.873843,33.9786935],[117.8729225,33.979159]]}},{"type":"Feature","id":"way/961042080","properties":{"osm_id":961042080,"name":"淮徐高速","highway":"motorway","ref":"G2513"},"geometry":{"type":"LineString","coordinates":[[117.8774201,33.977078],[117.8755837,33.977872],[117.8748182,33.9782288],[117.873843,33.9786935]]}},{"type":"Feature","id":"way/961042081","properties":{"osm_id":961042081,"name":"淮徐高速","highway":"motorway","ref":"G2513"},"geometry":{"type":"LineString","coordinates":[[117.8727499,33.9791088],[117.8736665,33.9786472]]}},{"type":"Feature","id":"way/961042082","properties":{"osm_id":961042082,"name":"淮徐高速","highway":"motorway","ref":"G2513"},"geometry":{"type":"LineString","coordinates":[[117.8736665,33.9786472],[117.8748027,33.9781016],[117.8755157,33.9777624],[117.8773292,33.9769648]]}},{"type":"Feature","id":"way/962272454","properties":{"osm_id":962272454,"name":"圆通大道","highway":"tertiary"},"geometry":{"type":"LineString","coordinates":[[117.5855463,34.0541904],[117.5841227,34.0542935],[117.582685,34.0543872],[117.5813181,34.0544399],[117.5800298,34.0544337],[117.5787213,34.0543982],[117.5754761,34.0541747],[117.5727487,34.0540147],[117.5668883,34.0536231],[117.5667424,34.0535728]]}},{"type":"Feature","id":"way/962272467","properties":{"osm_id":962272467,"name":"淮徐高速","highway":"motorway","ref":"G2513"},"geometry":{"type":"LineString","coordinates":[[117.5914108,34.0787907],[117.593351,34.0787544],[117.5978125,34.0785911],[117.6011457,34.0783258],[117.60348,34.07804],[117.60543,34.07778],[117.6085145,34.0772422]]}},{"type":"Feature","id":"way/962272468","properties":{"osm_id":962272468,"name":"淮徐高速","highway":"motorway","ref":"G2513"},"geometry":{"type":"LineString","coordinates":[[117.6085145,34.0772422],[117.6099864,34.0769409],[117.6133604,34.0762116]]}},{"type":"Feature","id":"way/962272469","properties":{"osm_id":962272469,"name":"淮徐高速","highway":"motorway","ref":"G2513"},"geometry":{"type":"LineString","coordinates":[[117.6085688,34.0773501],[117.6080625,34.0774503],[117.6054509,34.0779312],[117.6035126,34.0781681],[117.6011768,34.0784325],[117.5978178,34.0787064],[117.5933671,34.0788598],[117.5914099,34.0788871]]}},{"type":"Feature","id":"way/962272470","properties":{"osm_id":962272470,"name":"淮徐高速","highway":"motorway","ref":"G2513"},"geometry":{"type":"LineString","coordinates":[[117.6133541,34.0763253],[117.6109679,34.0768589],[117.6085688,34.0773501]]}},{"type":"Feature","id":"way/966335560","properties":{"osm_id":966335560,"name":"皂井线","highway":"tertiary"},"geometry":{"type":"LineString","coordinates":[[118.214401,33.9975781],[118.2141126,33.9975223],[118.2127868,33.99735],[118.2109252,33.9972085],[118.2106713,33.9971892],[118.2103765,33.9971876],[118.2101138,33.9972093],[118.2098436,33.9972655],[118.2095272,33.9973611],[118.2093054,33.997448],[118.2087006,33.9977518],[118.2078208,33.998228],[118.2077174,33.998284]]}},{"type":"Feature","id":"way/966335561","properties":{"osm_id":966335561,"name":"皂井线","highway":"tertiary"},"geometry":{"type":"LineString","coordinates":[[118.2077174,33.998284],[118.2073651,33.9985518],[118.2065899,33.9991945],[118.2059268,33.9997365],[118.2056466,33.9999533],[118.2053851,34.0001353],[118.2048013,34.0004992],[118.2031154,34.0016104],[118.2022235,34.0022453],[118.2016024,34.0027989],[118.2010373,34.0032983],[118.2008552,34.0034532],[118.2006006,34.0036348],[118.2002618,34.0038668]]}},{"type":"Feature","id":"way/966335562","properties":{"osm_id":966335562,"name":"皂井线","highway":"tertiary"},"geometry":{"type":"LineString","coordinates":[[118.2002618,34.0038668],[118.2004537,34.003717],[118.2010966,34.0031477],[118.2015547,34.0026523],[118.2019007,34.002341],[118.2022782,34.0020005],[118.2025394,34.001794],[118.2043331,34.000626],[118.2054448,33.9999315],[118.205907,33.9995955],[118.2067258,33.9989403],[118.2072356,33.9985657],[118.2077174,33.998284]]}},{"type":"Feature","id":"way/966335563","properties":{"osm_id":966335563,"name":"皂井线","highway":"tertiary"},"geometry":{"type":"LineString","coordinates":[[118.1897751,34.0126451],[118.1905926,34.0120532],[118.1918252,34.011183],[118.192356,34.0108123],[118.1936817,34.0098651],[118.1942548,34.0093586],[118.1947729,34.0088974],[118.1957033,34.0080303],[118.1960635,34.0076648],[118.1964384,34.0072318],[118.1966329,34.0069659],[118.1967816,34.0067973],[118.19749,34.0059649],[118.1976852,34.0057808],[118.197806,34.0056716],[118.1983656,34.0052221],[118.1989134,34.0048189],[118.1993079,34.0045285],[118.199831,34.0041656],[118.2002618,34.0038668]]}},{"type":"Feature","id":"way/966335564","properties":{"osm_id":966335564,"name":"皂井线","highway":"tertiary"},"geometry":{"type":"LineString","coordinates":[[118.1897751,34.0126451],[118.1893776,34.0130047],[118.1891003,34.0132039],[118.188937,34.0132976],[118.18886,34.0133418],[118.1852921,34.0148486],[118.1851011,34.0149099],[118.1822296,34.0156607],[118.1798282,34.0162756]]}},{"type":"Feature","id":"way/966335565","properties":{"osm_id":966335565,"name":"皂井线","highway":"tertiary"},"geometry":{"type":"LineString","coordinates":[[118.1798282,34.0162756],[118.1808188,34.0159819],[118.1824502,34.0154974],[118.1847089,34.0148957],[118.186224,34.0143245],[118.1872507,34.0138963],[118.1879379,34.0135641],[118.1890115,34.0131203],[118.1893749,34.0129087],[118.1897751,34.0126451]]}},{"type":"Feature","id":"way/966335566","properties":{"osm_id":966335566,"name":"皂井线","highway":"tertiary"},"geometry":{"type":"LineString","coordinates":[[118.1353156,34.032588],[118.1343848,34.0330192],[118.1334485,34.0334529],[118.1328019,34.0338115],[118.1317921,34.0343135],[118.1309528,34.0347284],[118.130314,34.0350105],[118.1298779,34.035203],[118.1298111,34.0352286],[118.1295914,34.0353126],[118.1294802,34.0353552],[118.128551,34.0357108],[118.1285292,34.0357192],[118.1278743,34.0359671],[118.126641,34.0364339],[118.1261023,34.0365957],[118.125673,34.0367246],[118.12486,34.036954],[118.1239481,34.0372298],[118.1226606,34.0377324],[118.1214038,34.0382595],[118.1213688,34.0382742],[118.1212315,34.0383317],[118.1205831,34.0386459],[118.1199886,34.038963],[118.1195405,34.0392521],[118.1188566,34.0397584],[118.1188299,34.0397782],[118.1181307,34.0403199],[118.1173035,34.0409833],[118.1168821,34.0413507],[118.1162524,34.0419426],[118.1162416,34.0419528],[118.1162183,34.0419814],[118.116153,34.0420613],[118.1156821,34.0426378],[118.1154112,34.0430448],[118.1152912,34.0433145],[118.1152557,34.043429],[118.1149749,34.0442378],[118.1148433,34.0448045]]}},{"type":"Feature","id":"way/966335567","properties":{"osm_id":966335567,"name":"皂井线","highway":"tertiary"},"geometry":{"type":"LineString","coordinates":[[118.172221,34.018857],[118.1714012,34.0192091],[118.170954,34.019386],[118.1701979,34.019632],[118.1695006,34.0198779],[118.1691164,34.0200144],[118.1681936,34.0203362],[118.1674089,34.0206024],[118.1668499,34.0207776],[118.166417,34.0208821],[118.1657997,34.0209841],[118.1653343,34.0210956],[118.1649556,34.0212114],[118.1643539,34.0214094],[118.1638081,34.0216042],[118.1631611,34.0218417],[118.1621443,34.0222018],[118.1619142,34.0222905],[118.1618081,34.0223313],[118.1611769,34.0225746],[118.1604925,34.0228524],[118.160271,34.0229423],[118.1596795,34.0232207],[118.1591742,34.0234888],[118.158484,34.023808],[118.1577661,34.0241732],[118.1575043,34.0243085],[118.1569897,34.0246277],[118.1566446,34.0248601],[118.1561825,34.0251205],[118.1557481,34.0253171],[118.1554276,34.0254372],[118.1549963,34.0255802],[118.1544109,34.0258023],[118.1539087,34.0260066],[118.1534373,34.0261675],[118.1527564,34.0263615],[118.1521384,34.0265424],[118.1519799,34.0265888],[118.1514808,34.0267497],[118.1512189,34.0268416],[118.1506921,34.0270561],[118.1498633,34.0274621],[118.1488527,34.0279626],[118.1478791,34.0284401],[118.1470287,34.0288205],[118.1460458,34.0292163],[118.1453772,34.0294385],[118.1450568,34.0295125],[118.144835,34.0295508],[118.1445762,34.029607],[118.1441669,34.0297028],[118.1441151,34.0297149],[118.144034,34.0297339],[118.1440098,34.0297395],[118.1435286,34.0298521],[118.1433253,34.0299032],[118.1423301,34.0302402],[118.1416985,34.0304292],[118.1406571,34.0307228],[118.1401703,34.0308862],[118.1392059,34.0312386],[118.1386051,34.0314505],[118.1383309,34.0315322],[118.137943,34.0316292],[118.1373357,34.0318121],[118.1367894,34.032011],[118.1359304,34.0323419],[118.1353156,34.032588]]}},{"type":"Feature","id":"way/966335576","properties":{"osm_id":966335576,"name":"皂井线","highway":"tertiary"},"geometry":{"type":"LineString","coordinates":[[118.172221,34.018857],[118.1737939,34.0182678],[118.1769537,34.0172194],[118.1789856,34.016564],[118.1798282,34.0162756]]}},{"type":"Feature","id":"way/966770913","properties":{"osm_id":966770913,"highway":"secondary"},"geometry":{"type":"LineString","coordinates":[[117.931276,33.9288179],[117.9312489,33.9289449],[117.9307891,33.9307644],[117.9303693,33.9326413],[117.9303511,33.9327296],[117.9297786,33.9354616],[117.929754,33.9355888],[117.9290209,33.9391038],[117.9277898,33.9450787],[117.9277656,33.9452193],[117.9275459,33.9482453],[117.9274896,33.9490211],[117.9273836,33.9504815],[117.92737,33.9506659],[117.927174,33.9533144],[117.9270934,33.9544034],[117.9270861,33.9545019],[117.9270655,33.954781]]}},{"type":"Feature","id":"way/966770914","properties":{"osm_id":966770914,"highway":"secondary"},"geometry":{"type":"LineString","coordinates":[[117.9268541,33.9547606],[117.9268739,33.9545055],[117.9268819,33.954402],[117.9271724,33.9506566],[117.9271868,33.9504717],[117.9273605,33.9482315],[117.9275985,33.9451903],[117.9276222,33.9450826],[117.9288726,33.9390885],[117.9296035,33.9355725],[117.9296306,33.9354424],[117.9301966,33.9327014],[117.930216,33.932621],[117.9306686,33.9304492],[117.9310071,33.9289523],[117.9310366,33.9288233]]}},{"type":"Feature","id":"way/966770915","properties":{"osm_id":966770915,"highway":"secondary"},"geometry":{"type":"LineString","coordinates":[[117.9271868,33.9504717],[117.9273836,33.9504815],[117.9315882,33.9506923],[117.9373362,33.9509805],[117.9375256,33.95099]]}},{"type":"Feature","id":"way/966770916","properties":{"osm_id":966770916,"highway":"secondary"},"geometry":{"type":"LineString","coordinates":[[117.9375046,33.9511449],[117.9373242,33.9511354],[117.92737,33.9506659],[117.9271724,33.9506566]]}},{"type":"Feature","id":"way/966770917","properties":{"osm_id":966770917,"highway":"secondary"},"geometry":{"type":"LineString","coordinates":[[117.94146,33.9290792],[117.9410769,33.9310353],[117.9406638,33.9328579],[117.9406115,33.9330802],[117.9405956,33.9331562],[117.9399607,33.9361892],[117.939908,33.936422],[117.9398817,33.9365383],[117.9390817,33.9400713],[117.9390361,33.9402728],[117.937934,33.9453596],[117.9379196,33.9455526],[117.937908,33.9457077],[117.9376811,33.9487417],[117.9376724,33.9488579],[117.9375256,33.95099],[117.9375046,33.9511449]]}},{"type":"Feature","id":"way/966770918","properties":{"osm_id":966770918,"highway":"secondary"},"geometry":{"type":"LineString","coordinates":[[117.9373242,33.9511354],[117.9373362,33.9509805],[117.937448,33.9495349],[117.9375102,33.94873],[117.9377448,33.9456963],[117.9377563,33.945548],[117.9377713,33.9453533],[117.9389414,33.9400489],[117.9397191,33.936523],[117.9397448,33.9364064],[117.9404616,33.9331392],[117.9404776,33.9330673],[117.9405313,33.9328407],[117.9409524,33.9309068],[117.9413189,33.9290676],[117.941376,33.9289685],[117.9416831,33.9272308]]}},{"type":"Feature","id":"way/967546919","properties":{"osm_id":967546919,"name":"新扬高速","highway":"motorway","ref":"S49"},"geometry":{"type":"LineString","coordinates":[[118.2027328,33.7224821],[118.2025632,33.7214667],[118.2022283,33.7198538],[118.201717,33.717801],[118.2012293,33.7161098],[118.2001133,33.7130117]]}},{"type":"Feature","id":"way/967546920","properties":{"osm_id":967546920,"name":"新扬高速","highway":"motorway","ref":"S49"},"geometry":{"type":"LineString","coordinates":[[118.2028207,33.7229459],[118.2027328,33.7224821]]}},{"type":"Feature","id":"way/967546921","properties":{"osm_id":967546921,"name":"新扬高速","highway":"motorway","ref":"S49"},"geometry":{"type":"LineString","coordinates":[[118.2002241,33.713004],[118.2009758,33.7149792],[118.2015282,33.7166752],[118.202345,33.7198229],[118.2028629,33.7224669]]}},{"type":"Feature","id":"way/967546922","properties":{"osm_id":967546922,"name":"新扬高速","highway":"motorway","ref":"S49"},"geometry":{"type":"LineString","coordinates":[[118.2028629,33.7224669],[118.202952,33.7229317]]}},{"type":"Feature","id":"way/968148110","properties":{"osm_id":968148110,"name":"耿龙路","highway":"tertiary","ref":"Y165"},"geometry":{"type":"LineString","coordinates":[[118.1752724,33.9018785],[118.1752725,33.90208],[118.1752549,33.9033008],[118.1752461,33.9039153],[118.175238,33.9047785],[118.1752359,33.9050035],[118.1752333,33.905276],[118.1752348,33.9054256],[118.175224,33.906142],[118.1751905,33.9070028],[118.1751717,33.9074868],[118.1751257,33.9088092],[118.1751183,33.9090203]]}},{"type":"Feature","id":"way/968148111","properties":{"osm_id":968148111,"name":"耿龙路","highway":"tertiary","ref":"Y165"},"geometry":{"type":"LineString","coordinates":[[118.1752948,33.901318],[118.1752724,33.9018785]]}},{"type":"Feature","id":"way/968148114","properties":{"osm_id":968148114,"name":"八支渠路","highway":"unclassified"},"geometry":{"type":"LineString","coordinates":[[118.1392524,33.981704],[118.1392479,33.9817927],[118.1392533,33.9821441],[118.1393009,33.9822861]]}},{"type":"Feature","id":"way/968148115","properties":{"osm_id":968148115,"name":"八支渠路","highway":"unclassified"},"geometry":{"type":"LineString","coordinates":[[118.1392554,33.981644],[118.1392524,33.981704]]}},{"type":"Feature","id":"way/968148155","properties":{"osm_id":968148155,"name":"蔡田路","highway":"unclassified"},"geometry":{"type":"LineString","coordinates":[[118.1335995,34.0090432],[118.1331148,34.0084304],[118.1321115,34.0071619],[118.1320506,34.0070789],[118.1318829,34.0064722],[118.1317279,34.0058952],[118.1317171,34.0058552],[118.1315332,34.0051704],[118.1313702,34.0045568]]}},{"type":"Feature","id":"way/968148156","properties":{"osm_id":968148156,"name":"蔡田路","highway":"unclassified"},"geometry":{"type":"LineString","coordinates":[[118.1313702,34.0045568],[118.1313195,34.0043358]]}},{"type":"Feature","id":"way/968148157","properties":{"osm_id":968148157,"name":"古黄河风景南道","highway":"unclassified"},"geometry":{"type":"LineString","coordinates":[[118.1216848,34.0196359],[118.1226198,34.0193191],[118.1243924,34.0186688],[118.1254372,34.0183251],[118.1263316,34.0179578],[118.1273479,34.0174961],[118.1280188,34.0171019],[118.1282111,34.0169316],[118.1283765,34.0167851],[118.1311776,34.0158989],[118.1312996,34.0158854],[118.1330838,34.0158443],[118.1356467,34.0157853],[118.1368611,34.0157573],[118.1373002,34.0157876],[118.1380055,34.0158606],[118.1384467,34.015946],[118.1384968,34.0159588],[118.1388939,34.0160606],[118.1392354,34.0160775],[118.1404306,34.0161179],[118.1406076,34.0161263],[118.1413546,34.0161615],[118.1418048,34.0161246],[118.1420446,34.0160956],[118.1422444,34.01609],[118.1425119,34.0160982],[118.1433743,34.0161129],[118.144057,34.0161213],[118.1442613,34.0161426],[118.1444031,34.0161618]]}},{"type":"Feature","id":"way/968148158","properties":{"osm_id":968148158,"name":"古黄河风景南道","highway":"unclassified"},"geometry":{"type":"LineString","coordinates":[[118.1454613,34.0165099],[118.1471376,34.0170321],[118.1473833,34.017096],[118.1478542,34.0172198],[118.150421,34.0180705],[118.1505202,34.0181034],[118.1511868,34.0183311],[118.1523628,34.0187328],[118.1533832,34.0190664],[118.1544484,34.0193933],[118.1548915,34.0195112],[118.1550866,34.0195112],[118.1563934,34.0189969],[118.1571841,34.018693],[118.1589559,34.018012],[118.1599847,34.017612],[118.1601691,34.0175403]]}},{"type":"Feature","id":"way/969823495","properties":{"osm_id":969823495,"name":"265乡道","highway":"tertiary","ref":"Y265"},"geometry":{"type":"LineString","coordinates":[[118.1042641,34.0681549],[118.1042643,34.0686477],[118.1042643,34.0688929],[118.1042647,34.0704629],[118.1042366,34.0737974],[118.1042366,34.07683],[118.1042647,34.0776655],[118.104386,34.0783925],[118.1045421,34.0790382],[118.1050541,34.0801729],[118.1057062,34.0812002],[118.1062087,34.0818283],[118.1063786,34.0821541],[118.1064498,34.0824054],[118.106471,34.0825853],[118.1065244,34.0844775],[118.1066163,34.0888366],[118.1066211,34.0892137]]}},{"type":"Feature","id":"way/969823496","properties":{"osm_id":969823496,"name":"265乡道","highway":"tertiary","ref":"Y265"},"geometry":{"type":"LineString","coordinates":[[118.1066211,34.0892137],[118.1066533,34.0906567]]}},{"type":"Feature","id":"way/969823497","properties":{"osm_id":969823497,"name":"265乡道","highway":"tertiary","ref":"Y265"},"geometry":{"type":"LineString","coordinates":[[118.1066533,34.0906567],[118.1066564,34.0912945],[118.106661,34.0918141],[118.1066751,34.092417]]}},{"type":"Feature","id":"way/969823498","properties":{"osm_id":969823498,"name":"265乡道","highway":"tertiary","ref":"Y265"},"geometry":{"type":"LineString","coordinates":[[118.1066751,34.092417],[118.106691,34.0934822]]}},{"type":"Feature","id":"way/969824350","properties":{"osm_id":969824350,"name":"270乡道","highway":"tertiary","ref":"Y270"},"geometry":{"type":"LineString","coordinates":[[118.1022519,34.0681326],[118.1020004,34.0681147]]}},{"type":"Feature","id":"way/971404743","properties":{"osm_id":971404743,"name":"宿迁大道","highway":"primary","ref":"S324"},"geometry":{"type":"LineString","coordinates":[[118.1929601,33.9899075],[118.1939156,33.9896554],[118.1947692,33.9894302],[118.1954733,33.989246],[118.1964591,33.9889881],[118.1977959,33.9886384],[118.1984238,33.9884702],[118.1988774,33.9883487],[118.2003126,33.9879691],[118.200709,33.9878643],[118.2020338,33.9875107],[118.2030836,33.9872326],[118.2055194,33.9865837],[118.2077123,33.9860031],[118.2085947,33.9857713],[118.2095119,33.9855273],[118.2105441,33.9852454],[118.2113721,33.9850251],[118.2118542,33.9849021],[118.2125839,33.9847074],[118.2137801,33.9843856],[118.2156514,33.9838778],[118.218456,33.9831042],[118.2190336,33.9829483],[118.2203422,33.9825996],[118.2207452,33.9824925],[118.2227102,33.9819616],[118.2241822,33.9815792],[118.224375,33.9815291],[118.2245588,33.9814814],[118.2246061,33.9814691],[118.224707,33.9814429]]}},{"type":"Feature","id":"way/971410545","properties":{"osm_id":971410545,"name":"燕徐线","highway":"primary","ref":"S324"},"geometry":{"type":"LineString","coordinates":[[118.1398734,33.9608876],[118.1388811,33.9609187],[118.1375428,33.9609994],[118.135304,33.9610571],[118.1343687,33.9610512],[118.1337403,33.9610691],[118.1328288,33.9611338],[118.1322197,33.9612072],[118.1319661,33.9612377],[118.1311743,33.9613674],[118.1302729,33.9615849],[118.129259,33.9618801],[118.1292007,33.9619019],[118.1282107,33.9622715],[118.1274479,33.9626133],[118.1266143,33.9630497],[118.1258899,33.9634843],[118.1255807,33.9636922],[118.1253187,33.9638664],[118.1248429,33.9642219],[118.1239294,33.9649607],[118.1232702,33.9655123],[118.1226146,33.9660086],[118.1220708,33.9664035],[118.1215493,33.9667516],[118.1203919,33.9674531],[118.119547,33.9679652],[118.118785,33.9683798],[118.1182561,33.9686674],[118.1182178,33.9686905],[118.1181854,33.96871],[118.1178479,33.9689066],[118.1155551,33.9702423],[118.1147338,33.9707212],[118.1127581,33.9718481],[118.1120253,33.972258],[118.1115572,33.9725229],[118.1113994,33.972619],[118.1109233,33.9728991],[118.1098803,33.9734725],[118.1093668,33.9737478],[118.1081968,33.9743051],[118.1072137,33.9747164],[118.1061879,33.975112],[118.1052879,33.9754246],[118.1040783,33.9758146],[118.1035639,33.9759469],[118.1022584,33.9763349],[118.1004507,33.9768487],[118.1000429,33.9769646],[118.0984703,33.9773986],[118.0974546,33.9776914],[118.096063,33.9780419],[118.0950457,33.9782551],[118.0939974,33.9784494],[118.091797,33.9788088],[118.0891653,33.9792269],[118.0844906,33.9799746],[118.0825632,33.9802817]]}},{"type":"Feature","id":"way/971485252","properties":{"osm_id":971485252,"name":"燕徐线","highway":"primary","ref":"S324"},"geometry":{"type":"LineString","coordinates":[[117.5571049,34.0922091],[117.5556786,34.0916179]]}},{"type":"Feature","id":"way/971485253","properties":{"osm_id":971485253,"name":"燕徐线","highway":"primary","ref":"S324"},"geometry":{"type":"LineString","coordinates":[[117.5556786,34.0916179],[117.5555689,34.0915721]]}},{"type":"Feature","id":"way/972502174","properties":{"osm_id":972502174,"name":"九龙路","highway":"tertiary"},"geometry":{"type":"LineString","coordinates":[[118.218575,33.8761095],[118.2185618,33.8758846],[118.218548,33.875573],[118.2184093,33.8724308],[118.2183747,33.8708115],[118.2183468,33.8695074],[118.2183329,33.8688588],[118.2183238,33.8684333]]}},{"type":"Feature","id":"way/974689152","properties":{"osm_id":974689152,"highway":"primary"},"geometry":{"type":"LineString","coordinates":[[118.0606713,34.1832428],[118.0631902,34.1922253]]}},{"type":"Feature","id":"way/974689155","properties":{"osm_id":974689155,"highway":"primary"},"geometry":{"type":"LineString","coordinates":[[118.0653795,34.1997089],[118.0655137,34.2001862],[118.0662373,34.2029026],[118.0666037,34.2046413],[118.0690387,34.213738],[118.0693148,34.214897],[118.0694634,34.215576],[118.0696616,34.2173963],[118.0697041,34.2185845],[118.0696725,34.22]]}},{"type":"Feature","id":"way/974689156","properties":{"osm_id":974689156,"highway":"primary"},"geometry":{"type":"LineString","coordinates":[[118.0632893,34.1925816],[118.0647995,34.1977231],[118.064891,34.1980344],[118.0653025,34.1994354]]}},{"type":"Feature","id":"way/974689157","properties":{"osm_id":974689157,"highway":"primary"},"geometry":{"type":"LineString","coordinates":[[118.0653025,34.1994354],[118.0653795,34.1997089]]}},{"type":"Feature","id":"way/974810289","properties":{"osm_id":974810289,"name":"徐明高速","highway":"motorway","ref":"S07"},"geometry":{"type":"LineString","coordinates":[[117.634044,34.0120936],[117.6342771,34.0129007],[117.6354575,34.0170697]]}},{"type":"Feature","id":"way/974810290","properties":{"osm_id":974810290,"name":"徐明高速","highway":"motorway","ref":"S07"},"geometry":{"type":"LineString","coordinates":[[117.6353347,34.0170891],[117.6341678,34.0129329],[117.6339332,34.0121121]]}},{"type":"Feature","id":"way/974810291","properties":{"osm_id":974810291,"name":"徐明高速","highway":"motorway","ref":"S07"},"geometry":{"type":"LineString","coordinates":[[117.6339332,34.0121121],[117.6337274,34.0113919]]}},{"type":"Feature","id":"way/974810292","properties":{"osm_id":974810292,"name":"徐明高速","highway":"motorway","ref":"S07"},"geometry":{"type":"LineString","coordinates":[[117.6338359,34.011373],[117.634044,34.0120936]]}},{"type":"Feature","id":"way/976026307","properties":{"osm_id":976026307,"name":"南京路","highway":"primary","ref":"S325"},"geometry":{"type":"LineString","coordinates":[[118.1751014,33.8979117],[118.175107,33.8979086],[118.1754959,33.8977041],[118.1756036,33.8976542],[118.1775791,33.8967482],[118.1786621,33.8962943],[118.1787333,33.8962687],[118.1802406,33.8957274],[118.1815572,33.8952808],[118.182718,33.894943],[118.1834189,33.8947455],[118.1835674,33.8947036],[118.1847018,33.8944392],[118.1847623,33.8944267],[118.1858423,33.8942037],[118.1863404,33.8941043],[118.1874535,33.8939104],[118.188287,33.8938046],[118.189239,33.8936768],[118.1901347,33.8936029],[118.1904906,33.8935735],[118.1907166,33.8935549],[118.1915041,33.8934814],[118.1916952,33.8934712]]}},{"type":"Feature","id":"way/976026308","properties":{"osm_id":976026308,"highway":"primary_link"},"geometry":{"type":"LineString","coordinates":[[118.1675882,33.9032665],[118.1674762,33.9034398],[118.1674467,33.9034879],[118.1674254,33.9035351],[118.1674234,33.9036102],[118.1674312,33.9036574],[118.1674345,33.9036794],[118.167462,33.9037688],[118.1675833,33.9038992]]}},{"type":"Feature","id":"way/976026309","properties":{"osm_id":976026309,"highway":"primary_link"},"geometry":{"type":"LineString","coordinates":[[118.1665751,33.9032264],[118.1668369,33.9033622],[118.166905,33.9033892],[118.1669945,33.9034044],[118.1670748,33.9034069],[118.1670962,33.9034052],[118.1671388,33.9034018],[118.167217,33.9033808],[118.1674993,33.9032025]]}},{"type":"Feature","id":"way/976026310","properties":{"osm_id":976026310,"name":"南京路","highway":"primary","ref":"S325"},"geometry":{"type":"LineString","coordinates":[[118.1670504,33.9036699],[118.1670741,33.9035672],[118.1674993,33.9032025],[118.1683343,33.9024864],[118.1694704,33.9015375],[118.1703226,33.9008891],[118.1720544,33.899702],[118.1728384,33.8991938],[118.1735551,33.8987649],[118.1736023,33.8987389],[118.1746097,33.8981847]]}},{"type":"Feature","id":"way/976026311","properties":{"osm_id":976026311,"name":"南京路","highway":"primary","ref":"S325"},"geometry":{"type":"LineString","coordinates":[[118.1746097,33.8981847],[118.1751014,33.8979117]]}},{"type":"Feature","id":"way/976026312","properties":{"osm_id":976026312,"name":"南京路","highway":"primary","ref":"S325"},"geometry":{"type":"LineString","coordinates":[[118.1925234,33.8934535],[118.1930891,33.8934486],[118.196104,33.893354],[118.1977915,33.8933225],[118.1990125,33.8932997],[118.2010815,33.8932637]]}},{"type":"Feature","id":"way/976026313","properties":{"osm_id":976026313,"name":"南京路","highway":"primary","ref":"S325"},"geometry":{"type":"LineString","coordinates":[[118.1916952,33.8934712],[118.1925234,33.8934535]]}},{"type":"Feature","id":"way/976026314","properties":{"osm_id":976026314,"name":"南京路","highway":"primary","ref":"S325"},"geometry":{"type":"LineString","coordinates":[[118.2016204,33.8932566],[118.20206,33.8932427],[118.2071866,33.8931116],[118.2082839,33.8930836],[118.2090839,33.8930631],[118.2092395,33.8930576]]}},{"type":"Feature","id":"way/976026315","properties":{"osm_id":976026315,"name":"南京路","highway":"primary","ref":"S325"},"geometry":{"type":"LineString","coordinates":[[118.2010815,33.8932637],[118.2016204,33.8932566]]}},{"type":"Feature","id":"way/982031667","properties":{"osm_id":982031667,"name":"虞山路","highway":"tertiary"},"geometry":{"type":"LineString","coordinates":[[118.232081,33.9425245],[118.2321138,33.9424046],[118.2321722,33.9422729],[118.2322306,33.9421718],[118.2323383,33.941991],[118.232376,33.941945],[118.2324331,33.9418739],[118.2325035,33.9417985],[118.2325598,33.9417473],[118.2326295,33.9416755],[118.232676,33.9416271],[118.2327152,33.9415798],[118.2327925,33.9414729],[118.2328252,33.9413819],[118.2328454,33.9412884],[118.2328665,33.9408409],[118.2328702,33.9407615],[118.2329021,33.9400843],[118.23295,33.9393376],[118.232954,33.9392249],[118.2329547,33.9392041],[118.2329517,33.9391618],[118.2329512,33.9390641],[118.2329543,33.9389001]]}},{"type":"Feature","id":"way/982031668","properties":{"osm_id":982031668,"name":"虞山路","highway":"tertiary"},"geometry":{"type":"LineString","coordinates":[[118.2320374,33.9428812],[118.232081,33.9425245]]}},{"type":"Feature","id":"way/987969102","properties":{"osm_id":987969102,"name":"站前路","highway":"tertiary"},"geometry":{"type":"LineString","coordinates":[[117.5557058,34.0431263],[117.5557747,34.0430946],[117.5584035,34.0420092],[117.5592007,34.041682],[117.5618391,34.0405992],[117.5619053,34.0405764]]}},{"type":"Feature","id":"way/987969104","properties":{"osm_id":987969104,"highway":"trunk_link"},"geometry":{"type":"LineString","coordinates":[[117.5544035,34.0490834],[117.5544249,34.0493898],[117.5544395,34.0494697],[117.5544828,34.049542],[117.5545506,34.0496001],[117.5546364,34.0496383],[117.5547323,34.0496531],[117.5548443,34.0496398]]}},{"type":"Feature","id":"way/988004132","properties":{"osm_id":988004132,"highway":"secondary"},"geometry":{"type":"LineString","coordinates":[[117.9699465,33.9475198],[117.9607934,33.9469595],[117.9561454,33.9466787],[117.9511566,33.946409],[117.9509994,33.9464059],[117.9477299,33.9462038],[117.937908,33.9457077],[117.9377448,33.9456963],[117.9327127,33.9454499],[117.9277656,33.9452193],[117.9275985,33.9451903]]}},{"type":"Feature","id":"way/988004133","properties":{"osm_id":988004133,"name":"淮徐高速","highway":"motorway","ref":"G2513"},"geometry":{"type":"LineString","coordinates":[[117.9800487,33.9518398],[117.9788538,33.9520306],[117.9753339,33.9525685],[117.9742768,33.952701],[117.9724226,33.9528951],[117.971331,33.9529632],[117.9698311,33.9530415]]}},{"type":"Feature","id":"way/988004134","properties":{"osm_id":988004134,"name":"淮徐高速","highway":"motorway","ref":"G2513"},"geometry":{"type":"LineString","coordinates":[[117.9698303,33.9529298],[117.9712771,33.9528577],[117.97241,33.9527833],[117.9740641,33.9525954],[117.9753398,33.9524404],[117.97883,33.95192],[117.98002,33.95173]]}},{"type":"Feature","id":"way/988004135","properties":{"osm_id":988004135,"name":"淮徐高速","highway":"motorway","ref":"G2513"},"geometry":{"type":"LineString","coordinates":[[117.9698311,33.9530415],[117.9693044,33.953063]]}},{"type":"Feature","id":"way/988004136","properties":{"osm_id":988004136,"name":"淮徐高速","highway":"motorway","ref":"G2513"},"geometry":{"type":"LineString","coordinates":[[117.9693148,33.9529479],[117.9698303,33.9529298]]}},{"type":"Feature","id":"way/988004137","properties":{"osm_id":988004137,"highway":"secondary"},"geometry":{"type":"LineString","coordinates":[[117.9276222,33.9450826],[117.9277898,33.9450787],[117.9327476,33.9452998],[117.9377563,33.945548],[117.9379196,33.9455526],[117.9477368,33.9460698],[117.951021,33.9462454],[117.951178,33.9462577],[117.9561588,33.946546],[117.9608064,33.9468369],[117.9699502,33.9473584]]}},{"type":"Feature","id":"way/991606991","properties":{"osm_id":991606991,"name":"龙夹线","highway":"tertiary"},"geometry":{"type":"LineString","coordinates":[[118.1968287,33.762076],[118.1968271,33.7620226],[118.1967748,33.7602996],[118.1967027,33.7579198],[118.1966949,33.7576628]]}},{"type":"Feature","id":"way/991607026","properties":{"osm_id":991607026,"name":"杭州路","highway":"unclassified"},"geometry":{"type":"LineString","coordinates":[[118.2127129,33.7654294],[118.212806,33.7677188],[118.2128375,33.7684932],[118.2130992,33.7704088]]}},{"type":"Feature","id":"way/991607329","properties":{"osm_id":991607329,"name":"中心路","highway":"tertiary"},"geometry":{"type":"LineString","coordinates":[[118.1902881,33.7653704],[118.1903249,33.7655274],[118.1902781,33.766677],[118.1902378,33.7674484],[118.1901411,33.7693034],[118.1900572,33.7712427],[118.190055,33.7712941]]}},{"type":"Feature","id":"way/995907139","properties":{"osm_id":995907139,"highway":"secondary"},"geometry":{"type":"LineString","coordinates":[[117.9581898,34.0327298],[117.9582339,34.0328026],[117.9594748,34.0346954],[117.961336,34.0376452],[117.9631127,34.0405236]]}},{"type":"Feature","id":"way/996048010","properties":{"osm_id":996048010,"name":"关公庙路","highway":"unclassified"},"geometry":{"type":"LineString","coordinates":[[118.1719214,33.9808792],[118.171951,33.9809289],[118.1721989,33.9813528],[118.172444,33.9817524],[118.172649,33.9820868],[118.1727088,33.9821842],[118.173363,33.9832949],[118.1737068,33.9838781],[118.1737988,33.9840343],[118.1738574,33.98412],[118.174051,33.9844326],[118.1742181,33.9847176],[118.1745915,33.9853543],[118.175259,33.9864926],[118.1752821,33.9865321]]}},{"type":"Feature","id":"way/996048011","properties":{"osm_id":996048011,"name":"关公庙路","highway":"unclassified"},"geometry":{"type":"LineString","coordinates":[[118.1717875,33.9806704],[118.1719214,33.9808792]]}},{"type":"Feature","id":"way/997116317","properties":{"osm_id":997116317,"name":"滨河路","highway":"secondary"},"geometry":{"type":"LineString","coordinates":[[118.2249336,33.9764945],[118.2249932,33.9767335],[118.2251383,33.9770192],[118.2251799,33.9770882],[118.2252226,33.9771591],[118.2252455,33.9771971],[118.2268549,33.9798306],[118.2269462,33.9799781],[118.2273696,33.9806626],[118.227422,33.9807474],[118.2274932,33.9808863]]}},{"type":"Feature","id":"way/999507667","properties":{"osm_id":999507667,"name":"宿迁大道","highway":"primary","ref":"S324"},"geometry":{"type":"LineString","coordinates":[[118.2095201,33.9856519],[118.2076804,33.9861296],[118.2058997,33.9865945],[118.2057889,33.9866238],[118.2056894,33.9866501],[118.2056012,33.9866735],[118.2046911,33.9869143],[118.2046255,33.9869317],[118.2045756,33.9869449],[118.2035718,33.9872103],[118.2033484,33.9872694],[118.2031145,33.9873274],[118.2025761,33.9874609],[118.2017349,33.9876925],[118.2012951,33.9878109],[118.2005849,33.9879937],[118.2000627,33.9881301],[118.1992819,33.9883348],[118.197824,33.9887242],[118.1964831,33.9890813],[118.1954953,33.9893417],[118.1953807,33.9893707],[118.1944652,33.9896116],[118.1925872,33.9901059],[118.1895746,33.9908976],[118.1880512,33.9913065],[118.1866855,33.9916772]]}},{"type":"Feature","id":"way/999507668","properties":{"osm_id":999507668,"name":"支口街","highway":"tertiary"},"geometry":{"type":"LineString","coordinates":[[118.2010053,33.9806361],[118.2010957,33.9809282],[118.2013436,33.9817096],[118.2014941,33.9821888],[118.2016429,33.982653],[118.2016533,33.9826856],[118.2017666,33.9830403],[118.2021475,33.9842326],[118.2021634,33.9842824],[118.2023023,33.9847173],[118.2027531,33.9862178],[118.2030836,33.9872326],[118.2031145,33.9873274]]}},{"type":"Feature","id":"way/999513481","properties":{"osm_id":999513481,"name":"耿龙路","highway":"tertiary","ref":"Y165"},"geometry":{"type":"LineString","coordinates":[[118.24,33.8564368],[118.2398918,33.8564437],[118.2365291,33.8567065],[118.2362299,33.8567298],[118.233754,33.8569233],[118.2336949,33.8569256]]}},{"type":"Feature","id":"way/999513482","properties":{"osm_id":999513482,"name":"耿龙路","highway":"tertiary","ref":"Y165"},"geometry":{"type":"LineString","coordinates":[[118.2336949,33.8569256],[118.2334734,33.8569342]]}},{"type":"Feature","id":"way/999574395","properties":{"osm_id":999574395,"name":"苏州西路","highway":"tertiary"},"geometry":{"type":"LineString","coordinates":[[118.1752348,33.9054256],[118.1751258,33.905351],[118.1740119,33.9045885],[118.1738477,33.9044774],[118.1724343,33.9035203],[118.1723016,33.9034304],[118.1695751,33.9015841]]}},{"type":"Feature","id":"way/999589911","properties":{"osm_id":999589911,"name":"耿龙路","highway":"tertiary","ref":"Y165"},"geometry":{"type":"LineString","coordinates":[[118.1751919,33.9013448],[118.1751979,33.9012558],[118.175228,33.9006485],[118.1753379,33.8991505],[118.1753845,33.8987082],[118.1754849,33.8978346],[118.1754959,33.8977041],[118.1756103,33.8967435],[118.1756508,33.8964034],[118.1758228,33.8949906],[118.1758948,33.8943989],[118.1759122,33.8942651],[118.1760432,33.8932583],[118.1761915,33.8923421],[118.1764084,33.8911151],[118.1765371,33.8903729],[118.1766459,33.8897519],[118.1767505,33.8891546],[118.1767668,33.8890163],[118.1768565,33.8884192]]}},{"type":"Feature","id":"way/999589912","properties":{"osm_id":999589912,"name":"耿龙路","highway":"tertiary","ref":"Y165"},"geometry":{"type":"LineString","coordinates":[[118.1750276,33.908966],[118.1750335,33.9087486],[118.1750693,33.9074324],[118.1750738,33.9072059],[118.175105,33.9061156],[118.1751258,33.905351],[118.1751275,33.9052034],[118.1751505,33.904034],[118.1751524,33.9038947],[118.1751609,33.903282],[118.1751799,33.9019012]]}},{"type":"Feature","id":"way/999589913","properties":{"osm_id":999589913,"name":"耿龙路","highway":"tertiary","ref":"Y165"},"geometry":{"type":"LineString","coordinates":[[118.1751799,33.9019012],[118.1751919,33.9013448]]}},{"type":"Feature","id":"way/1000777868","properties":{"osm_id":1000777868,"name":"淮徐高速","highway":"motorway","ref":"G2513"},"geometry":{"type":"LineString","coordinates":[[117.8259745,34.0010793],[117.8234826,34.0020209],[117.8220456,34.0026006],[117.820404,34.0032874],[117.8188112,34.0040278],[117.811837,34.0073916],[117.8036375,34.0113005],[117.8010704,34.0124014],[117.8000133,34.0128252],[117.7985958,34.0133464],[117.7968958,34.0139553],[117.7933398,34.0149928],[117.7903392,34.0157089],[117.787129,34.0163421],[117.7800805,34.0175112],[117.7753554,34.0183832],[117.7724376,34.0190505],[117.7697438,34.0197325],[117.7665873,34.0206288],[117.7634016,34.0217151],[117.7611803,34.0225578],[117.7583355,34.0237463],[117.7535764,34.0258263],[117.7501973,34.0272939],[117.747948,34.0282803],[117.7453986,34.0293144],[117.74306,34.0301891],[117.7409787,34.0308579],[117.7406388,34.0309547]]}},{"type":"Feature","id":"way/1000777869","properties":{"osm_id":1000777869,"name":"淮徐高速","highway":"motorway","ref":"G2513"},"geometry":{"type":"LineString","coordinates":[[117.7406388,34.0309547],[117.7394172,34.0313154],[117.7378684,34.0317338]]}},{"type":"Feature","id":"way/1000777870","properties":{"osm_id":1000777870,"name":"淮徐高速","highway":"motorway","ref":"G2513"},"geometry":{"type":"LineString","coordinates":[[117.7406281,34.0308247],[117.74244,34.03028],[117.74402,34.02974],[117.74534,34.02924],[117.7478997,34.0281681],[117.75923,34.02323],[117.76119,34.02243],[117.76449,34.02121],[117.7665,34.02055],[117.76932,34.0197],[117.77215,34.01896],[117.77422,34.01849],[117.77598,34.01812],[117.77884,34.01761],[117.7881,34.01603],[117.78954,34.01575],[117.79159,34.0153],[117.79426,34.01461],[117.79659,34.01391],[117.79926,34.01297],[117.80096,34.01233],[117.80261,34.01164],[117.8036106,34.0111995],[117.8118152,34.0072796],[117.818743,34.0039482],[117.820324,34.0031989],[117.8219788,34.0024925],[117.8234451,34.0019062],[117.8259881,34.0009604]]}},{"type":"Feature","id":"way/1000777871","properties":{"osm_id":1000777871,"name":"淮徐高速","highway":"motorway","ref":"G2513"},"geometry":{"type":"LineString","coordinates":[[117.7378722,34.0315966],[117.7394154,34.0311782],[117.7406281,34.0308247]]}},{"type":"Feature","id":"way/1003376792","properties":{"osm_id":1003376792,"name":"魏井路/里海路","highway":"tertiary"},"geometry":{"type":"LineString","coordinates":[[118.2354302,33.941718],[118.2355232,33.9417197],[118.2359332,33.9417312],[118.2362251,33.9417437],[118.2391062,33.9418899],[118.2391725,33.9418998],[118.2393447,33.9419255],[118.2395861,33.9419274]]}},{"type":"Feature","id":"way/1004784519","properties":{"osm_id":1004784519,"highway":"secondary"},"geometry":{"type":"LineString","coordinates":[[117.45,34.1499806],[117.4530987,34.1492476],[117.4540428,34.1490701],[117.455762,34.1490423]]}},{"type":"Feature","id":"way/1004809360","properties":{"osm_id":1004809360,"name":"下邳大道","highway":"primary"},"geometry":{"type":"LineString","coordinates":[[117.8963633,33.9327405],[117.9037523,33.9311014],[117.9098425,33.929779],[117.9110085,33.9295258],[117.9110679,33.9294353]]}},{"type":"Feature","id":"way/1004809361","properties":{"osm_id":1004809361,"name":"下邳大道","highway":"primary"},"geometry":{"type":"LineString","coordinates":[[117.8957339,33.9328847],[117.8963633,33.9327405]]}},{"type":"Feature","id":"way/1004809367","properties":{"osm_id":1004809367,"highway":"secondary"},"geometry":{"type":"LineString","coordinates":[[117.8961979,33.8833858],[117.8959054,33.883346],[117.893786,33.883097],[117.892785,33.882987],[117.892134,33.882926],[117.889051,33.882605],[117.887139,33.882364],[117.887069,33.882354],[117.886368,33.882233],[117.886248,33.882213],[117.883615,33.881802],[117.882744,33.881661],[117.882553,33.881631],[117.880541,33.881359],[117.879839,33.881269],[117.8768978,33.8808188],[117.8748971,33.8805172],[117.8727907,33.8802207],[117.8706999,33.8799243],[117.868648,33.8796479],[117.8652053,33.8791513],[117.8648053,33.8790917],[117.8618265,33.8786235],[117.8584029,33.8780474]]}},{"type":"Feature","id":"way/1004809368","properties":{"osm_id":1004809368,"highway":"secondary"},"geometry":{"type":"LineString","coordinates":[[117.8372958,33.8747656],[117.8368184,33.8746892]]}},{"type":"Feature","id":"way/1004925573","properties":{"osm_id":1004925573,"name":"泗睢线","highway":"primary","ref":"S325"},"geometry":{"type":"LineString","coordinates":[[118.0228321,33.9063034],[118.0232584,33.9062985]]}},{"type":"Feature","id":"way/1004925574","properties":{"osm_id":1004925574,"name":"泗睢线","highway":"primary","ref":"S325"},"geometry":{"type":"LineString","coordinates":[[118.0232479,33.9063927],[118.0228374,33.9063968]]}},{"type":"Feature","id":"way/1004925575","properties":{"osm_id":1004925575,"name":"泗睢线","highway":"primary","ref":"S325"},"geometry":{"type":"LineString","coordinates":[[118.0426391,33.9060828],[118.0416013,33.9060957],[118.0392789,33.9061639],[118.0386659,33.9061609],[118.0354692,33.9062],[118.0310105,33.9062944],[118.0266528,33.9063588],[118.0232479,33.9063927]]}},{"type":"Feature","id":"way/1004925576","properties":{"osm_id":1004925576,"name":"泗睢线","highway":"primary","ref":"S325"},"geometry":{"type":"LineString","coordinates":[[118.0078375,33.9058829],[118.007982,33.9059033],[118.0085539,33.9059782],[118.0103652,33.9062119],[118.0119206,33.9063886],[118.0131036,33.9064071],[118.0133539,33.906411],[118.0196374,33.9063397],[118.0228321,33.9063034]]}},{"type":"Feature","id":"way/1005011173","properties":{"osm_id":1005011173,"highway":"secondary","ref":"X309"},"geometry":{"type":"LineString","coordinates":[[117.631234,34.1378959],[117.6317505,34.1380043],[117.6337697,34.1380649],[117.6366203,34.1383775],[117.6389227,34.1385336]]}},{"type":"Feature","id":"way/1005011174","properties":{"osm_id":1005011174,"highway":"secondary","ref":"X309"},"geometry":{"type":"LineString","coordinates":[[117.6306564,34.1377747],[117.631234,34.1378959]]}},{"type":"Feature","id":"way/1005011175","properties":{"osm_id":1005011175,"highway":"secondary","ref":"X309"},"geometry":{"type":"LineString","coordinates":[[117.6276851,34.1371512],[117.6306564,34.1377747]]}},{"type":"Feature","id":"way/1005011176","properties":{"osm_id":1005011176,"highway":"secondary","ref":"X309"},"geometry":{"type":"LineString","coordinates":[[117.627443,34.1371004],[117.6276851,34.1371512]]}},{"type":"Feature","id":"way/1005011191","properties":{"osm_id":1005011191,"highway":"primary","ref":"S252"},"geometry":{"type":"LineString","coordinates":[[117.5919329,34.2082053],[117.5918825,34.2082648],[117.5918111,34.2083072],[117.5917268,34.2083276],[117.5916422,34.2083244],[117.5915632,34.2082991],[117.5914982,34.2082542],[117.5914539,34.2081945],[117.5914349,34.2081262],[117.5914433,34.2080565],[117.5914782,34.2079927],[117.5915359,34.2079414],[117.5916103,34.207908],[117.5916938,34.207896],[117.5917805,34.2079075],[117.5918578,34.2079421],[117.5919169,34.2079959],[117.5919511,34.2080628],[117.5919567,34.2081353],[117.5919329,34.2082053]]}},{"type":"Feature","id":"way/1005011192","properties":{"osm_id":1005011192,"highway":"primary","ref":"S252"},"geometry":{"type":"LineString","coordinates":[[117.5916085,34.2086152],[117.5912778,34.2108394],[117.5911263,34.212095],[117.5906811,34.2152567],[117.590545,34.2158606],[117.5903498,34.2165664],[117.5900493,34.2173382],[117.589735,34.2179278],[117.5893734,34.2185271],[117.5884679,34.22]]}},{"type":"Feature","id":"way/1005011193","properties":{"osm_id":1005011193,"highway":"primary","ref":"S252"},"geometry":{"type":"LineString","coordinates":[[117.5916085,34.2086152],[117.5915534,34.2084347],[117.5914982,34.2082542]]}},{"type":"Feature","id":"way/1005011194","properties":{"osm_id":1005011194,"highway":"primary","ref":"S252"},"geometry":{"type":"LineString","coordinates":[[117.5915359,34.2079414],[117.5917445,34.207592]]}},{"type":"Feature","id":"way/1005011199","properties":{"osm_id":1005011199,"highway":"primary","ref":"S252"},"geometry":{"type":"LineString","coordinates":[[117.5918111,34.2083072],[117.5916085,34.2086152]]}},{"type":"Feature","id":"way/1005011200","properties":{"osm_id":1005011200,"highway":"primary","ref":"S252"},"geometry":{"type":"LineString","coordinates":[[117.5917445,34.207592],[117.5917845,34.2077648],[117.5918578,34.2079421]]}},{"type":"Feature","id":"way/1005018415","properties":{"osm_id":1005018415,"highway":"secondary","ref":"X206"},"geometry":{"type":"LineString","coordinates":[[117.71169,34.1556823],[117.7113524,34.1553507],[117.7093373,34.153487],[117.7080203,34.1516411],[117.7079125,34.1512844],[117.708487,34.1485678],[117.7094868,34.1441584],[117.7097786,34.1441846]]}},{"type":"Feature","id":"way/1005018416","properties":{"osm_id":1005018416,"name":"八李线","highway":"primary","ref":"S271"},"geometry":{"type":"LineString","coordinates":[[117.71169,34.1556823],[117.7116582,34.1553893],[117.7114973,34.1543061],[117.7112934,34.153294],[117.7109072,34.1519267],[117.7104995,34.1506126],[117.7101347,34.1491565],[117.7098987,34.1478868],[117.7097699,34.1467058],[117.709727,34.1455426],[117.7097786,34.1441846]]}},{"type":"Feature","id":"way/1005018417","properties":{"osm_id":1005018417,"highway":"secondary","ref":"X309"},"geometry":{"type":"LineString","coordinates":[[117.6389227,34.1385336],[117.6392737,34.1385096],[117.6398286,34.1385389],[117.6400896,34.1385251],[117.6412762,34.1382235],[117.6421771,34.1380096],[117.64296,34.1377956],[117.6445332,34.1373612],[117.6446056,34.1373412],[117.6478423,34.1364475],[117.6491627,34.1361052],[117.6495443,34.1360827],[117.6530261,34.1365304],[117.6550389,34.1368172],[117.6551887,34.1368531],[117.6557402,34.1370906],[117.6578109,34.1379341],[117.6593505,34.1383711],[117.6612012,34.1389101],[117.6615767,34.139062],[117.6624835,34.1395088],[117.662886,34.1396671],[117.6634356,34.1398187],[117.6649305,34.1401533]]}},{"type":"Feature","id":"way/1005018418","properties":{"osm_id":1005018418,"highway":"secondary","ref":"X309"},"geometry":{"type":"LineString","coordinates":[[117.6649305,34.1401533],[117.6651434,34.1401546]]}},{"type":"Feature","id":"way/1005018421","properties":{"osm_id":1005018421,"name":"八李线","highway":"primary","ref":"S271"},"geometry":{"type":"LineString","coordinates":[[117.7080359,34.22],[117.7080909,34.2194818],[117.7081016,34.2183285],[117.7081445,34.2167316],[117.7083054,34.2143007],[117.7083162,34.2132537],[117.708284,34.211985],[117.7081874,34.2106275],[117.708178,34.2103609],[117.7081123,34.208507],[117.7081445,34.2063952],[117.7082196,34.2044787],[117.708247,34.2026188],[117.7082518,34.2022958],[117.7082303,34.1989949],[117.7082303,34.1963505]]}},{"type":"Feature","id":"way/1005018422","properties":{"osm_id":1005018422,"name":"八李线","highway":"primary","ref":"S271"},"geometry":{"type":"LineString","coordinates":[[117.7082303,34.195188],[117.7082089,34.1940965],[117.7081767,34.1931735],[117.7080372,34.1921263],[117.7078763,34.1909549],[117.7077797,34.1899876],[117.7077368,34.1890114],[117.7077368,34.1884767],[117.7077368,34.18634],[117.7077242,34.1840924],[117.7077236,34.1839946],[117.7077153,34.1825148],[117.7076861,34.1809061],[117.7076617,34.1759467],[117.7076724,34.1740738],[117.707769,34.1728311],[117.7079728,34.1715085],[117.7082303,34.1703102],[117.7087346,34.1686591],[117.7093783,34.1670523],[117.7102259,34.1652148],[117.7109662,34.1631552],[117.7113846,34.1616904],[117.7115563,34.1605185],[117.7117118,34.1595486],[117.7117977,34.1581104],[117.7117869,34.1570362],[117.71169,34.1556823]]}},{"type":"Feature","id":"way/1005018423","properties":{"osm_id":1005018423,"name":"八李线","highway":"primary","ref":"S271"},"geometry":{"type":"LineString","coordinates":[[117.7082303,34.1963505],[117.7082303,34.195188]]}},{"type":"Feature","id":"way/1005018425","properties":{"osm_id":1005018425,"name":"八李线","highway":"primary","ref":"S271"},"geometry":{"type":"LineString","coordinates":[[117.7383097,34.0555807],[117.7383743,34.0550038]]}},{"type":"Feature","id":"way/1005018426","properties":{"osm_id":1005018426,"name":"燕徐线","highway":"primary","ref":"S324"},"geometry":{"type":"LineString","coordinates":[[117.7383097,34.0555807],[117.7419696,34.054376],[117.7452545,34.0529748],[117.7474824,34.0520586],[117.748702,34.0516544],[117.7495151,34.0514388],[117.750686,34.0512637],[117.7519869,34.0512098],[117.7530114,34.051331],[117.7542311,34.0515466],[117.7554507,34.0519643],[117.7564589,34.0523685],[117.7633227,34.0554555],[117.7647874,34.0561614],[117.7662203,34.0569113],[117.7673082,34.0575698]]}},{"type":"Feature","id":"way/1005018434","properties":{"osm_id":1005018434,"name":"板徐线","highway":"primary","ref":"S344"},"geometry":{"type":"LineString","coordinates":[[117.672455,34.1890202],[117.6764553,34.1882123],[117.6830444,34.1868858],[117.6871911,34.186056],[117.6902703,34.1854392],[117.6924053,34.1850309],[117.694138,34.1847469],[117.6965252,34.1844452],[117.6987782,34.1842366],[117.7001515,34.1841479],[117.7019432,34.1840746],[117.7053443,34.1840214],[117.7077236,34.1839946],[117.708559,34.1839669],[117.7098556,34.1839658],[117.7105852,34.1839559],[117.7116528,34.1839415],[117.7143592,34.1838849],[117.7163708,34.1837607],[117.7174652,34.1836675],[117.7189618,34.1834988],[117.7206624,34.1832503],[117.7214134,34.1831216],[117.7227223,34.1828643],[117.7238917,34.1826157],[117.7282047,34.1816838],[117.7298999,34.1813377],[117.7313054,34.1811158],[117.7330864,34.1808761],[117.7346689,34.1807208],[117.7359134,34.1806232],[117.7372706,34.1805611],[117.7386063,34.18053],[117.7400226,34.1805389],[117.7416265,34.1805877],[117.7430427,34.1806809],[117.7443946,34.180794],[117.7462882,34.1810359],[117.7477259,34.1812511],[117.7489436,34.181473],[117.7502632,34.1817348],[117.751473,34.1820219],[117.7517223,34.182081],[117.7568591,34.183404],[117.7572531,34.1835055],[117.7581114,34.1837229],[117.7588946,34.1839448],[117.7610172,34.1844929],[117.7618504,34.1847081],[117.7653748,34.1856178],[117.7673435,34.1861104],[117.7684325,34.1863633],[117.770235,34.1867228],[117.7715975,34.1869358],[117.7732015,34.1871621],[117.7746338,34.1873085],[117.7758139,34.1873928],[117.7769619,34.1874505],[117.807966,34.1874599],[117.8119679,34.1876418],[117.8151114,34.1878903],[117.8166778,34.1880945],[117.8185661,34.1883607],[117.8229113,34.1891328],[117.8235625,34.1892587],[117.8275037,34.1900203],[117.8346694,34.1914052],[117.8424026,34.1928997],[117.8499587,34.1943599],[117.8511412,34.194596]]}},{"type":"Feature","id":"way/1005018435","properties":{"osm_id":1005018435,"name":"板徐线","highway":"primary","ref":"S344"},"geometry":{"type":"LineString","coordinates":[[117.8511067,34.1947326],[117.8498943,34.1944664],[117.8424101,34.1930159],[117.8346897,34.1915195],[117.8274965,34.1901253],[117.8228791,34.1892304],[117.8185554,34.1884672],[117.8166242,34.1881921],[117.8150578,34.1880146],[117.8119572,34.1877572],[117.807966,34.1875886],[117.7770989,34.1875961],[117.7758139,34.1875259],[117.7746177,34.187415],[117.7731747,34.1872597],[117.7715707,34.1870378],[117.7702081,34.1868159],[117.7684111,34.1864654],[117.7672684,34.1862036],[117.7653641,34.1857154],[117.7618128,34.1847969],[117.7610199,34.1845924],[117.7588195,34.1840247],[117.7572048,34.1836253],[117.7568685,34.1835388],[117.7558422,34.1832747],[117.7548927,34.1830129],[117.7532673,34.1825913],[117.7516794,34.1822008],[117.7514692,34.1821528],[117.7503973,34.1819079],[117.7496034,34.1817082],[117.7489328,34.1815707],[117.7477044,34.1813532],[117.7462775,34.1811291],[117.7443087,34.1808895],[117.7430266,34.1807829],[117.7416211,34.1806986],[117.7400172,34.1806365],[117.7385956,34.1806276],[117.737276,34.1806631],[117.735908,34.1807297],[117.7347118,34.180814],[117.7330971,34.1809826],[117.7313376,34.181209],[117.7299374,34.1814397],[117.7282423,34.181777],[117.72394,34.1827089],[117.7227384,34.1829619],[117.7214348,34.1832193],[117.7206677,34.183348],[117.7189458,34.1835965],[117.7174813,34.1837651],[117.7163816,34.1838672],[117.7143431,34.183987],[117.7116636,34.1840391],[117.7106014,34.1840599],[117.709872,34.1840681],[117.7077242,34.1840924],[117.7064815,34.184119],[117.7053496,34.184119],[117.7019486,34.1841723],[117.7001515,34.1842455],[117.6987568,34.1843342],[117.6965466,34.1845384],[117.6941702,34.1848357],[117.6924321,34.1851286],[117.6903024,34.1855324],[117.687234,34.1861492],[117.6830605,34.1869879],[117.6764232,34.1883284],[117.6725806,34.1890963]]}},{"type":"Feature","id":"way/1005018437","properties":{"osm_id":1005018437,"name":"板徐线","highway":"primary","ref":"S344"},"geometry":{"type":"LineString","coordinates":[[117.6715163,34.1893131],[117.6683834,34.1899432],[117.6598379,34.1916693]]}},{"type":"Feature","id":"way/1005018438","properties":{"osm_id":1005018438,"name":"板徐线","highway":"primary","ref":"S344"},"geometry":{"type":"LineString","coordinates":[[117.6725806,34.1890963],[117.6715163,34.1893131]]}},{"type":"Feature","id":"way/1005018439","properties":{"osm_id":1005018439,"name":"板徐线","highway":"primary","ref":"S344"},"geometry":{"type":"LineString","coordinates":[[117.6598218,34.1915628],[117.6683834,34.1898412],[117.671378,34.1892332]]}},{"type":"Feature","id":"way/1005018440","properties":{"osm_id":1005018440,"name":"板徐线","highway":"primary","ref":"S344"},"geometry":{"type":"LineString","coordinates":[[117.671378,34.1892332],[117.672455,34.1890202]]}},{"type":"Feature","id":"way/1005018441","properties":{"osm_id":1005018441,"name":"板徐线","highway":"primary","ref":"S344"},"geometry":{"type":"LineString","coordinates":[[117.6598379,34.1916693],[117.6596582,34.1917037],[117.6596636,34.1915928],[117.6598218,34.1915628]]}},{"type":"Feature","id":"way/1005086943","properties":{"osm_id":1005086943,"name":"八李线","highway":"primary","ref":"S271"},"geometry":{"type":"LineString","coordinates":[[117.7384616,34.0541011],[117.738525,34.0528463],[117.7390223,34.0432199],[117.7391258,34.0413963],[117.7394656,34.0349237],[117.7395122,34.0335451],[117.7395206,34.0332961]]}},{"type":"Feature","id":"way/1005086944","properties":{"osm_id":1005086944,"name":"八李线","highway":"primary","ref":"S271"},"geometry":{"type":"LineString","coordinates":[[117.7395206,34.0332961],[117.7395261,34.0331255]]}},{"type":"Feature","id":"way/1005087493","properties":{"osm_id":1005087493,"name":"枣睢线","highway":"primary","ref":"S251"},"geometry":{"type":"LineString","coordinates":[[117.8646788,34.135478],[117.8649609,34.1348864],[117.8653631,34.1338433],[117.8688622,34.1247691],[117.8692234,34.1238322],[117.869281,34.1236906],[117.8712084,34.1189479],[117.8713078,34.1187032],[117.8714622,34.1180186],[117.8717528,34.1170403],[117.8719401,34.1156351],[117.8715032,34.1117816],[117.8712472,34.1095232],[117.8710267,34.1075786],[117.870207,34.0991708],[117.8701134,34.0955407],[117.8701947,34.0937783]]}},{"type":"Feature","id":"way/1005087494","properties":{"osm_id":1005087494,"name":"枣睢线","highway":"primary","ref":"S251"},"geometry":{"type":"LineString","coordinates":[[117.8701947,34.0937783],[117.8702118,34.0934094]]}},{"type":"Feature","id":"way/1005087495","properties":{"osm_id":1005087495,"name":"枣睢线","highway":"primary","ref":"S251"},"geometry":{"type":"LineString","coordinates":[[117.8702648,34.0937806],[117.8701835,34.0955412],[117.870277,34.0991679],[117.8710965,34.1075736],[117.8713161,34.1095105],[117.8715722,34.1117693],[117.8720105,34.1156356],[117.871822,34.1170498],[117.8715411,34.1179923],[117.8713754,34.1187188],[117.8712841,34.1189436],[117.8704028,34.1211123],[117.8693483,34.1237069],[117.86929,34.1238503],[117.8689381,34.1247631],[117.8654313,34.1338571],[117.8650269,34.1349059],[117.8647405,34.1355064]]}},{"type":"Feature","id":"way/1005087496","properties":{"osm_id":1005087496,"name":"枣睢线","highway":"primary","ref":"S251"},"geometry":{"type":"LineString","coordinates":[[117.8702814,34.0934207],[117.8702648,34.0937806]]}},{"type":"Feature","id":"way/1005087824","properties":{"osm_id":1005087824,"name":"燕徐线","highway":"primary","ref":"S324"},"geometry":{"type":"LineString","coordinates":[[117.8800437,34.0943302],[117.8823421,34.0952165],[117.8838545,34.0957956],[117.8854806,34.0962938],[117.8872044,34.096819],[117.8888461,34.0973159],[117.8901641,34.0977212],[117.8915626,34.0983272],[117.8929448,34.0991217],[117.8943271,34.0999566],[117.8953679,34.1004683],[117.896929,34.1008723],[117.8982462,34.1009531],[117.8996285,34.1008453],[117.9005717,34.1006164],[117.9018889,34.1001182],[117.9030109,34.0995661],[117.905499,34.098004],[117.9068,34.0970749],[117.9081009,34.0959168],[117.909288,34.0946778],[117.911955,34.0919575],[117.9141503,34.0900317],[117.9160692,34.088658],[117.9179068,34.0873921],[117.919533,34.0864358],[117.9234033,34.0841058],[117.9257776,34.0825031],[117.9280217,34.080604],[117.9294853,34.0792302],[117.9306772,34.0779854],[117.9316366,34.0768001],[117.9329863,34.0748335],[117.9339295,34.0733384],[117.9348389,34.0718212],[117.9350841,34.0714121],[117.9375071,34.0674248],[117.9397513,34.0632487],[117.943459,34.0562162],[117.9441257,34.0546668],[117.9447762,34.0534812],[117.945508,34.0527132],[117.9461747,34.0520665],[117.9471017,34.0513928],[117.9481261,34.0508269],[117.9491832,34.0504362],[117.9506467,34.0500589],[117.9572514,34.0489005],[117.9576598,34.0488314]]}},{"type":"Feature","id":"way/1005087825","properties":{"osm_id":1005087825,"name":"燕徐线","highway":"primary","ref":"S324"},"geometry":{"type":"LineString","coordinates":[[117.8795507,34.0941401],[117.8800437,34.0943302]]}},{"type":"Feature","id":"way/1007026701","properties":{"osm_id":1007026701,"name":"通湖大道","highway":"primary"},"geometry":{"type":"LineString","coordinates":[[118.2360699,33.9987586],[118.2366714,33.999672]]}},{"type":"Feature","id":"way/1007026702","properties":{"osm_id":1007026702,"name":"通湖大道","highway":"primary"},"geometry":{"type":"LineString","coordinates":[[118.2366714,33.999672],[118.236914,34.0000408],[118.2370667,34.0002651],[118.2371199,34.0003354],[118.2372287,34.0004489],[118.2372705,34.0004908],[118.2373275,34.0005284],[118.237425,34.0005785],[118.2375267,34.0006166],[118.2375906,34.0006359],[118.2377833,34.0007063]]}},{"type":"Feature","id":"way/1007026703","properties":{"osm_id":1007026703,"name":"通湖大道","highway":"primary"},"geometry":{"type":"LineString","coordinates":[[118.2377833,34.0007063],[118.2375019,34.000624],[118.237373,34.000588],[118.2372886,34.0005497],[118.237241,34.0005206],[118.2372036,34.0004915],[118.2371167,34.000412],[118.2369913,34.0002916],[118.2369641,34.0002672],[118.2368854,34.0001936],[118.2367749,34.0000697],[118.2364305,33.9995373]]}},{"type":"Feature","id":"way/1007026706","properties":{"osm_id":1007026706,"name":"通湖大道","highway":"primary"},"geometry":{"type":"LineString","coordinates":[[118.2364305,33.9995373],[118.2359538,33.9987978]]}},{"type":"Feature","id":"way/1009302616","properties":{"osm_id":1009302616,"name":"同济大街","highway":"tertiary"},"geometry":{"type":"LineString","coordinates":[[118.1472517,33.9818007],[118.1483327,33.9815454],[118.1485416,33.9814961],[118.1486802,33.9814654],[118.1489847,33.9814006],[118.1510108,33.980942],[118.152231,33.9806637],[118.1528936,33.9805106],[118.1542848,33.9801987]]}},{"type":"Feature","id":"way/1009302617","properties":{"osm_id":1009302617,"name":"胡园路","highway":"tertiary"},"geometry":{"type":"LineString","coordinates":[[118.1572498,33.9794899],[118.1573417,33.9797067]]}},{"type":"Feature","id":"way/1009302618","properties":{"osm_id":1009302618,"name":"义勇街","highway":"tertiary"},"geometry":{"type":"LineString","coordinates":[[118.1523018,33.9773434],[118.1524454,33.978249]]}},{"type":"Feature","id":"way/1009302619","properties":{"osm_id":1009302619,"name":"永盛街","highway":"residential"},"geometry":{"type":"LineString","coordinates":[[118.154024,33.9791661],[118.1541506,33.9796672],[118.1542848,33.9801987]]}},{"type":"Feature","id":"way/1009302620","properties":{"osm_id":1009302620,"name":"同济大街","highway":"tertiary"},"geometry":{"type":"LineString","coordinates":[[118.1542848,33.9801987],[118.1561975,33.9797415],[118.1572498,33.9794899]]}},{"type":"Feature","id":"way/1009302621","properties":{"osm_id":1009302621,"name":"永顺路","highway":"unclassified"},"geometry":{"type":"LineString","coordinates":[[118.1568811,33.9785602],[118.1582132,33.978039],[118.1582852,33.9780109],[118.1586106,33.9778759],[118.1589434,33.9777379],[118.1594086,33.9775479],[118.1616765,33.9766217],[118.1628847,33.9761283],[118.1634819,33.9758844],[118.1636669,33.9758089],[118.1648255,33.9753357],[118.1650857,33.975226],[118.1661914,33.9747599],[118.1669816,33.9744283],[118.1671975,33.9743358],[118.1678886,33.9740445]]}},{"type":"Feature","id":"way/1009302622","properties":{"osm_id":1009302622,"name":"关公庙路","highway":"unclassified"},"geometry":{"type":"LineString","coordinates":[[118.1669444,33.9724944],[118.1675211,33.9734617],[118.1676451,33.9736583],[118.1678886,33.9740445]]}},{"type":"Feature","id":"way/1009302624","properties":{"osm_id":1009302624,"name":"关公庙路","highway":"unclassified"},"geometry":{"type":"LineString","coordinates":[[118.1678886,33.9740445],[118.1682313,33.9746174],[118.1686403,33.9753008],[118.1687496,33.9754836],[118.1690661,33.9760085]]}},{"type":"Feature","id":"way/1010219832","properties":{"osm_id":1010219832,"name":"皂井线","highway":"tertiary"},"geometry":{"type":"LineString","coordinates":[[118.2226618,33.9983878],[118.2199685,33.9989298],[118.2196492,33.9989792],[118.2193187,33.9989934],[118.2186289,33.9989655],[118.21672,33.9987854],[118.2162846,33.9987602],[118.2161355,33.9987396],[118.21597,33.9986952],[118.2157498,33.998603],[118.215607,33.9985165],[118.2154396,33.9983992],[118.2152732,33.9982397],[118.2151609,33.9980984],[118.2150556,33.9979263],[118.214976,33.9978232],[118.2148923,33.9977644],[118.2146549,33.9976678],[118.214401,33.9975781]]}},{"type":"Feature","id":"way/1012349827","properties":{"osm_id":1012349827,"highway":"secondary"},"geometry":{"type":"MultiLineString","coordinates":[[[117.8480999,34.2181769],[117.8480338,34.2181467],[117.8477172,34.2181085],[117.8466827,34.2179783],[117.8414828,34.2185878],[117.837982,34.2190129],[117.8334697,34.219565],[117.8298471,34.22]],[[117.8289501,34.22],[117.8068011,34.2188252],[117.7875352,34.2176755],[117.7860814,34.2176267],[117.7854431,34.2175823],[117.7849495,34.2174137],[117.7846217,34.2172376],[117.7796082,34.214491],[117.7736751,34.2113119],[117.7729762,34.2110436],[117.7722359,34.2109327],[117.7713937,34.2109948],[117.7651119,34.2114739],[117.7581704,34.2119086],[117.7573437,34.21187],[117.7572183,34.2118679]]]}},{"type":"Feature","id":"way/1012507791","properties":{"osm_id":1012507791,"highway":"secondary"},"geometry":{"type":"LineString","coordinates":[[117.7572183,34.2118679],[117.7567353,34.2118596]]}},{"type":"Feature","id":"way/1012507792","properties":{"osm_id":1012507792,"highway":"secondary"},"geometry":{"type":"LineString","coordinates":[[117.7567353,34.2118596],[117.7564913,34.2118554],[117.7562499,34.2116957],[117.7556652,34.2110968],[117.7549303,34.2106443],[117.7542934,34.2104512],[117.7526879,34.2102495],[117.7502096,34.2099833],[117.7483535,34.2098946],[117.7448988,34.2098502],[117.7405268,34.2097792],[117.7391589,34.209797],[117.73498,34.2099389],[117.7189448,34.2105146],[117.7132702,34.2106931],[117.7125782,34.2107109],[117.711972,34.2106399],[117.708178,34.2103609]]}},{"type":"Feature","id":"way/1012514388","properties":{"osm_id":1012514388,"highway":"secondary","ref":"X209"},"geometry":{"type":"LineString","coordinates":[[117.7118435,34.1915641],[117.7117558,34.1912627]]}},{"type":"Feature","id":"way/1012514389","properties":{"osm_id":1012514389,"highway":"secondary","ref":"X209"},"geometry":{"type":"LineString","coordinates":[[117.7117558,34.1912627],[117.711692,34.1910434],[117.7112522,34.1883369],[117.7077368,34.1884767]]}},{"type":"Feature","id":"way/1012514395","properties":{"osm_id":1012514395,"highway":"secondary"},"geometry":{"type":"LineString","coordinates":[[117.711972,34.2106399],[117.7121705,34.2075877],[117.712326,34.2053251],[117.7125378,34.2028426],[117.7125728,34.2024324],[117.7126372,34.2007332],[117.7125084,34.199513],[117.7123869,34.1975604]]}},{"type":"Feature","id":"way/1012528615","properties":{"osm_id":1012528615,"name":"板徐线","highway":"primary","ref":"S344"},"geometry":{"type":"LineString","coordinates":[[117.92804,34.2041272],[117.9199397,34.2024324]]}},{"type":"Feature","id":"way/1012528616","properties":{"osm_id":1012528616,"name":"板徐线","highway":"primary","ref":"S344"},"geometry":{"type":"LineString","coordinates":[[117.9621216,34.2038036],[117.9591966,34.2040474],[117.951386,34.20442],[117.9428458,34.2047661],[117.9393697,34.2049435],[117.9362905,34.2049879],[117.932986,34.2048104],[117.9304615,34.2045384]]}},{"type":"Feature","id":"way/1012528617","properties":{"osm_id":1012528617,"name":"板徐线","highway":"primary","ref":"S344"},"geometry":{"type":"LineString","coordinates":[[117.9304581,34.2043883],[117.9304969,34.2043934],[117.9329753,34.2046596],[117.9362798,34.2048371],[117.9393268,34.2047927],[117.9428029,34.2046507],[117.9513323,34.2042692],[117.9591644,34.2039143],[117.9620927,34.2036806]]}},{"type":"Feature","id":"way/1012528618","properties":{"osm_id":1012528618,"name":"板徐线","highway":"primary","ref":"S344"},"geometry":{"type":"LineString","coordinates":[[117.9199934,34.2023082],[117.9281151,34.2040207]]}},{"type":"Feature","id":"way/1013717612","properties":{"osm_id":1013717612,"name":"魏井路/里海路","highway":"tertiary"},"geometry":{"type":"LineString","coordinates":[[118.24,33.941945],[118.2399515,33.941943],[118.2395861,33.9419274]]}},{"type":"Feature","id":"way/1014607198","properties":{"osm_id":1014607198,"name":"广州路","highway":"unclassified"},"geometry":{"type":"LineString","coordinates":[[118.2157182,33.7739861],[118.2157136,33.7739169],[118.2157096,33.7738552],[118.2155856,33.770203],[118.2155837,33.7701466]]}},{"type":"Feature","id":"way/1014607214","properties":{"osm_id":1014607214,"name":"南山路","highway":"unclassified"},"geometry":{"type":"LineString","coordinates":[[118.24,33.8064414],[118.2396614,33.8064057],[118.2370188,33.8061271]]}},{"type":"Feature","id":"way/1014607220","properties":{"osm_id":1014607220,"name":"常州路","highway":"unclassified"},"geometry":{"type":"LineString","coordinates":[[118.2070839,33.7656108],[118.20718,33.768658],[118.2072068,33.770077],[118.2072711,33.7720183],[118.207305,33.7730431]]}},{"type":"Feature","id":"way/1014607260","properties":{"osm_id":1014607260,"name":"中山路","highway":"secondary"},"geometry":{"type":"LineString","coordinates":[[118.2373603,33.8099875],[118.2362083,33.8102145],[118.2357146,33.8103118],[118.2354089,33.810372],[118.2350971,33.8103644],[118.2347052,33.8103549],[118.2345555,33.8103513],[118.2340629,33.8103394],[118.2335743,33.8103275],[118.2335012,33.8103286],[118.2328251,33.8103384],[118.2324176,33.8103443],[118.2323512,33.8103453],[118.2322558,33.8103492]]}},{"type":"Feature","id":"way/1014607261","properties":{"osm_id":1014607261,"highway":"secondary"},"geometry":{"type":"LineString","coordinates":[[118.2318533,33.8103658],[118.2316113,33.8103709]]}},{"type":"Feature","id":"way/1014607262","properties":{"osm_id":1014607262,"highway":"secondary"},"geometry":{"type":"LineString","coordinates":[[118.2321854,33.8103521],[118.2318533,33.8103658]]}},{"type":"Feature","id":"way/1014607263","properties":{"osm_id":1014607263,"highway":"secondary"},"geometry":{"type":"LineString","coordinates":[[118.2322558,33.8103492],[118.2321854,33.8103521]]}},{"type":"Feature","id":"way/1014607270","properties":{"osm_id":1014607270,"name":"龙潭西路","highway":"unclassified"},"geometry":{"type":"LineString","coordinates":[[118.2318714,33.816378],[118.2304749,33.8164159],[118.2294903,33.816446],[118.2272474,33.8164999],[118.2265041,33.8165177]]}},{"type":"Feature","id":"way/1014607294","properties":{"osm_id":1014607294,"name":"耿龙路","highway":"tertiary","ref":"Y165"},"geometry":{"type":"LineString","coordinates":[[118.2334734,33.8569342],[118.2332165,33.8569429]]}},{"type":"Feature","id":"way/1014607295","properties":{"osm_id":1014607295,"name":"耿龙路","highway":"tertiary","ref":"Y165"},"geometry":{"type":"LineString","coordinates":[[118.2332165,33.8569429],[118.2330316,33.8569419]]}},{"type":"Feature","id":"way/1015053068","properties":{"osm_id":1015053068,"highway":"secondary"},"geometry":{"type":"LineString","coordinates":[[118.0907806,33.9987655],[118.0901929,33.9989185]]}},{"type":"Feature","id":"way/1022426590","properties":{"osm_id":1022426590,"highway":"secondary"},"geometry":{"type":"LineString","coordinates":[[117.6564052,33.8072503],[117.6589211,33.8079732],[117.65946,33.808132],[117.660807,33.80854],[117.6611134,33.8086295],[117.662234,33.808957],[117.664579,33.809912],[117.6677741,33.8113161],[117.676494,33.815148],[117.67805,33.815835],[117.678938,33.816273],[117.679936,33.816761],[117.6807048,33.8172531],[117.680964,33.817419],[117.6822544,33.8183084],[117.683249,33.818994],[117.683888,33.819343],[117.684387,33.819642],[117.684746,33.819891],[117.684766,33.819901],[117.685165,33.820231],[117.685415,33.82047],[117.685784,33.820919],[117.686044,33.821219],[117.686263,33.821448],[117.686463,33.821668],[117.686652,33.821877],[117.686842,33.822087],[117.687161,33.822386],[117.687351,33.822546],[117.68769,33.822765],[117.68796,33.822915],[117.688259,33.823074],[117.688489,33.823184],[117.688868,33.823323],[117.689157,33.823413],[117.689397,33.823502],[117.690375,33.82376],[117.690624,33.82384],[117.690834,33.823899],[117.691453,33.824078],[117.69292,33.824476],[117.69324,33.824565],[117.693888,33.824754],[117.695735,33.825231],[117.6977033,33.82578],[117.6979529,33.8260688]]}},{"type":"Feature","id":"way/1022426591","properties":{"osm_id":1022426591,"highway":"secondary"},"geometry":{"type":"LineString","coordinates":[[117.656096,33.8071808],[117.6564052,33.8072503]]}},{"type":"Feature","id":"way/1022426673","properties":{"osm_id":1022426673,"name":"徐明高速","highway":"motorway","ref":"S07"},"geometry":{"type":"LineString","coordinates":[[117.6640425,33.7832607],[117.6638818,33.7846026]]}},{"type":"Feature","id":"way/1022426674","properties":{"osm_id":1022426674,"name":"徐明高速","highway":"motorway","ref":"S07"},"geometry":{"type":"LineString","coordinates":[[117.6687121,33.765604],[117.6686225,33.7659191],[117.6682882,33.7670288],[117.6679096,33.7681824],[117.6673653,33.7697827],[117.6669189,33.7710735],[117.6665106,33.772257],[117.6663049,33.7728422],[117.6659698,33.7738693],[117.6657066,33.7747347],[117.6654403,33.7756847],[117.6652279,33.776514],[117.664999,33.7774752],[117.6648489,33.778161],[117.6646874,33.7789654],[117.6645303,33.7798238],[117.6644129,33.7805306],[117.6642922,33.7813427],[117.6641594,33.7823738],[117.6640425,33.7832607]]}},{"type":"Feature","id":"way/1022426675","properties":{"osm_id":1022426675,"name":"徐明高速","highway":"motorway","ref":"S07"},"geometry":{"type":"LineString","coordinates":[[117.6639295,33.7833313],[117.6640465,33.7823766],[117.6642051,33.781195],[117.6644543,33.7796121],[117.6647947,33.7779034],[117.6650712,33.7766817],[117.6654072,33.7753933],[117.6656422,33.7745671],[117.6662624,33.7726374],[117.6668167,33.7710301],[117.6672637,33.7697475],[117.667708,33.7684356],[117.6680169,33.7675335],[117.6683003,33.7666096],[117.6685954,33.7656127]]}},{"type":"Feature","id":"way/1022426676","properties":{"osm_id":1022426676,"name":"徐明高速","highway":"motorway","ref":"S07"},"geometry":{"type":"LineString","coordinates":[[117.6637578,33.784681],[117.6639295,33.7833313]]}},{"type":"Feature","id":"way/1022426681","properties":{"osm_id":1022426681,"name":"大刘路","highway":"primary","ref":"S303"},"geometry":{"type":"LineString","coordinates":[[117.6914119,33.7642267],[117.6921367,33.7640293],[117.69354,33.763696],[117.6936222,33.7636765],[117.7002926,33.762092],[117.7012253,33.7619209],[117.7026449,33.7616605],[117.7045379,33.7614836],[117.7072801,33.7612848],[117.7099475,33.7610914],[117.7135136,33.7608582],[117.7158676,33.7607522],[117.7171633,33.7608109],[117.7188035,33.7609597],[117.72446,33.7615627],[117.7295897,33.7621095],[117.7302209,33.7622118],[117.7308046,33.7623872],[117.7339968,33.7635664],[117.734331,33.7636424],[117.7349308,33.76369],[117.735323,33.7637212],[117.7378024,33.7636895]]}},{"type":"Feature","id":"way/1022426682","properties":{"osm_id":1022426682,"name":"大刘路","highway":"primary","ref":"S303"},"geometry":{"type":"LineString","coordinates":[[117.6910347,33.7643004],[117.6914119,33.7642267]]}},{"type":"Feature","id":"way/1022426683","properties":{"osm_id":1022426683,"highway":"secondary"},"geometry":{"type":"LineString","coordinates":[[117.6920043,33.7565616],[117.6925072,33.7569675],[117.6933543,33.7575762],[117.6939629,33.7577937]]}},{"type":"Feature","id":"way/1022426684","properties":{"osm_id":1022426684,"highway":"secondary"},"geometry":{"type":"LineString","coordinates":[[117.6918204,33.7564132],[117.6920043,33.7565616]]}},{"type":"Feature","id":"way/1022426687","properties":{"osm_id":1022426687,"highway":"secondary"},"geometry":{"type":"LineString","coordinates":[[117.6943555,33.757934],[117.6945523,33.7580093],[117.6953104,33.7583325],[117.6961322,33.7589526],[117.6986327,33.7608395],[117.7002926,33.762092]]}},{"type":"Feature","id":"way/1022426688","properties":{"osm_id":1022426688,"highway":"secondary"},"geometry":{"type":"LineString","coordinates":[[117.6939629,33.7577937],[117.6943555,33.757934]]}},{"type":"Feature","id":"way/1022426718","properties":{"osm_id":1022426718,"highway":"secondary"},"geometry":{"type":"LineString","coordinates":[[117.669345,33.7591611],[117.6686972,33.7591516],[117.6683861,33.7592363],[117.6680803,33.7594905],[117.667678,33.7600391],[117.66721,33.7608116],[117.6613614,33.7656579],[117.6602641,33.7666768]]}},{"type":"Feature","id":"way/1022426719","properties":{"osm_id":1022426719,"highway":"secondary"},"geometry":{"type":"LineString","coordinates":[[117.6707467,33.7593131],[117.669345,33.7591611]]}},{"type":"Feature","id":"way/1022426742","properties":{"osm_id":1022426742,"name":"朝凤路","highway":"primary","ref":"S223;S304"},"geometry":{"type":"LineString","coordinates":[[117.6073097,33.6886854],[117.6071126,33.6886394],[117.6066716,33.6885367],[117.6058835,33.6883022],[117.6041175,33.687712],[117.6040115,33.6876758],[117.6018897,33.6869517],[117.6002488,33.6862167],[117.599305,33.685794],[117.5967588,33.6846511],[117.594134,33.683865],[117.594014,33.683825],[117.5919377,33.6832941],[117.591099,33.6830745],[117.589246,33.6826057],[117.5873414,33.682109],[117.5868465,33.6819558],[117.5866465,33.6818658],[117.5862965,33.6816958],[117.5860865,33.6815758],[117.5857443,33.6813392],[117.5854387,33.6811003]]}},{"type":"Feature","id":"way/1022426743","properties":{"osm_id":1022426743,"name":"朝凤路","highway":"primary","ref":"S223;S304"},"geometry":{"type":"LineString","coordinates":[[117.6091087,33.6890581],[117.6073097,33.6886854]]}},{"type":"Feature","id":"way/1022548098","properties":{"osm_id":1022548098,"highway":"secondary"},"geometry":{"type":"LineString","coordinates":[[117.7590957,33.8547157],[117.7587508,33.8546149]]}},{"type":"Feature","id":"way/1022624546","properties":{"osm_id":1022624546,"name":"紫金山路","highway":"tertiary"},"geometry":{"type":"LineString","coordinates":[[118.2082027,33.9391509],[118.2081936,33.9390684],[118.2079346,33.936729],[118.2078597,33.9360616],[118.2078573,33.9356426],[118.2078649,33.9353574],[118.2079855,33.9332821]]}},{"type":"Feature","id":"way/1022624547","properties":{"osm_id":1022624547,"name":"镜泊湖路","highway":"tertiary"},"geometry":{"type":"LineString","coordinates":[[118.189958,33.9593384],[118.1900235,33.9593291],[118.1909609,33.9592041],[118.1910522,33.9591919],[118.1918402,33.9590916],[118.1930392,33.9589391],[118.1931646,33.9589231],[118.1950714,33.9586805],[118.1953484,33.9586453],[118.1968554,33.9584535]]}},{"type":"Feature","id":"way/1022624550","properties":{"osm_id":1022624550,"name":"子胥路","highway":"tertiary"},"geometry":{"type":"LineString","coordinates":[[118.1778957,33.9659339],[118.1779457,33.9662343],[118.1781793,33.9677721]]}},{"type":"Feature","id":"way/1022624551","properties":{"osm_id":1022624551,"name":"子胥路","highway":"tertiary"},"geometry":{"type":"LineString","coordinates":[[118.1780535,33.9678245],[118.1778372,33.9662751],[118.1777797,33.9659534]]}},{"type":"Feature","id":"way/1022720891","properties":{"osm_id":1022720891,"highway":"secondary"},"geometry":{"type":"LineString","coordinates":[[117.715655,33.8994304],[117.7157557,33.8994315],[117.715977,33.899434],[117.718124,33.899431],[117.720342,33.899519],[117.7226,33.899537],[117.723589,33.899556],[117.724648,33.899575],[117.724868,33.899574],[117.725897,33.899583],[117.726047,33.899583],[117.726177,33.899603],[117.726466,33.899663],[117.728085,33.900201]]}},{"type":"Feature","id":"way/1022720892","properties":{"osm_id":1022720892,"highway":"secondary"},"geometry":{"type":"LineString","coordinates":[[117.7153427,33.8994568],[117.715655,33.8994304]]}},{"type":"Feature","id":"way/1022846353","properties":{"osm_id":1022846353,"highway":"primary"},"geometry":{"type":"LineString","coordinates":[[117.8765121,33.9116455],[117.8765498,33.9105555],[117.8766379,33.9056002],[117.876748,33.8989486],[117.8768104,33.8950111],[117.876835,33.8936441]]}},{"type":"Feature","id":"way/1022846378","properties":{"osm_id":1022846378,"name":"京岚线","highway":"trunk","ref":"G104"},"geometry":{"type":"LineString","coordinates":[[117.8955783,33.8229164],[117.8928002,33.8213038],[117.8910704,33.8203856],[117.8896593,33.8194367],[117.8889087,33.8188145],[117.888402,33.8182961],[117.887893,33.8176665],[117.8873846,33.8168328],[117.8870114,33.8160818],[117.8867285,33.8152602],[117.8865623,33.8144714],[117.8864643,33.8133802],[117.8862815,33.8096369]]}},{"type":"Feature","id":"way/1022846379","properties":{"osm_id":1022846379,"name":"京岚线","highway":"trunk","ref":"G104"},"geometry":{"type":"LineString","coordinates":[[117.8962407,33.823288],[117.8955783,33.8229164]]}},{"type":"Feature","id":"way/1022846488","properties":{"osm_id":1022846488,"highway":"secondary"},"geometry":{"type":"LineString","coordinates":[[117.8080769,33.8675081],[117.8076518,33.8673684]]}},{"type":"Feature","id":"way/1022846489","properties":{"osm_id":1022846489,"highway":"secondary"},"geometry":{"type":"LineString","coordinates":[[117.8171372,33.8701596],[117.81567,33.869768],[117.813565,33.869125],[117.813024,33.868954],[117.8103736,33.8681167],[117.8083308,33.8675936],[117.8080769,33.8675081]]}},{"type":"Feature","id":"way/1022846523","properties":{"osm_id":1022846523,"highway":"secondary"},"geometry":{"type":"LineString","coordinates":[[117.8581817,33.8780366],[117.8568843,33.8778743],[117.8557184,33.8776978],[117.8540236,33.877427],[117.8519679,33.8770928],[117.8507649,33.8769064],[117.8480708,33.8764793],[117.8414295,33.8754005],[117.8385975,33.8749656],[117.8372958,33.8747656]]}},{"type":"Feature","id":"way/1022846524","properties":{"osm_id":1022846524,"highway":"secondary"},"geometry":{"type":"LineString","coordinates":[[117.8584029,33.8780474],[117.8581817,33.8780366]]}},{"type":"Feature","id":"way/1022846525","properties":{"osm_id":1022846525,"highway":"secondary"},"geometry":{"type":"LineString","coordinates":[[117.8175803,33.8702937],[117.8171372,33.8701596]]}},{"type":"Feature","id":"way/1022846526","properties":{"osm_id":1022846526,"highway":"secondary"},"geometry":{"type":"LineString","coordinates":[[117.8368184,33.8746892],[117.8365889,33.8746559],[117.8311742,33.8738125],[117.8305536,33.873716],[117.8290028,33.8734826],[117.827381,33.873229],[117.826128,33.872927],[117.824423,33.872414],[117.8243763,33.8724004],[117.822318,33.8718],[117.820262,33.871177],[117.8175803,33.8702937]]}},{"type":"Feature","id":"way/1022846556","properties":{"osm_id":1022846556,"highway":"primary_link"},"geometry":{"type":"LineString","coordinates":[[117.8910704,33.8203856],[117.8902325,33.819981],[117.8897564,33.8198455],[117.8895611,33.8198108],[117.8892728,33.8197793],[117.8888745,33.8197304],[117.8886412,33.8197052],[117.8884573,33.8196942]]}},{"type":"Feature","id":"way/1022846587","properties":{"osm_id":1022846587,"highway":"primary"},"geometry":{"type":"LineString","coordinates":[[117.8760231,33.8093318],[117.8759409,33.8088826],[117.8750274,33.8037706]]}},{"type":"Feature","id":"way/1022846588","properties":{"osm_id":1022846588,"highway":"primary"},"geometry":{"type":"LineString","coordinates":[[117.8760334,33.8096485],[117.8760231,33.8093318]]}},{"type":"Feature","id":"way/1022846600","properties":{"osm_id":1022846600,"name":"京岚线","highway":"trunk","ref":"G104"},"geometry":{"type":"LineString","coordinates":[[117.8792302,33.7874287],[117.8790317,33.7869373]]}},{"type":"Feature","id":"way/1022846601","properties":{"osm_id":1022846601,"name":"京岚线","highway":"trunk","ref":"G104"},"geometry":{"type":"LineString","coordinates":[[117.886252,33.809069],[117.8861604,33.8065012],[117.8861155,33.8056304],[117.885968,33.8046691],[117.8857611,33.8037133],[117.8854753,33.8028135],[117.8851657,33.8020086],[117.8814085,33.7927023],[117.8792302,33.7874287]]}},{"type":"Feature","id":"way/1022846785","properties":{"osm_id":1022846785,"name":"八李线","highway":"primary","ref":"S271"},"geometry":{"type":"LineString","coordinates":[[117.7813299,33.7785966],[117.7818453,33.7847826],[117.7818594,33.7849446],[117.7827068,33.7947061],[117.7827165,33.7947664]]}},{"type":"Feature","id":"way/1022846786","properties":{"osm_id":1022846786,"name":"八李线","highway":"primary","ref":"S271"},"geometry":{"type":"LineString","coordinates":[[117.7813172,33.7784494],[117.7813299,33.7785966]]}},{"type":"Feature","id":"way/1022846806","properties":{"osm_id":1022846806,"highway":"primary","ref":"S347"},"geometry":{"type":"LineString","coordinates":[[117.8667743,33.8041533],[117.8671474,33.8042644],[117.8681938,33.8043872],[117.8750274,33.8037706]]}},{"type":"Feature","id":"way/1022846807","properties":{"osm_id":1022846807,"highway":"primary","ref":"S347"},"geometry":{"type":"LineString","coordinates":[[117.8662835,33.8039939],[117.8665289,33.8040736],[117.8667743,33.8041533]]}},{"type":"Feature","id":"way/1023085409","properties":{"osm_id":1023085409,"name":"八李线","highway":"primary","ref":"S271"},"geometry":{"type":"LineString","coordinates":[[117.737966,33.967523],[117.738123,33.96854],[117.738343,33.96985],[117.738373,33.97003],[117.738563,33.971279],[117.738693,33.971929],[117.738933,33.973269],[117.739013,33.973818],[117.739063,33.974178],[117.739173,33.974858],[117.739232,33.975418],[117.739512,33.977637],[117.739642,33.978507],[117.739742,33.979517],[117.739812,33.980157],[117.739862,33.980547],[117.740052,33.982066],[117.740142,33.982766],[117.740361,33.9845515],[117.7404605,33.9853294],[117.7406725,33.9869228],[117.740751,33.987535],[117.740851,33.988214],[117.740951,33.988944],[117.740961,33.988994],[117.741221,33.990714],[117.741241,33.990874],[117.741261,33.990994],[117.74132,33.991454],[117.741344,33.9917226]]}},{"type":"Feature","id":"way/1023085410","properties":{"osm_id":1023085410,"name":"八李线","highway":"primary","ref":"S271"},"geometry":{"type":"LineString","coordinates":[[117.7379278,33.9672404],[117.737966,33.967523]]}},{"type":"Feature","id":"way/1023085565","properties":{"osm_id":1023085565,"name":"八李线","highway":"primary","ref":"S271"},"geometry":{"type":"LineString","coordinates":[[117.7681303,33.8861396],[117.7679089,33.8874157],[117.7676054,33.8887288],[117.7670787,33.8909208],[117.7659486,33.8969607],[117.7653684,33.9000618],[117.7652225,33.9008414],[117.7651891,33.9009328],[117.7651227,33.9010115],[117.7650658,33.9010524],[117.7650293,33.9010777],[117.7649445,33.9010949],[117.7648762,33.9011028],[117.7647377,33.9010918],[117.7622275,33.9008124],[117.7589357,33.900446],[117.7560782,33.900128],[117.7556814,33.900089]]}},{"type":"Feature","id":"way/1023085566","properties":{"osm_id":1023085566,"name":"八李线","highway":"primary","ref":"S271"},"geometry":{"type":"LineString","coordinates":[[117.7681643,33.8858386],[117.7681303,33.8861396]]}},{"type":"Feature","id":"way/1023120367","properties":{"osm_id":1023120367,"name":"龙运大道","highway":"tertiary"},"geometry":{"type":"LineString","coordinates":[[118.1135227,34.0329909],[118.1134776,34.032555],[118.1134725,34.0325054],[118.1134384,34.0321759],[118.1134345,34.0321375],[118.1133916,34.0317227],[118.113379,34.0316012]]}},{"type":"Feature","id":"way/1023127295","properties":{"osm_id":1023127295,"name":"五组中心路","highway":"residential"},"geometry":{"type":"LineString","coordinates":[[118.1443037,34.0024155],[118.1452072,34.0018967],[118.1456351,34.0016274],[118.1460485,34.0013672],[118.14621,34.0012379],[118.1462889,34.0011395],[118.1463665,34.0009766],[118.1464635,34.0007398],[118.1465928,34.0005433],[118.146914,34.0003464],[118.1481761,33.9995729]]}},{"type":"Feature","id":"way/1023225915","properties":{"osm_id":1023225915,"name":"古黄河风景南道","highway":"unclassified"},"geometry":{"type":"LineString","coordinates":[[118.1713597,34.0051921],[118.1713486,34.0054897],[118.1710922,34.0074731]]}},{"type":"Feature","id":"way/1023225916","properties":{"osm_id":1023225916,"name":"古黄河风景南道","highway":"unclassified"},"geometry":{"type":"LineString","coordinates":[[118.1713616,34.0051406],[118.1713597,34.0051921]]}},{"type":"Feature","id":"way/1023339840","properties":{"osm_id":1023339840,"highway":"secondary"},"geometry":{"type":"LineString","coordinates":[[117.8944607,33.9192227],[117.8946584,33.91918],[117.8949026,33.9191966]]}},{"type":"Feature","id":"way/1023339841","properties":{"osm_id":1023339841,"highway":"secondary"},"geometry":{"type":"LineString","coordinates":[[117.8949026,33.9191966],[117.8947382,33.9192742],[117.8945568,33.9193493]]}},{"type":"Feature","id":"way/1023479307","properties":{"osm_id":1023479307,"name":"宿黄线","highway":"secondary"},"geometry":{"type":"LineString","coordinates":[[118.0903806,33.9993821],[118.0904097,33.9994588],[118.0906544,34.0001051],[118.0907872,34.0004558],[118.0907972,34.0004823],[118.0909651,34.0008919],[118.0910892,34.0011945],[118.0912799,34.0016596],[118.0912929,34.0016906],[118.0914422,34.0020556],[118.0915325,34.0023058],[118.0916237,34.0025588],[118.0917724,34.0029709],[118.0918645,34.0032262],[118.0918868,34.003288],[118.0919368,34.0034266],[118.0919966,34.0035924],[118.0920927,34.0038817],[118.0921996,34.0042038],[118.0922081,34.0042294],[118.0923144,34.0045493],[118.0924407,34.0049296],[118.0925627,34.005297],[118.0927251,34.005786],[118.0931425,34.0070428],[118.0932562,34.0073851],[118.0936166,34.0084705],[118.0939644,34.0095177],[118.0939755,34.0095506],[118.09432,34.0105746],[118.0943387,34.0106303],[118.0944505,34.0109625],[118.0945094,34.0111376],[118.0946255,34.0114828],[118.094639,34.0115228],[118.0947372,34.0118148],[118.0948298,34.01209],[118.0949474,34.0124393],[118.0950491,34.0127416],[118.0950815,34.012838],[118.0951969,34.0131857],[118.0951988,34.0131904]]}},{"type":"Feature","id":"way/1023479308","properties":{"osm_id":1023479308,"name":"宿黄线","highway":"secondary"},"geometry":{"type":"LineString","coordinates":[[118.0951988,34.0131904],[118.0952665,34.0134319]]}},{"type":"Feature","id":"way/1029636948","properties":{"osm_id":1029636948,"name":"圆通大道","highway":"tertiary"},"geometry":{"type":"LineString","coordinates":[[117.5667424,34.0535728],[117.5657236,34.0535485],[117.5631569,34.0533776],[117.5606458,34.0532202]]}},{"type":"Feature","id":"way/1031929803","properties":{"osm_id":1031929803,"name":"民便河风景道","highway":"unclassified"},"geometry":{"type":"LineString","coordinates":[[118.2180202,33.9701527],[118.2179186,33.9701765],[118.2178347,33.9701961],[118.217158,33.9703577],[118.2165507,33.9705315],[118.2159705,33.970677],[118.2145293,33.9709501],[118.2133254,33.9711618],[118.2132886,33.9711671],[118.2122981,33.9713429],[118.2110563,33.9715958],[118.2090779,33.9720059],[118.2088231,33.9720592],[118.2086569,33.972094],[118.2085203,33.9721226],[118.2065086,33.9724509],[118.2053618,33.9726429],[118.2047523,33.9727594],[118.2045299,33.9728071],[118.2035783,33.9730115],[118.2013919,33.9735559],[118.2010632,33.9736188],[118.2009204,33.9736443],[118.2003501,33.9737195],[118.1998623,33.9738141],[118.1997924,33.9738152],[118.199734,33.9738034],[118.1994382,33.9736752],[118.1972948,33.9726128],[118.1958303,33.9718915],[118.1930395,33.9705705],[118.1928961,33.9705273],[118.1926512,33.97049],[118.1918334,33.9703744],[118.1910332,33.9702613],[118.1905661,33.9702597],[118.1901931,33.970298],[118.1900831,33.9703227]]}},{"type":"Feature","id":"way/1032747311","properties":{"osm_id":1032747311,"name":"月堤湖路","highway":"unclassified"},"geometry":{"type":"LineString","coordinates":[[118.1791331,33.9674816],[118.1792347,33.9676497],[118.1807262,33.9703123],[118.1808933,33.9706168],[118.1810495,33.9709015],[118.1811252,33.9710394],[118.1812611,33.9712969],[118.1814071,33.9715736]]}},{"type":"Feature","id":"way/1034822667","properties":{"osm_id":1034822667,"name":"宿黄线","highway":"secondary"},"geometry":{"type":"LineString","coordinates":[[118.0808217,34.0975612],[118.0807514,34.0976861],[118.0793232,34.099933],[118.0782135,34.1015903],[118.0771405,34.1032887],[118.0765717,34.1041555],[118.0752403,34.1061903],[118.0749373,34.1066534],[118.0725369,34.11018],[118.0724815,34.1102662]]}},{"type":"Feature","id":"way/1034822668","properties":{"osm_id":1034822668,"name":"宿黄线","highway":"secondary"},"geometry":{"type":"LineString","coordinates":[[118.0724815,34.1102662],[118.0724483,34.1103179]]}},{"type":"Feature","id":"way/1035247643","properties":{"osm_id":1035247643,"name":"顺驰路","highway":"unclassified"},"geometry":{"type":"LineString","coordinates":[[118.2290414,33.9349292],[118.2290594,33.9348631],[118.2290875,33.9347597],[118.2290905,33.934257],[118.229093,33.9338353],[118.2290936,33.9337294],[118.2290993,33.9327847],[118.2291036,33.9320779],[118.2291182,33.9319869],[118.2291222,33.9316365],[118.2291231,33.9315542],[118.2291279,33.9311249],[118.2291326,33.9307114],[118.2291332,33.9306521],[118.2291364,33.9303674],[118.2291406,33.93],[118.2291432,33.9297642]]}},{"type":"Feature","id":"way/1035247644","properties":{"osm_id":1035247644,"name":"迅驰路","highway":"unclassified"},"geometry":{"type":"LineString","coordinates":[[118.231887,33.9299173],[118.2318596,33.9306117],[118.2318482,33.9309001],[118.2318424,33.9310482],[118.2318401,33.9311077],[118.2318278,33.9314182],[118.231824,33.9315151],[118.231801,33.9320984],[118.2317964,33.932346],[118.2317935,33.9325042],[118.2317836,33.9330471],[118.2317771,33.9334013],[118.2317728,33.9335739],[118.2317614,33.9340406],[118.2317086,33.9346804],[118.2316866,33.9349476],[118.2315763,33.9360697],[118.2315702,33.9361315],[118.2315443,33.9361946]]}},{"type":"Feature","id":"way/1039618453","properties":{"osm_id":1039618453,"name":"朝凤路","highway":"primary","ref":"S223"},"geometry":{"type":"LineString","coordinates":[[117.5799349,33.9771934],[117.5800449,33.9752046],[117.5805545,33.9719259],[117.5812143,33.9685091],[117.5819874,33.9656032]]}},{"type":"Feature","id":"way/1040035074","properties":{"osm_id":1040035074,"name":"八李线","highway":"primary","ref":"S271"},"geometry":{"type":"LineString","coordinates":[[117.7283514,33.9021547],[117.7283978,33.9016062],[117.7284837,33.9013079],[117.7287304,33.9009072],[117.728945,33.9006534],[117.7292937,33.9004129],[117.7296478,33.9002616],[117.7299267,33.9001925],[117.7302852,33.9001243]]}},{"type":"Feature","id":"way/1040377852","properties":{"osm_id":1040377852,"highway":"secondary"},"geometry":{"type":"LineString","coordinates":[[117.7533423,34.1410071],[117.7530178,34.1424161],[117.7528006,34.1433094],[117.7520549,34.1464185],[117.7509016,34.1512842],[117.7495122,34.1572549],[117.7481711,34.162879],[117.746682,34.1693135],[117.7459717,34.172768],[117.7449471,34.1779695],[117.7443946,34.180794]]}},{"type":"Feature","id":"way/1040935400","properties":{"osm_id":1040935400,"highway":"primary"},"geometry":{"type":"LineString","coordinates":[[117.9548728,33.9169097],[117.9542603,33.9220808],[117.9538212,33.9257098],[117.9535352,33.9278039],[117.95319,33.9303318],[117.9531607,33.9305086]]}},{"type":"Feature","id":"way/1040935401","properties":{"osm_id":1040935401,"highway":"primary"},"geometry":{"type":"LineString","coordinates":[[117.952964,33.9304987],[117.9529939,33.930318],[117.9533242,33.9278995],[117.9536235,33.9257084],[117.9540448,33.9221688],[117.9546747,33.9169119]]}},{"type":"Feature","id":"way/1040935405","properties":{"osm_id":1040935405,"highway":"secondary"},"geometry":{"type":"LineString","coordinates":[[117.9789215,33.9031676],[117.9786682,33.903159],[117.9784677,33.9031758],[117.9783232,33.9032493],[117.9782236,33.9034079],[117.9752591,33.9084577],[117.9750909,33.9119975],[117.9750908,33.9120836]]}},{"type":"Feature","id":"way/1040935406","properties":{"osm_id":1040935406,"highway":"secondary"},"geometry":{"type":"LineString","coordinates":[[117.9749568,33.9120814],[117.9749574,33.9119959],[117.9750573,33.9084529],[117.9781096,33.9033295],[117.9782519,33.9031093],[117.9784338,33.9028948],[117.9785603,33.9027047],[117.978699,33.9025753]]}},{"type":"Feature","id":"way/1040935422","properties":{"osm_id":1040935422,"highway":"secondary"},"geometry":{"type":"LineString","coordinates":[[117.9692923,33.8257756],[117.9690108,33.8260392],[117.9688767,33.8262709],[117.9687828,33.8265673]]}},{"type":"Feature","id":"way/1040935423","properties":{"osm_id":1040935423,"highway":"secondary"},"geometry":{"type":"LineString","coordinates":[[117.9687828,33.8265673],[117.9687238,33.8263756],[117.9685843,33.8262798],[117.968411,33.8261979]]}},{"type":"Feature","id":"way/1040935424","properties":{"osm_id":1040935424,"highway":"secondary"},"geometry":{"type":"LineString","coordinates":[[117.9611558,33.8380617],[117.9613852,33.8376495],[117.9617473,33.8372463],[117.9622194,33.8369611],[117.9626861,33.8368141],[117.9631421,33.8367561],[117.9642683,33.8367866],[117.9662722,33.8368408],[117.9667228,33.836774],[117.9671735,33.8366024],[117.9676455,33.8363083],[117.9679674,33.8359118],[117.9681873,33.8355107],[117.9682678,33.8349359],[117.9684609,33.8327347],[117.9685038,33.8306269],[117.9687828,33.8265673]]}},{"type":"Feature","id":"way/1040935425","properties":{"osm_id":1040935425,"highway":"secondary"},"geometry":{"type":"LineString","coordinates":[[117.9619231,33.8292788],[117.9614952,33.8297084],[117.9615142,33.8307386],[117.9615462,33.832469],[117.9613884,33.8347303],[117.9611558,33.8380617]]}},{"type":"Feature","id":"way/1040935426","properties":{"osm_id":1040935426,"highway":"secondary"},"geometry":{"type":"LineString","coordinates":[[118.003698,33.8051106],[118.0036354,33.8059318],[118.0034542,33.8062962],[118.0033779,33.806406],[117.9893221,33.8162852],[117.9761804,33.822567],[117.9692923,33.8257756],[117.968411,33.8261979],[117.9637941,33.8283903],[117.9619231,33.8292788]]}},{"type":"Feature","id":"way/1040935466","properties":{"osm_id":1040935466,"highway":"primary"},"geometry":{"type":"LineString","coordinates":[[117.9503283,33.9519944],[117.9504811,33.9504141],[117.9505084,33.9502958],[117.9509994,33.9464059],[117.951021,33.9462454],[117.951216,33.9447951],[117.9520061,33.9382755],[117.9520143,33.9382157],[117.9529192,33.9315518],[117.952964,33.9304987]]}},{"type":"Feature","id":"way/1040935467","properties":{"osm_id":1040935467,"highway":"primary"},"geometry":{"type":"LineString","coordinates":[[117.9531607,33.9305086],[117.9531061,33.93162],[117.9521726,33.9382523],[117.9519128,33.9407498],[117.9515046,33.9438732],[117.9513767,33.9448516],[117.951178,33.9462577],[117.9511566,33.946409],[117.9506625,33.9503151],[117.9506353,33.9504325],[117.9504586,33.9520058]]}},{"type":"Feature","id":"way/1042665450","properties":{"osm_id":1042665450,"name":"宿迁大道","highway":"primary","ref":"S324"},"geometry":{"type":"LineString","coordinates":[[118.1866855,33.9916772],[118.1849111,33.9921189],[118.1834706,33.9925313],[118.1826638,33.9928001],[118.1819646,33.9930488],[118.18194,33.9930576],[118.181424,33.9932429],[118.1810043,33.993416],[118.1805461,33.9936065],[118.1798128,33.99395],[118.1792711,33.9942151],[118.178288,33.994704],[118.1778821,33.9949125],[118.1777924,33.9949586],[118.1775451,33.9950856],[118.1761585,33.995786],[118.1757243,33.9960011],[118.1755829,33.9960711],[118.1746044,33.9965493],[118.1736635,33.9970451],[118.1726743,33.9975382]]}},{"type":"Feature","id":"way/1042665451","properties":{"osm_id":1042665451,"name":"宿迁大道","highway":"primary","ref":"S324"},"geometry":{"type":"LineString","coordinates":[[118.1712527,33.9981141],[118.1726288,33.9974253]]}},{"type":"Feature","id":"way/1044068836","properties":{"osm_id":1044068836,"highway":"primary","ref":"S612;S251"},"geometry":{"type":"LineString","coordinates":[[118.1240568,33.7876366],[118.1240806,33.7874039]]}},{"type":"Feature","id":"way/1044068837","properties":{"osm_id":1044068837,"highway":"primary","ref":"S612;S251"},"geometry":{"type":"LineString","coordinates":[[118.1242054,33.7874],[118.1241819,33.7876325]]}},{"type":"Feature","id":"way/1044068838","properties":{"osm_id":1044068838,"name":"泗阜线","highway":"trunk","ref":"G633"},"geometry":{"type":"LineString","coordinates":[[118.1552929,33.764353],[118.1474011,33.7635439],[118.1470946,33.763524],[118.1463902,33.7634783],[118.1407168,33.7635997],[118.134801,33.7636652],[118.1335412,33.7636608],[118.1331542,33.7636801],[118.1325812,33.7637091],[118.1323031,33.7637396],[118.1319054,33.7637882],[118.1314696,33.763905],[118.1309792,33.764041],[118.1304837,33.7642468],[118.1300233,33.764472],[118.1297479,33.7646347],[118.1294757,33.7648069],[118.1290881,33.7651246],[118.1288017,33.7653793],[118.1284812,33.7657294],[118.1282869,33.7659823],[118.1281322,33.766206],[118.1279207,33.7666405]]}},{"type":"Feature","id":"way/1044068839","properties":{"osm_id":1044068839,"highway":"primary","ref":"S612;S251"},"geometry":{"type":"LineString","coordinates":[[118.1012274,33.8280401],[118.1052428,33.8244811],[118.105464,33.824285],[118.1105769,33.819671],[118.1120132,33.8183749],[118.1157615,33.8150172],[118.1199834,33.8112351],[118.1210634,33.8099261],[118.1217748,33.8085742],[118.1219979,33.8078971],[118.1221247,33.8074262]]}},{"type":"Feature","id":"way/1044068846","properties":{"osm_id":1044068846,"highway":"primary"},"geometry":{"type":"LineString","coordinates":[[118.0972632,33.8308138],[118.0973472,33.8309167]]}},{"type":"Feature","id":"way/1044068847","properties":{"osm_id":1044068847,"highway":"primary","ref":"S612;S251"},"geometry":{"type":"LineString","coordinates":[[118.0764194,33.8365349],[118.08303,33.8352928],[118.0846944,33.834927],[118.0879533,33.8340046],[118.094292,33.8319641],[118.0952695,33.8316495],[118.0965266,33.8311696],[118.096896,33.8309944],[118.0972632,33.8308138]]}},{"type":"Feature","id":"way/1044068857","properties":{"osm_id":1044068857,"highway":"primary","ref":"S612;S251"},"geometry":{"type":"LineString","coordinates":[[118.0760998,33.8365959],[118.0764194,33.8365349]]}},{"type":"Feature","id":"way/1044068858","properties":{"osm_id":1044068858,"highway":"primary","ref":"S612;S251"},"geometry":{"type":"LineString","coordinates":[[118.0422655,33.8472273],[118.0424293,33.8471552],[118.0564517,33.8409816],[118.0590981,33.8400423],[118.0610091,33.8394565],[118.0629551,33.8389684],[118.0648729,33.8385741],[118.0675918,33.8380682],[118.0693871,33.8377342],[118.074655,33.8368409],[118.0760998,33.8365959]]}},{"type":"Feature","id":"way/1044068859","properties":{"osm_id":1044068859,"highway":"primary","ref":"S612;S251"},"geometry":{"type":"LineString","coordinates":[[118.0764524,33.8366284],[118.0761442,33.8366872]]}},{"type":"Feature","id":"way/1044068860","properties":{"osm_id":1044068860,"highway":"primary","ref":"S612;S251"},"geometry":{"type":"LineString","coordinates":[[118.0761442,33.8366872],[118.0694085,33.8378634],[118.0648917,33.8386744],[118.0629766,33.8390754],[118.0591078,33.8401509],[118.0566082,33.8410167],[118.0564858,33.8410591],[118.0524194,33.8428498],[118.0422898,33.8473103]]}},{"type":"Feature","id":"way/1044068863","properties":{"osm_id":1044068863,"highway":"primary","ref":"S612;S251"},"geometry":{"type":"LineString","coordinates":[[118.0419702,33.8473476],[118.0422655,33.8472273]]}},{"type":"Feature","id":"way/1044068864","properties":{"osm_id":1044068864,"highway":"primary","ref":"S612;S251"},"geometry":{"type":"LineString","coordinates":[[117.9870841,33.8834589],[117.9870919,33.8833551],[117.9871061,33.8832317],[117.9872611,33.8818851],[117.9873656,33.8808195],[117.9875238,33.8797818],[117.9877136,33.8791092],[117.9878675,33.8786621],[117.9881172,33.8781665],[117.9882813,33.877847],[117.9884891,33.8775276],[117.9888669,33.8769399],[117.989618,33.8761365],[117.9911668,33.8745801],[117.9922495,33.8734892],[117.9938694,33.8719131],[117.9947202,33.8710188],[117.9955208,33.8702337],[117.9962352,33.8695247],[118.0001914,33.8655312],[118.0035057,33.8622506],[118.0049592,33.8608118],[118.0064854,33.8595148],[118.0075571,33.858683],[118.0077347,33.8585452],[118.0109547,33.8560461],[118.0119312,33.855344],[118.0139835,33.8538683],[118.0156029,33.8532191],[118.0185834,33.8526811],[118.0198496,33.8524818],[118.0217177,33.8521877],[118.0218807,33.8521629],[118.0256382,33.8515907],[118.026813,33.8514125],[118.0307371,33.8508172],[118.031316,33.8507294],[118.035103,33.8501173],[118.0358487,33.8499427],[118.0365094,33.8497407],[118.0379401,33.8491308],[118.0419702,33.8473476]]}},{"type":"Feature","id":"way/1044068865","properties":{"osm_id":1044068865,"highway":"primary","ref":"S612;S251"},"geometry":{"type":"LineString","coordinates":[[118.0422898,33.8473103],[118.0419829,33.8474356]]}},{"type":"Feature","id":"way/1044068866","properties":{"osm_id":1044068866,"highway":"primary","ref":"S612;S251"},"geometry":{"type":"LineString","coordinates":[[118.0419829,33.8474356],[118.0379846,33.8491994],[118.0364796,33.8498517],[118.0358976,33.8500339],[118.0350954,33.8502091],[118.031301,33.8508328],[118.0307475,33.850917],[118.0256632,33.8516903],[118.0217227,33.8522945],[118.0198714,33.8525925],[118.0197689,33.8526076],[118.0186579,33.852771],[118.0156517,33.8533154],[118.0140612,33.8539535],[118.011034,33.8561238],[118.0078156,33.8586467],[118.0065636,33.8596281],[118.0050699,33.8608223],[118.003583,33.8623055],[118.0002885,33.8655919],[117.9963032,33.8696023],[117.9955876,33.8703059],[117.9939254,33.8719969],[117.9923417,33.8735544],[117.9912586,33.8746396],[117.9897015,33.8761901],[117.9889704,33.8769856],[117.9885588,33.8775866],[117.9883343,33.87795],[117.9881632,33.8783094],[117.9879897,33.8786816],[117.9878113,33.8791102],[117.9876404,33.8797695],[117.9874593,33.8809061],[117.9873504,33.8819756],[117.9873138,33.882313],[117.9871924,33.883354],[117.987183,33.8834584]]}},{"type":"Feature","id":"way/1044251188","properties":{"osm_id":1044251188,"highway":"secondary"},"geometry":{"type":"LineString","coordinates":[[118.0102497,33.7551517],[118.0102808,33.7550154]]}},{"type":"Feature","id":"way/1044251189","properties":{"osm_id":1044251189,"highway":"secondary"},"geometry":{"type":"LineString","coordinates":[[118.0102808,33.7550154],[118.0110408,33.7525336],[118.0110749,33.7516127],[118.0112464,33.7508481],[118.0113592,33.7505378],[118.0115318,33.7500631],[118.0125074,33.748442],[118.0129821,33.74789],[118.0131354,33.7475688],[118.0131982,33.7472503],[118.012791,33.7444798],[118.0112518,33.7345658]]}},{"type":"Feature","id":"way/1044251192","properties":{"osm_id":1044251192,"highway":"secondary"},"geometry":{"type":"LineString","coordinates":[[118.004055,33.7982964],[118.0039968,33.8000031],[118.003978,33.8005533]]}},{"type":"Feature","id":"way/1044333117","properties":{"osm_id":1044333117,"highway":"secondary"},"geometry":{"type":"LineString","coordinates":[[118.0039588,33.8011266],[118.0039385,33.8018793],[118.003698,33.8051106]]}},{"type":"Feature","id":"way/1050446033","properties":{"osm_id":1050446033,"name":"双蔡路","highway":"tertiary"},"geometry":{"type":"LineString","coordinates":[[118.203811,33.9562807],[118.2037062,33.9562838],[118.2018098,33.95634],[118.2006268,33.9563751],[118.1978201,33.9564936],[118.1974158,33.9565079],[118.1966154,33.9565363],[118.1947108,33.9565844],[118.1930084,33.9566274],[118.1913772,33.9566686],[118.1896997,33.9567426],[118.1895649,33.9567485],[118.1894647,33.956759],[118.1893359,33.9567725],[118.188322,33.9568787],[118.1880711,33.9569093],[118.1859326,33.957172],[118.1839044,33.9574212],[118.1831387,33.9575153],[118.1830487,33.9575353],[118.1793316,33.9583632],[118.1783482,33.9585822],[118.1780315,33.9586527],[118.1768386,33.9589184],[118.176711,33.9589467],[118.1745602,33.9594226],[118.1730477,33.9597573],[118.1694718,33.960559],[118.1693828,33.9605641]]}},{"type":"Feature","id":"way/1050446048","properties":{"osm_id":1050446048,"name":"科盛路","highway":"tertiary"},"geometry":{"type":"LineString","coordinates":[[118.1816584,33.939722],[118.1816575,33.9396764],[118.1816132,33.9374672],[118.1815885,33.9368545],[118.1815652,33.9362766],[118.1815562,33.9359389],[118.1815505,33.935724],[118.1815523,33.9355292],[118.1816014,33.9343136]]}},{"type":"Feature","id":"way/1050446049","properties":{"osm_id":1050446049,"name":"吴淞路","highway":"secondary"},"geometry":{"type":"LineString","coordinates":[[118.1840857,33.9628304],[118.1840291,33.9627777],[118.1839283,33.9622406],[118.1839113,33.9621498],[118.183756,33.9613453],[118.1835332,33.9601907],[118.183321,33.959013],[118.1833116,33.9589607],[118.1830487,33.9575353],[118.1830245,33.9574601],[118.1828687,33.9562878],[118.1828601,33.9562232],[118.1828028,33.955792],[118.1826654,33.9547891],[118.1825875,33.9542186],[118.1825667,33.953913],[118.1823039,33.9519483],[118.1821691,33.9509282],[118.1821614,33.9508701],[118.182158,33.9508441],[118.182149,33.9507759],[118.1821468,33.9507612],[118.1820673,33.9502246],[118.1819904,33.9497073],[118.1819844,33.9496256],[118.1819698,33.949428],[118.1819643,33.9493521],[118.1819098,33.9487274],[118.1818927,33.9484876],[118.1818607,33.947782],[118.1818518,33.9470185],[118.1818492,33.9469349],[118.1817738,33.9445177],[118.1816899,33.9415207],[118.1816584,33.939722]]}},{"type":"Feature","id":"way/1056175057","properties":{"osm_id":1056175057,"name":"京岚线","highway":"trunk","ref":"G104"},"geometry":{"type":"LineString","coordinates":[[117.9098527,33.8830072],[117.9098621,33.8828882],[117.910122,33.8796349],[117.9106732,33.8652004],[117.910882,33.859807],[117.9109297,33.8538924],[117.9108966,33.8510196],[117.9108456,33.8492793],[117.9108529,33.8476069],[117.9108059,33.845631],[117.9108026,33.8438143],[117.9107793,33.8418044],[117.910698,33.839251],[117.9106227,33.8378328],[117.9105075,33.8372423],[117.9101737,33.8363833],[117.9096923,33.8355199],[117.9092466,33.8347937],[117.9078916,33.8325806],[117.9072789,33.8315584],[117.9068543,33.8309294],[117.9062676,33.8302809],[117.9024474,33.827439],[117.9003332,33.8259468],[117.8986613,33.8247341],[117.8977099,33.8241223],[117.8962407,33.823288]]}},{"type":"Feature","id":"way/1056175066","properties":{"osm_id":1056175066,"name":"京岚线","highway":"trunk","ref":"G104"},"geometry":{"type":"LineString","coordinates":[[117.8694553,33.7725525],[117.8685527,33.7707927],[117.8665908,33.7669338],[117.8663089,33.7662935],[117.8660755,33.7656405],[117.8658985,33.7649975],[117.8657399,33.7641959],[117.8656842,33.7634446],[117.8656438,33.7620973],[117.8656095,33.7582813],[117.8655816,33.7565051],[117.8656451,33.753339],[117.8657057,33.7523964]]}},{"type":"Feature","id":"way/1056175067","properties":{"osm_id":1056175067,"name":"京岚线","highway":"trunk","ref":"G104"},"geometry":{"type":"LineString","coordinates":[[117.8657057,33.7523964],[117.8657566,33.7521042]]}},{"type":"Feature","id":"way/1056175068","properties":{"osm_id":1056175068,"name":"京岚线","highway":"trunk","ref":"G104"},"geometry":{"type":"LineString","coordinates":[[117.8657566,33.7521042],[117.8658772,33.7511235],[117.8660491,33.749157],[117.8661634,33.748425],[117.8662875,33.7474998],[117.866368,33.7464666],[117.8666069,33.7447366],[117.8667894,33.7431798],[117.8670888,33.7409312],[117.8673856,33.7388282],[117.8679398,33.7352448],[117.8682341,33.7332939],[117.8682948,33.7325756],[117.8683259,33.7318924]]}},{"type":"Feature","id":"way/1056175069","properties":{"osm_id":1056175069,"name":"京岚线","highway":"trunk","ref":"G104"},"geometry":{"type":"LineString","coordinates":[[117.8683259,33.7318924],[117.8683461,33.7314301]]}},{"type":"Feature","id":"way/1056802210","properties":{"osm_id":1056802210,"name":"京岚线","highway":"trunk","ref":"G104"},"geometry":{"type":"LineString","coordinates":[[117.8906161,33.9139994],[117.8901497,33.9132353],[117.8897522,33.9124456],[117.8894613,33.9117886]]}},{"type":"Feature","id":"way/1056802211","properties":{"osm_id":1056802211,"name":"京岚线","highway":"trunk","ref":"G104"},"geometry":{"type":"LineString","coordinates":[[117.8894613,33.9117886],[117.8893078,33.9114478]]}},{"type":"Feature","id":"way/1056802212","properties":{"osm_id":1056802212,"name":"京岚线","highway":"trunk","ref":"G104"},"geometry":{"type":"LineString","coordinates":[[117.8895951,33.9118227],[117.889957,33.9126213],[117.8902059,33.9130972],[117.8907414,33.9139563],[117.8908187,33.9140937]]}},{"type":"Feature","id":"way/1056802213","properties":{"osm_id":1056802213,"name":"京岚线","highway":"trunk","ref":"G104"},"geometry":{"type":"LineString","coordinates":[[117.8894389,33.9114429],[117.8895951,33.9118227]]}},{"type":"Feature","id":"way/1056944319","properties":{"osm_id":1056944319,"name":"西湖西路","highway":"primary"},"geometry":{"type":"LineString","coordinates":[[118.1744183,33.9087067],[118.1730885,33.9077885],[118.1715432,33.9067109],[118.1680499,33.904339],[118.1670504,33.9036699]]}},{"type":"Feature","id":"way/1056944320","properties":{"osm_id":1056944320,"name":"西湖西路","highway":"primary"},"geometry":{"type":"LineString","coordinates":[[118.167172,33.903631],[118.1675833,33.9038992],[118.1681178,33.9042489],[118.171679,33.9066651],[118.171954,33.9068517],[118.1724106,33.9071616],[118.1725572,33.9072598],[118.1731578,33.9076688],[118.1743066,33.9084626],[118.174523,33.9086121]]}},{"type":"Feature","id":"way/1056944321","properties":{"osm_id":1056944321,"name":"南京路","highway":"primary","ref":"S325"},"geometry":{"type":"LineString","coordinates":[[118.167172,33.903631],[118.1670504,33.9036699]]}},{"type":"Feature","id":"way/1056953562","properties":{"osm_id":1056953562,"name":"宿城大道","highway":"primary","ref":"S250"},"geometry":{"type":"LineString","coordinates":[[118.14928,33.9614896],[118.1492672,33.9612594],[118.1491532,33.95979],[118.1491203,33.9590769],[118.1491205,33.958951],[118.1491224,33.9586962],[118.1491457,33.9579502],[118.1491669,33.9570989],[118.149202,33.9563738],[118.1492294,33.9558351],[118.1492553,33.9553277],[118.1493004,33.9549137],[118.1493577,33.9543868],[118.1493847,33.9541393],[118.1494183,33.9536853],[118.1495388,33.9525778],[118.1497004,33.9510328],[118.1497186,33.950755],[118.1497446,33.9503572],[118.149758,33.9501974],[118.1497629,33.9501273],[118.1498268,33.9492119]]}},{"type":"Feature","id":"way/1056953563","properties":{"osm_id":1056953563,"name":"宿城大道","highway":"primary","ref":"S250"},"geometry":{"type":"LineString","coordinates":[[118.149909,33.949213],[118.1498543,33.9501256],[118.1498461,33.9503555],[118.1498018,33.9510004],[118.1495424,33.9536877],[118.1493055,33.9563764],[118.1492711,33.9568295],[118.1492316,33.9590787],[118.1492347,33.959563],[118.1492552,33.9598503],[118.1492765,33.9601484],[118.1492987,33.9604585],[118.1493684,33.9612576],[118.1493787,33.9614814]]}},{"type":"Feature","id":"way/1057038767","properties":{"osm_id":1057038767,"name":"枣睢线","highway":"primary","ref":"S251"},"geometry":{"type":"LineString","coordinates":[[117.8579433,34.1642339],[117.8582527,34.1626064],[117.8587501,34.1602595],[117.8591293,34.1584705],[117.8604926,34.1524249],[117.861284,34.1489151],[117.8629702,34.1391957],[117.8642349,34.1364087],[117.8645623,34.1357223]]}},{"type":"Feature","id":"way/1057038768","properties":{"osm_id":1057038768,"name":"枣睢线","highway":"primary","ref":"S251"},"geometry":{"type":"LineString","coordinates":[[117.8579312,34.1642974],[117.8579433,34.1642339]]}},{"type":"Feature","id":"way/1057038769","properties":{"osm_id":1057038769,"name":"枣睢线","highway":"primary","ref":"S251"},"geometry":{"type":"LineString","coordinates":[[117.8646241,34.1357507],[117.8643003,34.1364296],[117.8630385,34.1392102],[117.8613532,34.1489246],[117.8605658,34.1524163],[117.8591983,34.1584808],[117.858816,34.1602845],[117.8583218,34.1626159],[117.8580208,34.164199]]}},{"type":"Feature","id":"way/1057038770","properties":{"osm_id":1057038770,"name":"枣睢线","highway":"primary","ref":"S251"},"geometry":{"type":"LineString","coordinates":[[117.8580208,34.164199],[117.8580087,34.1642625]]}},{"type":"Feature","id":"way/1057038775","properties":{"osm_id":1057038775,"name":"板徐线","highway":"primary","ref":"S344"},"geometry":{"type":"LineString","coordinates":[[117.9199397,34.2024324],[117.9160237,34.201829],[117.9140088,34.201638],[117.9117644,34.2015273],[117.9092753,34.2014918],[117.9063034,34.2016161],[117.9032349,34.2018379],[117.9008639,34.2018557],[117.89904,34.201829],[117.8969364,34.201732],[117.8952634,34.2015451],[117.892195,34.2011103],[117.8900385,34.2006222],[117.8877318,34.2001164],[117.8840089,34.1989984],[117.8823459,34.1986079],[117.880125,34.198111],[117.8783762,34.1978359],[117.8763807,34.1975874],[117.8732157,34.197268],[117.8695464,34.1971171],[117.8674436,34.1970373],[117.8628516,34.1967267],[117.8603089,34.1963895],[117.8580075,34.1960212],[117.8521812,34.1949266],[117.8521126,34.1949142],[117.8515263,34.1948034]]}},{"type":"Feature","id":"way/1057038776","properties":{"osm_id":1057038776,"name":"板徐线","highway":"primary","ref":"S344"},"geometry":{"type":"LineString","coordinates":[[117.8515263,34.1948034],[117.8511067,34.1947326]]}},{"type":"Feature","id":"way/1057038777","properties":{"osm_id":1057038777,"name":"板徐线","highway":"primary","ref":"S344"},"geometry":{"type":"LineString","coordinates":[[117.8515491,34.1946789],[117.8521355,34.1947977],[117.8522038,34.1948114],[117.8583187,34.1959768],[117.8603732,34.1962741],[117.8628731,34.1966024],[117.8674757,34.196913],[117.8696215,34.1970106],[117.8731406,34.1971349],[117.8763807,34.19741],[117.8784192,34.1977205],[117.8801572,34.197969],[117.882421,34.1985014],[117.8840303,34.1988919],[117.8877854,34.1999833],[117.8901029,34.2005335],[117.8922593,34.2009506],[117.8954029,34.201412],[117.8975031,34.2016244],[117.899909,34.2017137],[117.9032564,34.2016604],[117.9062819,34.201483],[117.9092646,34.2013321],[117.9117644,34.2013676],[117.9139958,34.2014793],[117.9160881,34.2017048],[117.9199934,34.2023082]]}},{"type":"Feature","id":"way/1057038778","properties":{"osm_id":1057038778,"name":"板徐线","highway":"primary","ref":"S344"},"geometry":{"type":"LineString","coordinates":[[117.8511412,34.194596],[117.8515491,34.1946789]]}},{"type":"Feature","id":"way/1057038779","properties":{"osm_id":1057038779,"highway":"secondary","ref":"X206"},"geometry":{"type":"LineString","coordinates":[[117.7302852,33.9001243],[117.7295512,33.9001235],[117.728085,33.900201]]}},{"type":"Feature","id":"way/1060595100","properties":{"osm_id":1060595100,"name":"高黄路","highway":"primary","ref":"S302"},"geometry":{"type":"LineString","coordinates":[[117.5061232,33.8902406],[117.5055304,33.8904632]]}},{"type":"Feature","id":"way/1060595101","properties":{"osm_id":1060595101,"name":"高黄路","highway":"primary","ref":"S302"},"geometry":{"type":"LineString","coordinates":[[117.5766642,33.8631754],[117.572889,33.863094],[117.5723385,33.8630885],[117.571278,33.8630585],[117.569724,33.863021],[117.569194,33.86305],[117.568933,33.86313],[117.568853,33.86316],[117.568562,33.863309],[117.568022,33.863648],[117.5671,33.864247],[117.566289,33.864706],[117.5658929,33.8649151],[117.5653727,33.8651341],[117.564185,33.865533],[117.563604,33.865722],[117.5616941,33.8664621],[117.5591225,33.8673572],[117.558774,33.867484],[117.558433,33.867603],[117.557571,33.867991],[117.5550507,33.8694024],[117.5546376,33.8695707],[117.551107,33.870669],[117.550495,33.870897],[117.54487,33.873185],[117.5367751,33.8761772],[117.536727,33.876195],[117.5365859,33.8762478],[117.536436,33.876304],[117.536246,33.876394],[117.536075,33.876534],[117.53427,33.878219],[117.533999,33.878368],[117.5328672,33.8787885],[117.529956,33.879597],[117.529404,33.879776],[117.5292941,33.8798294],[117.5281901,33.8803655],[117.5280935,33.8804125]]}},{"type":"Feature","id":"way/1060646222","properties":{"osm_id":1060646222,"name":"朝褚路","highway":"primary","ref":"S408"},"geometry":{"type":"LineString","coordinates":[[117.4951449,33.9981662],[117.4955421,33.9983312]]}},{"type":"Feature","id":"way/1060646223","properties":{"osm_id":1060646223,"name":"朝褚路","highway":"primary","ref":"S408"},"geometry":{"type":"LineString","coordinates":[[117.5320922,33.9998117],[117.5335274,33.999922],[117.5338843,33.9998989],[117.5345065,33.9998455],[117.5392058,33.9990094],[117.5370104,33.9941694],[117.5369968,33.9941168],[117.5369983,33.9940716],[117.5370142,33.9940267],[117.5370423,33.9939967],[117.5371364,33.9939615],[117.5430036,33.9931706],[117.5504013,33.9920668],[117.5540116,33.9915909],[117.554312,33.9915553],[117.5543855,33.9915294],[117.5544083,33.9914804],[117.5544166,33.9914241],[117.5543334,33.9910927],[117.5530889,33.9856129],[117.5527608,33.98406],[117.5525739,33.9831753],[117.5523164,33.9820188],[117.5516298,33.9777306],[117.5514796,33.9768053],[117.5513937,33.976485],[117.5511577,33.9760068],[117.5510234,33.9757028],[117.5508919,33.9753669],[117.5508009,33.975086],[117.5507688,33.9749124],[117.5507015,33.9740724],[117.5507285,33.9725257],[117.5508446,33.9690983],[117.5510289,33.9636545],[117.5510289,33.9628892],[117.5510852,33.9624492],[117.55845,33.963174],[117.5654269,33.963827],[117.5681155,33.9640423],[117.5701877,33.9642682],[117.5747895,33.9646857],[117.579838,33.9653264],[117.5819874,33.9656032]]}},{"type":"Feature","id":"way/1061170872","properties":{"osm_id":1061170872,"name":"朝凤路","highway":"primary","ref":"S223"},"geometry":{"type":"LineString","coordinates":[[117.5769123,33.8780053],[117.576792,33.8777679]]}},{"type":"Feature","id":"way/1061170873","properties":{"osm_id":1061170873,"name":"朝凤路","highway":"primary","ref":"S223"},"geometry":{"type":"LineString","coordinates":[[117.576792,33.8777679],[117.576542,33.877155],[117.576372,33.876755],[117.576262,33.876355],[117.5761717,33.8744775],[117.576162,33.874275],[117.576022,33.871376],[117.575962,33.870316],[117.575962,33.869916],[117.575962,33.869786],[117.575962,33.869676],[117.576002,33.869326],[117.576123,33.868386],[117.576603,33.865778],[117.576714,33.864918],[117.5767044,33.8642479],[117.5767024,33.8637929],[117.5766642,33.8631754]]}},{"type":"Feature","id":"way/1061172215","properties":{"osm_id":1061172215,"name":"徐明高速","highway":"motorway","ref":"S07"},"geometry":{"type":"LineString","coordinates":[[117.6508296,33.8307207],[117.6507651,33.8310692]]}},{"type":"Feature","id":"way/1061172216","properties":{"osm_id":1061172216,"name":"徐明高速","highway":"motorway","ref":"S07"},"geometry":{"type":"LineString","coordinates":[[117.6506524,33.8310564],[117.650721,33.8307082]]}},{"type":"Feature","id":"way/1061172217","properties":{"osm_id":1061172217,"name":"徐明高速","highway":"motorway","ref":"S07"},"geometry":{"type":"LineString","coordinates":[[117.6507651,33.8310692],[117.6504388,33.8326908],[117.6501621,33.8342114],[117.6499628,33.8355244],[117.6498443,33.8363046],[117.6497661,33.8369091],[117.6496666,33.8377104],[117.6495736,33.8385925],[117.6495038,33.8393428],[117.649453,33.8400228],[117.6494043,33.8406835],[117.6493578,33.8414706],[117.6493318,33.8421313]]}},{"type":"Feature","id":"way/1061172218","properties":{"osm_id":1061172218,"name":"徐明高速","highway":"motorway","ref":"S07"},"geometry":{"type":"LineString","coordinates":[[117.6492239,33.8421278],[117.6492387,33.8417307],[117.6492617,33.8412087],[117.6492976,33.8406201],[117.6493526,33.8398856],[117.6494394,33.8388243],[117.6494974,33.8382758],[117.6495692,33.8375986],[117.6497098,33.8364928],[117.6498522,33.8354781],[117.6500022,33.8345074],[117.6501252,33.8337692],[117.6502648,33.8330083],[117.6503642,33.8325057],[117.6504954,33.831845],[117.6506524,33.8310564]]}},{"type":"Feature","id":"way/1061177712","properties":{"osm_id":1061177712,"name":"大刘路","highway":"primary","ref":"S303"},"geometry":{"type":"LineString","coordinates":[[117.5631816,33.7661755],[117.5635551,33.7662243]]}},{"type":"Feature","id":"way/1061177713","properties":{"osm_id":1061177713,"name":"大刘路","highway":"primary","ref":"S303"},"geometry":{"type":"LineString","coordinates":[[117.561304,33.7630676],[117.5615552,33.7637844],[117.5617111,33.7642294],[117.5619869,33.7650306],[117.5620963,33.7653271],[117.5622605,33.7656276],[117.5624198,33.7658157],[117.5625873,33.7659315],[117.5628697,33.7660725],[117.5631816,33.7661755]]}},{"type":"Feature","id":"way/1061180902","properties":{"osm_id":1061180902,"highway":"secondary"},"geometry":{"type":"LineString","coordinates":[[117.5627527,33.6946643],[117.5626976,33.6938761]]}},{"type":"Feature","id":"way/1061180903","properties":{"osm_id":1061180903,"highway":"secondary"},"geometry":{"type":"LineString","coordinates":[[117.554525,33.7564899],[117.5562589,33.7479736],[117.5639233,33.7089697],[117.5627527,33.6946643]]}},{"type":"Feature","id":"way/1062306024","properties":{"osm_id":1062306024,"name":"新扬高速","highway":"motorway","ref":"S49"},"geometry":{"type":"LineString","coordinates":[[118.1912437,33.6985634],[118.1902468,33.6970943]]}},{"type":"Feature","id":"way/1062306025","properties":{"osm_id":1062306025,"name":"新扬高速","highway":"motorway","ref":"S49"},"geometry":{"type":"LineString","coordinates":[[118.1913145,33.6986678],[118.1912437,33.6985634]]}},{"type":"Feature","id":"way/1062306026","properties":{"osm_id":1062306026,"name":"新扬高速","highway":"motorway","ref":"S49"},"geometry":{"type":"LineString","coordinates":[[118.1903518,33.6970389],[118.191004,33.6980558],[118.1913676,33.6985663]]}},{"type":"Feature","id":"way/1062306027","properties":{"osm_id":1062306027,"name":"新扬高速","highway":"motorway","ref":"S49"},"geometry":{"type":"LineString","coordinates":[[118.1913676,33.6985663],[118.1914417,33.6986704]]}},{"type":"Feature","id":"way/1062308356","properties":{"osm_id":1062308356,"name":"兴民路","highway":"tertiary"},"geometry":{"type":"LineString","coordinates":[[118.1856794,33.8970183],[118.1854525,33.8968468],[118.1850433,33.8965376],[118.1846919,33.8962448],[118.1842504,33.895804],[118.1838398,33.8953404],[118.1835966,33.8950169],[118.1834725,33.8948274],[118.1834189,33.8947455]]}},{"type":"Feature","id":"way/1062308357","properties":{"osm_id":1062308357,"name":"兴民路","highway":"tertiary"},"geometry":{"type":"LineString","coordinates":[[118.1888417,33.8985015],[118.1881319,33.8982752],[118.1880404,33.898246],[118.1875834,33.8980819],[118.18725,33.8979327],[118.1870951,33.8978577]]}},{"type":"Feature","id":"way/1062485713","properties":{"osm_id":1062485713,"name":"兴民路","highway":"tertiary"},"geometry":{"type":"LineString","coordinates":[[118.1863914,33.8974786],[118.1861121,33.8973062],[118.1856794,33.8970183]]}},{"type":"Feature","id":"way/1066703645","properties":{"osm_id":1066703645,"name":"耿刘路","highway":"unclassified"},"geometry":{"type":"LineString","coordinates":[[118.186266,33.886212],[118.1862203,33.8873748],[118.1861345,33.8886168],[118.1860329,33.8900882]]}},{"type":"Feature","id":"way/1066703646","properties":{"osm_id":1066703646,"name":"耿刘路","highway":"unclassified"},"geometry":{"type":"LineString","coordinates":[[118.1862683,33.8861536],[118.186266,33.886212]]}},{"type":"Feature","id":"way/1076144879","properties":{"osm_id":1076144879,"highway":"secondary"},"geometry":{"type":"LineString","coordinates":[[117.5939212,34.160451],[117.5940513,34.160451],[117.5952635,34.160489],[117.5998555,34.1606329]]}},{"type":"Feature","id":"way/1076144880","properties":{"osm_id":1076144880,"highway":"secondary"},"geometry":{"type":"LineString","coordinates":[[117.593605,34.160451],[117.5939212,34.160451]]}},{"type":"Feature","id":"way/1076144890","properties":{"osm_id":1076144890,"highway":"primary","ref":"S252"},"geometry":{"type":"LineString","coordinates":[[117.5995643,34.1737464],[117.5995465,34.173846],[117.5992407,34.1754792],[117.5991367,34.1760033],[117.5990508,34.176638],[117.5989189,34.1776272],[117.5988116,34.1786435],[117.5986399,34.1811997],[117.5985298,34.1830946],[117.5982491,34.1862847],[117.5981228,34.187648],[117.597994,34.1889216],[117.5977721,34.1918119],[117.5976744,34.1928126],[117.5973846,34.1948404],[117.5970433,34.1968637],[117.5968424,34.1978252],[117.5967551,34.1982205],[117.5966542,34.1985394],[117.5965156,34.1988425],[117.5961562,34.1994193],[117.5956359,34.2000183],[117.5941499,34.2012517]]}},{"type":"Feature","id":"way/1076144891","properties":{"osm_id":1076144891,"highway":"primary","ref":"S252"},"geometry":{"type":"LineString","coordinates":[[117.5996109,34.1734865],[117.5995643,34.1737464]]}},{"type":"Feature","id":"way/1111771367","properties":{"osm_id":1111771367,"name":"苏州大道","highway":"tertiary"},"geometry":{"type":"LineString","coordinates":[[118.1677725,33.9473822],[118.1635493,33.9474889],[118.1633181,33.9474948],[118.158898,33.9476065],[118.1586121,33.9476137],[118.1535278,33.9477422],[118.153327,33.9477473],[118.1499756,33.9478319],[118.1498819,33.9478343]]}},{"type":"Feature","id":"way/1111771368","properties":{"osm_id":1111771368,"name":"苏州大道","highway":"tertiary"},"geometry":{"type":"LineString","coordinates":[[118.1498933,33.9476855],[118.1499827,33.9476835],[118.1533324,33.9476072],[118.1535273,33.9476027],[118.1586142,33.9474869],[118.1588931,33.9474806],[118.1613972,33.9474236],[118.1633185,33.9473799],[118.1635487,33.9473746],[118.1653624,33.9473363],[118.1677718,33.9472855]]}},{"type":"Feature","id":"way/1112266732","properties":{"osm_id":1112266732,"name":"耿龙路","highway":"tertiary","ref":"Y165"},"geometry":{"type":"LineString","coordinates":[[118.2138579,33.8569641],[118.212462,33.8568928],[118.2095244,33.8567441],[118.2070782,33.85663],[118.2062348,33.8565907],[118.2056768,33.8565647],[118.2048014,33.8565242],[118.2046978,33.8565181],[118.2043184,33.8564957]]}},{"type":"Feature","id":"way/1112266733","properties":{"osm_id":1112266733,"name":"耿龙路","highway":"tertiary","ref":"Y165"},"geometry":{"type":"LineString","coordinates":[[118.2139125,33.8569622],[118.2138579,33.8569641]]}},{"type":"Feature","id":"way/1112266734","properties":{"osm_id":1112266734,"name":"耿龙路","highway":"tertiary","ref":"Y165"},"geometry":{"type":"LineString","coordinates":[[118.2140159,33.8569587],[118.2139125,33.8569622]]}},{"type":"Feature","id":"way/1112266735","properties":{"osm_id":1112266735,"name":"耿龙路","highway":"tertiary","ref":"Y165"},"geometry":{"type":"LineString","coordinates":[[118.2140768,33.8569566],[118.2140159,33.8569587]]}},{"type":"Feature","id":"way/1115120367","properties":{"osm_id":1115120367,"name":"常州路","highway":"unclassified"},"geometry":{"type":"LineString","coordinates":[[118.2171294,33.9073509],[118.2171255,33.907003],[118.2171282,33.9066381]]}},{"type":"Feature","id":"way/1117279378","properties":{"osm_id":1117279378,"name":"微山湖西路","highway":"tertiary"},"geometry":{"type":"LineString","coordinates":[[118.2157051,33.955907],[118.2155481,33.9559122],[118.2154024,33.9559168],[118.2153436,33.9559186],[118.2150013,33.9559294],[118.2140037,33.9559609],[118.2118315,33.9560295],[118.2117706,33.9560314],[118.2117026,33.9560335],[118.2102307,33.95608]]}},{"type":"Feature","id":"way/1117279379","properties":{"osm_id":1117279379,"name":"微山湖西路","highway":"tertiary"},"geometry":{"type":"LineString","coordinates":[[118.2102204,33.9559905],[118.2116987,33.9559417],[118.2117688,33.9559394],[118.2118273,33.9559376],[118.2139917,33.9558713],[118.2151553,33.9558357],[118.2153446,33.9558299],[118.2154001,33.9558282],[118.2155472,33.9558237],[118.2156731,33.9558222]]}},{"type":"Feature","id":"way/1117719472","properties":{"osm_id":1117719472,"name":"昆承湖路","highway":"tertiary"},"geometry":{"type":"LineString","coordinates":[[118.1585917,33.9439984],[118.1587439,33.9439911],[118.1590201,33.9439824],[118.1633019,33.9439029],[118.163548,33.9438852],[118.1677947,33.9437816]]}},{"type":"Feature","id":"way/1117719473","properties":{"osm_id":1117719473,"name":"昆承湖路","highway":"tertiary"},"geometry":{"type":"LineString","coordinates":[[118.1677937,33.943891],[118.1653211,33.9439692],[118.1635487,33.9440253],[118.1633025,33.9440319],[118.1613983,33.9440773],[118.1590146,33.9441341],[118.1587385,33.9441361],[118.1585826,33.9441397]]}},{"type":"Feature","id":"way/1117719474","properties":{"osm_id":1117719474,"name":"石湖路","highway":"tertiary"},"geometry":{"type":"LineString","coordinates":[[118.1504195,33.9399157],[118.1504979,33.9399196],[118.1534942,33.9399081],[118.1546826,33.9399036],[118.1549013,33.9399065],[118.1590992,33.9399053],[118.1593122,33.9399052],[118.1635029,33.939904],[118.1636947,33.9399165]]}},{"type":"Feature","id":"way/1117719475","properties":{"osm_id":1117719475,"name":"石湖路","highway":"tertiary"},"geometry":{"type":"LineString","coordinates":[[118.1636703,33.9400166],[118.1634801,33.9400018],[118.1592895,33.939999],[118.1590767,33.9399976],[118.1548776,33.9400022],[118.1546589,33.9399999],[118.153495,33.9400125],[118.1504794,33.9400451],[118.1504007,33.9400422]]}},{"type":"Feature","id":"way/1117719476","properties":{"osm_id":1117719476,"name":"三清山路","highway":"tertiary"},"geometry":{"type":"LineString","coordinates":[[118.1642563,33.9376231],[118.1642359,33.9376725],[118.1638974,33.9390831],[118.1636947,33.9399165],[118.1636703,33.9400166],[118.163656,33.9400756],[118.1635809,33.940485],[118.1635326,33.9412638],[118.163548,33.9438852],[118.1635487,33.9440008],[118.1635487,33.9440253],[118.1635487,33.9473746],[118.1635493,33.9474889],[118.1635427,33.9499118],[118.1635384,33.9500818]]}},{"type":"Feature","id":"way/1117719477","properties":{"osm_id":1117719477,"name":"三清山路","highway":"tertiary"},"geometry":{"type":"LineString","coordinates":[[118.1633076,33.9500878],[118.1633079,33.949918],[118.1633181,33.9474948],[118.1633185,33.9473799],[118.1633025,33.9440319],[118.1633019,33.9439029],[118.1633663,33.9412594],[118.1634092,33.9404761],[118.1634629,33.9400756],[118.1634801,33.9400018],[118.1635029,33.939904],[118.1640401,33.9376034],[118.1640553,33.9375524]]}},{"type":"Feature","id":"way/1117719478","properties":{"osm_id":1117719478,"name":"虎丘山路","highway":"tertiary"},"geometry":{"type":"LineString","coordinates":[[118.1602538,33.9362424],[118.1602333,33.9362931],[118.1601316,33.9365819],[118.1600993,33.936713],[118.1594131,33.9394959],[118.1593122,33.9399052],[118.1592895,33.939999],[118.1592303,33.9402269],[118.1591969,33.9404486],[118.159107,33.9410458],[118.1590372,33.94174],[118.1590276,33.9435846],[118.1590265,33.943805],[118.1590201,33.9439824],[118.1590146,33.9441341],[118.1590031,33.9444517],[118.1589079,33.947072],[118.1588931,33.9474806],[118.158898,33.9476065],[118.1588959,33.9480764],[118.1588873,33.9500061],[118.1588876,33.9501878]]}},{"type":"Feature","id":"way/1117719479","properties":{"osm_id":1117719479,"name":"虎丘山路","highway":"tertiary"},"geometry":{"type":"LineString","coordinates":[[118.1585709,33.9501934],[118.1585601,33.9500095],[118.1586021,33.9480749],[118.1586121,33.9476137],[118.1586142,33.9474869],[118.1586298,33.9470665],[118.158727,33.9444448],[118.1587385,33.9441361],[118.1587439,33.9439911],[118.1587592,33.9435792],[118.158828,33.9417222],[118.1588924,33.9409568],[118.1589917,33.9404237],[118.1590533,33.9400934],[118.1590767,33.9399976],[118.1590992,33.9399053],[118.1592079,33.9394602],[118.1598886,33.9366714],[118.1599224,33.936533],[118.1600182,33.9362197],[118.1600434,33.9361704]]}},{"type":"Feature","id":"way/1117719480","properties":{"osm_id":1117719480,"name":"青城山路","highway":"tertiary"},"geometry":{"type":"LineString","coordinates":[[118.1561569,33.934841],[118.1561459,33.9348984],[118.1556952,33.9366398],[118.1549013,33.9399065],[118.1548776,33.9400022],[118.1539035,33.9439474],[118.1538634,33.944132],[118.1538372,33.944253],[118.1538069,33.9443924],[118.1536996,33.9450332],[118.1536138,33.9457097],[118.1535273,33.9476027],[118.1535278,33.9477422],[118.1534533,33.9500628],[118.1534853,33.9502842]]}},{"type":"Feature","id":"way/1117719481","properties":{"osm_id":1117719481,"name":"青城山路","highway":"tertiary"},"geometry":{"type":"LineString","coordinates":[[118.1532605,33.9502882],[118.1532491,33.950065],[118.153327,33.9477473],[118.1533324,33.9476072],[118.1534421,33.9457097],[118.1535172,33.9450154],[118.1536138,33.9444013],[118.1536425,33.9442562],[118.1536667,33.9441342],[118.1537318,33.943805],[118.154,33.9426746],[118.1546589,33.9399999],[118.1546826,33.9399036],[118.155309,33.9373608],[118.1559128,33.9348188],[118.1559301,33.9347634]]}},{"type":"Feature","id":"way/1117864480","properties":{"osm_id":1117864480,"name":"鄱阳湖路","highway":"tertiary"},"geometry":{"type":"LineString","coordinates":[[118.2295508,33.9369165],[118.2294214,33.9369094],[118.2293841,33.9369076],[118.2272502,33.9368046],[118.2271109,33.9367979],[118.2269663,33.9367909],[118.225739,33.9367317],[118.225672,33.9367055],[118.2244158,33.9361513],[118.2235285,33.9357527],[118.2220442,33.9351105],[118.2219252,33.9350581],[118.2217927,33.9349982],[118.2212097,33.9347347],[118.2207562,33.9345297],[118.2206829,33.9344966],[118.22062,33.9344681],[118.2180881,33.9333236],[118.21769,33.9332091],[118.217466,33.9331446],[118.217292,33.9331291],[118.2158377,33.9330334],[118.2158063,33.9330316],[118.214897,33.9329976],[118.2148629,33.9329963],[118.2134553,33.9329436]]}},{"type":"Feature","id":"way/1118066161","properties":{"osm_id":1118066161,"name":"沈阳路","highway":"tertiary"},"geometry":{"type":"LineString","coordinates":[[118.1969749,33.7657341],[118.1970027,33.7655953],[118.1968998,33.7644195],[118.1968901,33.7640985],[118.1968864,33.7639785],[118.1968769,33.7636634],[118.19686,33.7631067],[118.1968572,33.763014],[118.1968287,33.762076]]}},{"type":"Feature","id":"way/1118220483","properties":{"osm_id":1118220483,"name":"武进路","highway":"unclassified"},"geometry":{"type":"LineString","coordinates":[[118.2126786,33.9110667],[118.2143199,33.9109206],[118.2149774,33.910862],[118.2164412,33.9107317],[118.2171223,33.9106711]]}},{"type":"Feature","id":"way/1123067658","properties":{"osm_id":1123067658,"name":"阳明山路","highway":"secondary"},"geometry":{"type":"LineString","coordinates":[[118.1911593,33.9602428],[118.1910123,33.9601009],[118.1908743,33.9599753],[118.1906643,33.9598131],[118.1904621,33.959667],[118.1902584,33.9595389],[118.1900849,33.9594578],[118.1898378,33.95936]]}},{"type":"Feature","id":"way/1123067659","properties":{"osm_id":1123067659,"name":"阳明山路","highway":"secondary"},"geometry":{"type":"LineString","coordinates":[[118.189958,33.9593384],[118.1901928,33.9594228],[118.1903598,33.9594958],[118.1906546,33.9596986],[118.1907012,33.9597335],[118.190863,33.9598548],[118.1909368,33.9599266],[118.1910722,33.9600584],[118.1911751,33.9601573],[118.1912387,33.9602184]]}},{"type":"Feature","id":"way/1123714757","properties":{"osm_id":1123714757,"highway":"motorway_link"},"geometry":{"type":"LineString","coordinates":[[118.2371165,33.8373496],[118.2373369,33.8375683],[118.2375102,33.8377888]]}},{"type":"Feature","id":"way/1123714758","properties":{"osm_id":1123714758,"highway":"motorway_link"},"geometry":{"type":"LineString","coordinates":[[118.2352263,33.8357911],[118.2355946,33.8361098],[118.2361293,33.8367102],[118.2371165,33.8373496]]}},{"type":"Feature","id":"way/1123714759","properties":{"osm_id":1123714759,"highway":"motorway_link"},"geometry":{"type":"LineString","coordinates":[[118.24,33.8452659],[118.2395185,33.8447676]]}},{"type":"Feature","id":"way/1124409238","properties":{"osm_id":1124409238,"highway":"secondary_link"},"geometry":{"type":"LineString","coordinates":[[118.2335068,33.9058799],[118.2335864,33.905831],[118.2336456,33.9057729],[118.2336965,33.9057099],[118.2337766,33.90558]]}},{"type":"Feature","id":"way/1124409239","properties":{"osm_id":1124409239,"highway":"secondary_link"},"geometry":{"type":"LineString","coordinates":[[118.2338072,33.9064961],[118.2337471,33.906276],[118.2336917,33.9062005],[118.2336322,33.9061417],[118.2335429,33.9060842]]}},{"type":"Feature","id":"way/1124409240","properties":{"osm_id":1124409240,"highway":"secondary_link"},"geometry":{"type":"LineString","coordinates":[[118.2344221,33.9059874],[118.234155,33.9060765],[118.2340813,33.9061286],[118.2340337,33.9061795],[118.2340116,33.9062254],[118.2339808,33.906417]]}},{"type":"Feature","id":"way/1124409241","properties":{"osm_id":1124409241,"highway":"secondary_link"},"geometry":{"type":"LineString","coordinates":[[118.2339547,33.9056203],[118.2340122,33.9057178],[118.2340628,33.9057655],[118.2341946,33.9058257]]}},{"type":"Feature","id":"way/1124409242","properties":{"osm_id":1124409242,"highway":"secondary_link"},"geometry":{"type":"LineString","coordinates":[[118.2342389,33.905822],[118.2342596,33.9060062]]}},{"type":"Feature","id":"way/1125116623","properties":{"osm_id":1125116623,"name":"九龙湖路","highway":"tertiary"},"geometry":{"type":"LineString","coordinates":[[118.2356162,33.976468],[118.236176,33.9763922],[118.2368034,33.9762868]]}},{"type":"Feature","id":"way/1125125049","properties":{"osm_id":1125125049,"name":"康堡路","highway":"unclassified"},"geometry":{"type":"LineString","coordinates":[[118.2339104,33.9766215],[118.2339181,33.9765275],[118.2339372,33.9763239],[118.2339318,33.9761534],[118.2339185,33.9760071],[118.233319,33.9728488]]}},{"type":"Feature","id":"way/1125125051","properties":{"osm_id":1125125051,"name":"九龙湖路","highway":"tertiary"},"geometry":{"type":"LineString","coordinates":[[118.2224098,33.9774015],[118.2224774,33.9774324],[118.2225606,33.9774575],[118.2225814,33.9774638],[118.2226717,33.9774692],[118.2227904,33.9774619],[118.2230676,33.9774233],[118.2251799,33.9770882],[118.22802,33.9766377],[118.2283661,33.9765828],[118.2293939,33.9764284],[118.2295389,33.9764124],[118.2297336,33.9763908],[118.2303918,33.9763921],[118.2310213,33.9764285],[118.2339181,33.9765275],[118.2349415,33.9764965],[118.235462,33.9764807],[118.2356162,33.976468]]}},{"type":"Feature","id":"way/1125125052","properties":{"osm_id":1125125052,"name":"九龙湖路","highway":"tertiary"},"geometry":{"type":"LineString","coordinates":[[118.2356346,33.9765616],[118.2354806,33.9765716],[118.2350693,33.9765981],[118.2343556,33.9766372],[118.2339104,33.9766215],[118.2328476,33.976584],[118.2327028,33.9765789],[118.2310263,33.9765316],[118.230677,33.9765333],[118.2297213,33.9765171],[118.2295408,33.9765208],[118.2294522,33.9765226],[118.228705,33.9766368],[118.2283896,33.9766599],[118.2280322,33.9767155],[118.2264507,33.9769618],[118.2252226,33.9771591],[118.2249467,33.9772066],[118.22277,33.9775817],[118.2226964,33.9776098],[118.2226544,33.9776686],[118.2226457,33.9776976],[118.2226379,33.9777555]]}},{"type":"Feature","id":"way/1125125057","properties":{"osm_id":1125125057,"name":"九龙湖路","highway":"tertiary"},"geometry":{"type":"LineString","coordinates":[[118.2356346,33.9765616],[118.2360294,33.9764978],[118.2368247,33.9763692]]}},{"type":"Feature","id":"way/1125125058","properties":{"osm_id":1125125058,"name":"振兴大道","highway":"secondary"},"geometry":{"type":"LineString","coordinates":[[118.2356346,33.9765616],[118.2357389,33.9770926],[118.2358928,33.9778762],[118.236079,33.9787636],[118.2362555,33.9795418]]}},{"type":"Feature","id":"way/1125172750","properties":{"osm_id":1125172750,"name":"滨河路","highway":"secondary"},"geometry":{"type":"LineString","coordinates":[[118.24,33.971781],[118.2398794,33.9717968],[118.2363856,33.9722535],[118.2362533,33.9722708],[118.2348201,33.9724581],[118.2347072,33.9724715],[118.2341146,33.9725493]]}},{"type":"Feature","id":"way/1125994482","properties":{"osm_id":1125994482,"name":"虞山路","highway":"tertiary"},"geometry":{"type":"LineString","coordinates":[[118.233047,33.938898],[118.2330478,33.9390633],[118.2330484,33.9391615],[118.2330486,33.9392035],[118.2330487,33.9392253],[118.2330492,33.9393261],[118.23298,33.9400843],[118.232927,33.9410755],[118.2329036,33.9413158],[118.2328579,33.9414684],[118.2328011,33.9415555],[118.2326959,33.941672],[118.2326376,33.9417365],[118.2325986,33.941774],[118.2325196,33.9418498],[118.2324277,33.9419498],[118.2322295,33.942259],[118.2321586,33.942434],[118.2321321,33.942536]]}},{"type":"Feature","id":"way/1125994483","properties":{"osm_id":1125994483,"name":"虞山路","highway":"tertiary"},"geometry":{"type":"LineString","coordinates":[[118.2320956,33.9428774],[118.2320965,33.9429155],[118.2320997,33.9430468],[118.2321227,33.9432278],[118.2321586,33.9433773],[118.2321987,33.9434715],[118.2322253,33.9435339],[118.2323325,33.9437475],[118.2323526,33.9437733],[118.2324431,33.9438891],[118.2326111,33.9441092],[118.232677,33.9442252],[118.2326892,33.9442789],[118.2326999,33.9443262],[118.2326624,33.9450597],[118.2326568,33.9451678],[118.2326518,33.9452659],[118.2326205,33.9457964],[118.2325703,33.9466452],[118.2325,33.946659]]}},{"type":"Feature","id":"way/1125994484","properties":{"osm_id":1125994484,"name":"虞山路","highway":"tertiary"},"geometry":{"type":"LineString","coordinates":[[118.2321321,33.942536],[118.2320956,33.9428774]]}},{"type":"Feature","id":"way/1126933995","properties":{"osm_id":1126933995,"name":"天池山路","highway":"tertiary"},"geometry":{"type":"LineString","coordinates":[[118.2247968,33.9511521],[118.2248533,33.9499813],[118.224859,33.9499094],[118.2248711,33.9497562],[118.224876,33.9496949],[118.2249346,33.9489555],[118.2249386,33.9488688],[118.2249602,33.9484869],[118.2250114,33.9475805],[118.2250753,33.9463546],[118.2251601,33.944936],[118.2251657,33.9448414],[118.2252628,33.9434301],[118.2253123,33.9427122]]}},{"type":"Feature","id":"way/1126933997","properties":{"osm_id":1126933997,"name":"天池山路","highway":"tertiary"},"geometry":{"type":"LineString","coordinates":[[118.2253361,33.9422642],[118.225468,33.9399055],[118.2255088,33.9391749],[118.2255125,33.9391077],[118.2255172,33.9390408],[118.2255255,33.9389202],[118.2255317,33.9388309],[118.225544,33.9386527],[118.2255796,33.9382419],[118.2256229,33.9375545],[118.2256236,33.9375419],[118.2256483,33.9371511],[118.225672,33.9367055],[118.2256744,33.9366547],[118.2257018,33.9360579],[118.2257273,33.93586],[118.2257422,33.9356119],[118.2258011,33.9346341],[118.2258041,33.9345845],[118.2258515,33.9337953],[118.2258536,33.9336318],[118.225852,33.9336104],[118.2258455,33.9335256]]}},{"type":"Feature","id":"way/1126933998","properties":{"osm_id":1126933998,"name":"天池山路","highway":"tertiary"},"geometry":{"type":"LineString","coordinates":[[118.2253123,33.9427122],[118.2253361,33.9422642]]}},{"type":"Feature","id":"way/1126934002","properties":{"osm_id":1126934002,"name":"淀山湖路","highway":"residential"},"geometry":{"type":"LineString","coordinates":[[118.2140653,33.9365307],[118.2140861,33.9365299],[118.2143285,33.9365298],[118.214487,33.9365297],[118.21578,33.9365289],[118.2164002,33.9365285],[118.2171133,33.9365281],[118.2174106,33.9365279],[118.2175327,33.9365278],[118.2195215,33.9365393],[118.2213311,33.93655]]}},{"type":"Feature","id":"way/1126934003","properties":{"osm_id":1126934003,"name":"鄱阳湖路","highway":"tertiary"},"geometry":{"type":"LineString","coordinates":[[118.2134572,33.9329004],[118.2148958,33.932956],[118.2158413,33.9329925],[118.216711,33.9330382],[118.2168745,33.9330492],[118.2174645,33.9330746],[118.2176622,33.9331213],[118.2177707,33.9331469],[118.218275,33.933309],[118.2183555,33.9333481],[118.2184364,33.9334012],[118.2217928,33.9349365],[118.2219314,33.9349981],[118.2220504,33.935051],[118.2235508,33.9357174],[118.2244395,33.9361121],[118.2256744,33.9366547],[118.2257419,33.9366844],[118.2271139,33.9367568],[118.2272527,33.9367631],[118.2293583,33.9368589],[118.229403,33.9368609],[118.2295508,33.9369165]]}},{"type":"Feature","id":"way/1127815383","properties":{"osm_id":1127815383,"name":"徐州外环公路","highway":"trunk","ref":"G206;G311"},"geometry":{"type":"LineString","coordinates":[[117.4641192,34.22],[117.4635325,34.2193259],[117.4625081,34.2180377],[117.4612115,34.2163135],[117.4605029,34.2151893]]}},{"type":"Feature","id":"way/1127815385","properties":{"osm_id":1127815385,"name":"徐州外环公路","highway":"trunk","ref":"G206;G311"},"geometry":{"type":"LineString","coordinates":[[117.4606614,34.2152082],[117.4613692,34.216265],[117.4626213,34.2179915],[117.463663,34.2192552],[117.4643139,34.22]]}},{"type":"Feature","id":"way/1136489893","properties":{"osm_id":1136489893,"name":"启源中路","highway":"residential"},"geometry":{"type":"LineString","coordinates":[[118.202413,33.9285992],[118.2020187,33.9285845],[118.2008625,33.9285209],[118.1993621,33.9284529],[118.1978384,33.9283813]]}},{"type":"Feature","id":"way/1148536275","properties":{"osm_id":1148536275,"name":"民便河风景道","highway":"unclassified"},"geometry":{"type":"LineString","coordinates":[[118.1812611,33.9712969],[118.1813072,33.9712566],[118.1815009,33.9710875],[118.1815722,33.9710426],[118.1817406,33.9709365],[118.181938,33.9708405],[118.1821152,33.9707656],[118.1821837,33.9707366],[118.1825288,33.9705907],[118.1832192,33.970345],[118.1832922,33.9703189],[118.1839034,33.9701003],[118.1848706,33.9697927],[118.1853959,33.9696775],[118.1856945,33.9696142],[118.186601,33.9695119],[118.1869138,33.9694766],[118.1874294,33.9694184],[118.1879179,33.9693922],[118.1882476,33.9693721],[118.1883941,33.9693525],[118.1885786,33.9692864],[118.1886899,33.9692084],[118.1888045,33.969098],[118.188951,33.9689173],[118.1895432,33.9681866],[118.1896939,33.9680506],[118.189794,33.9679602]]}},{"type":"Feature","id":"way/1149102639","properties":{"osm_id":1149102639,"name":"骆马湖二线","highway":"tertiary"},"geometry":{"type":"LineString","coordinates":[[118.1106728,34.0456559],[118.1107196,34.0455619],[118.1107214,34.045469],[118.1106998,34.0453669],[118.1106478,34.0452548],[118.1105739,34.0451679],[118.110531,34.0451284],[118.1080007,34.0427986],[118.1075165,34.0423754]]}},{"type":"Feature","id":"way/1149102641","properties":{"osm_id":1149102641,"name":"骆马湖二线","highway":"tertiary"},"geometry":{"type":"LineString","coordinates":[[118.1110082,34.0450568],[118.1110603,34.0448932],[118.111105,34.0447297],[118.1113401,34.0435059],[118.1113968,34.043312],[118.1118765,34.0421321],[118.1119578,34.0420046],[118.1120939,34.0418164],[118.112153,34.0417017],[118.1123668,34.0412111],[118.1124118,34.0411502],[118.1124822,34.0410833],[118.1125929,34.0409688],[118.1132538,34.0398205],[118.1134702,34.0394445],[118.1135057,34.0393767],[118.1135899,34.0392852],[118.1136932,34.0392163],[118.1150723,34.0382148],[118.1164565,34.037361],[118.1167204,34.0371982],[118.1167516,34.0371556],[118.1167893,34.0370195],[118.1168078,34.0369771],[118.1168308,34.0369413],[118.1184424,34.0357948],[118.1187183,34.0352316],[118.1188511,34.0348942],[118.1188658,34.0348313],[118.1188626,34.0347556],[118.1187343,34.0342287],[118.1194901,34.0340772],[118.1195613,34.0340478]]}},{"type":"Feature","id":"way/1149102642","properties":{"osm_id":1149102642,"name":"育才路","highway":"tertiary"},"geometry":{"type":"LineString","coordinates":[[118.1075165,34.0423754],[118.1072509,34.0421995],[118.1070689,34.0420188],[118.1069676,34.0418454],[118.1069045,34.0416879],[118.1068747,34.0415072],[118.106864,34.0413194],[118.1068717,34.0412577],[118.1068964,34.0411129],[118.1069364,34.0409803],[118.1069987,34.0408455],[118.1073339,34.0401724],[118.1074526,34.039934],[118.1077766,34.0393463],[118.1089153,34.0372809],[118.1090536,34.0370358],[118.1091237,34.0368824],[118.1091682,34.0367681],[118.1092069,34.036658],[118.1092301,34.0365907],[118.1092571,34.0363598],[118.1093042,34.0356662],[118.109337,34.0351827],[118.1094606,34.0333635]]}},{"type":"Feature","id":"way/1149102643","properties":{"osm_id":1149102643,"name":"育才路","highway":"tertiary"},"geometry":{"type":"LineString","coordinates":[[118.109621,34.0333488],[118.109537,34.0345136],[118.1095195,34.0347553],[118.109488,34.0351925],[118.1094568,34.0356255],[118.1094108,34.0362632],[118.1093555,34.0365896],[118.1092758,34.0368268],[118.1091434,34.037151],[118.1089763,34.0374786],[118.1081726,34.0389724],[118.1079372,34.0394099],[118.1075065,34.0402104],[118.1071203,34.0409264],[118.1070787,34.0410308],[118.107042,34.041195],[118.1070362,34.0413728],[118.1070424,34.0414868],[118.1070779,34.0416783],[118.1071563,34.0418585],[118.1072914,34.0420658],[118.1073686,34.0421736],[118.1075165,34.0423754]]}},{"type":"Feature","id":"way/1150169655","properties":{"osm_id":1150169655,"name":"科苑路","highway":"tertiary"},"geometry":{"type":"LineString","coordinates":[[118.1943632,33.9183749],[118.1944305,33.9185682],[118.1944416,33.9188765],[118.1944675,33.9195927],[118.1944879,33.9201558],[118.1945205,33.921059],[118.1945577,33.9220866],[118.1946436,33.9240848],[118.194657,33.9243754],[118.1946583,33.9244017],[118.1947274,33.9258585],[118.1947355,33.9260292]]}},{"type":"Feature","id":"way/1150169656","properties":{"osm_id":1150169656,"name":"科苑路","highway":"tertiary"},"geometry":{"type":"LineString","coordinates":[[118.1947355,33.9260292],[118.1947478,33.9263566]]}},{"type":"Feature","id":"way/1150169658","properties":{"osm_id":1150169658,"name":"科苑路","highway":"tertiary"},"geometry":{"type":"LineString","coordinates":[[118.1952672,33.9399607],[118.1952123,33.9394139],[118.1952096,33.9393472],[118.1951079,33.936793],[118.1951031,33.936685],[118.195067,33.9358725],[118.1950322,33.9353035],[118.1950042,33.9348448],[118.1949584,33.9334569],[118.194942,33.933006],[118.1948961,33.9317456],[118.1948256,33.9306378],[118.1948202,33.9305501],[118.1947817,33.9292387],[118.1947258,33.9280158],[118.1946996,33.9271987],[118.1946405,33.9264469],[118.1946363,33.9263522]]}},{"type":"Feature","id":"way/1150169659","properties":{"osm_id":1150169659,"name":"古城路","highway":"secondary"},"geometry":{"type":"LineString","coordinates":[[118.2068362,33.9391722],[118.2057896,33.9391932],[118.2052106,33.9392048],[118.2051104,33.9392068],[118.2040423,33.9392283],[118.203988,33.9392294],[118.2038353,33.9392324],[118.2037544,33.939234],[118.2028377,33.9392517],[118.2027828,33.9392528],[118.2025375,33.9392575],[118.2022982,33.9392622],[118.2013896,33.9392797],[118.1992565,33.9393261],[118.1978432,33.9393568],[118.1974224,33.939366],[118.1960101,33.9393967],[118.1953018,33.9394121],[118.1952123,33.9394139]]}},{"type":"Feature","id":"way/1150169830","properties":{"osm_id":1150169830,"name":"光能路","highway":"tertiary"},"geometry":{"type":"LineString","coordinates":[[118.1722481,33.9215613],[118.1753334,33.921962],[118.178167,33.9223463],[118.1783036,33.9223649],[118.1797993,33.9225863],[118.1798516,33.922594],[118.1798982,33.9226009],[118.1812082,33.9227949],[118.1816666,33.9228628],[118.1827202,33.9230188],[118.1838885,33.9231917],[118.1867254,33.9235659],[118.1872521,33.9236354],[118.1879433,33.9237265],[118.1880326,33.9237383]]}},{"type":"Feature","id":"way/1150180254","properties":{"osm_id":1150180254,"name":"科盛路","highway":"tertiary"},"geometry":{"type":"LineString","coordinates":[[118.1817101,33.9332195],[118.1817355,33.9330514],[118.1817621,33.9328821],[118.181821,33.932564],[118.1819048,33.9320768],[118.1820122,33.9315666],[118.1820648,33.9313164],[118.1822927,33.9303136],[118.1823987,33.9299126],[118.1824181,33.929839],[118.1826277,33.9289051],[118.1828222,33.9280397],[118.1830452,33.927045],[118.1832254,33.926242]]}},{"type":"Feature","id":"way/1150180255","properties":{"osm_id":1150180255,"name":"科盛路","highway":"tertiary"},"geometry":{"type":"LineString","coordinates":[[118.1833094,33.9262486],[118.1831227,33.9270522],[118.1830248,33.9274733],[118.182962,33.9277603],[118.182778,33.9286016],[118.182609,33.9293748],[118.1825028,33.9298441],[118.1824836,33.9299179],[118.1822446,33.930883],[118.1821201,33.9314086],[118.1820873,33.9315724],[118.1820283,33.931867],[118.1819556,33.9322322],[118.1818623,33.9327821],[118.1818022,33.9331392],[118.1817883,33.9332383]]}},{"type":"Feature","id":"way/1150318951","properties":{"osm_id":1150318951,"name":"上海路","highway":"secondary"},"geometry":{"type":"LineString","coordinates":[[118.2096174,33.8793272],[118.2095198,33.8793308],[118.2059289,33.8794617],[118.2045525,33.8795119],[118.2031796,33.879562],[118.2030796,33.8795838],[118.2030331,33.8796047],[118.2030065,33.8796241],[118.2029767,33.8796569],[118.2029452,33.879702],[118.2029209,33.8797566],[118.2029109,33.8798504]]}},{"type":"Feature","id":"way/1150341907","properties":{"osm_id":1150341907,"name":"科盛路","highway":"tertiary"},"geometry":{"type":"LineString","coordinates":[[118.1857662,33.9151476],[118.185732,33.9152934],[118.1857051,33.915408],[118.1856764,33.9155306],[118.1856282,33.9157369],[118.1855818,33.915935],[118.1854826,33.9163595],[118.1854342,33.9165663],[118.1853849,33.9167771],[118.1853371,33.9169768],[118.1852241,33.9174588],[118.1850586,33.9181639],[118.1850052,33.9183918],[118.1849904,33.9184549],[118.184529,33.9204218],[118.1844337,33.9208342],[118.1842885,33.921462],[118.1842167,33.9217722],[118.1841075,33.9222444],[118.1840142,33.9226479],[118.1838885,33.9231917],[118.18374,33.9238341],[118.1835294,33.9248681],[118.1833386,33.9258045]]}},{"type":"Feature","id":"way/1150349874","properties":{"osm_id":1150349874,"name":"古黄河风景南道","highway":"unclassified"},"geometry":{"type":"LineString","coordinates":[[118.0603063,34.0217965],[118.0613343,34.0222934],[118.066985,34.025014],[118.0670143,34.0250281],[118.0705338,34.0267519],[118.0730766,34.0280014],[118.0738633,34.0284034],[118.0747078,34.0287491],[118.074934,34.028833],[118.0764761,34.0294049],[118.0773609,34.0297405],[118.0788483,34.0303072],[118.0788861,34.0303216],[118.0798612,34.0306937],[118.0818993,34.0315246],[118.0820856,34.031602],[118.0827986,34.0318983],[118.0834576,34.0321722],[118.0842809,34.0324972],[118.0845003,34.0325787],[118.0845963,34.0325991],[118.085216,34.0326858],[118.0858314,34.0327562],[118.0871534,34.0328594],[118.0885515,34.0330239],[118.0891484,34.0330608],[118.0894916,34.033053],[118.0898167,34.0330021],[118.0898748,34.0329908],[118.0903905,34.0328901],[118.0912519,34.032722],[118.0926595,34.0324429],[118.0943255,34.032109],[118.095733,34.0318467],[118.0960527,34.0317769],[118.096335,34.031687],[118.0973992,34.0313061],[118.0981015,34.0310548],[118.0988681,34.0307698],[118.099035,34.0307089],[118.0992961,34.0306349],[118.0994617,34.0306093],[118.0996405,34.0305815],[118.0997329,34.0305503]]}},{"type":"Feature","id":"way/1150429478","properties":{"osm_id":1150429478,"name":"古黄河风景北道","highway":"unclassified"},"geometry":{"type":"LineString","coordinates":[[118.0600953,34.0223977],[118.0602015,34.0224551],[118.0605721,34.0226077],[118.0607715,34.022754],[118.0610309,34.0228902],[118.0638683,34.0242306],[118.0666264,34.0255498],[118.0666511,34.0255617],[118.0674223,34.0259345],[118.0705489,34.0274565],[118.0730046,34.0286495],[118.0734957,34.0289048],[118.0740764,34.0291439],[118.0740951,34.0291516],[118.0744709,34.029301],[118.0773004,34.0303726],[118.0804107,34.0315462],[118.0838429,34.0329171],[118.0843015,34.0331377],[118.0848066,34.0332326],[118.0868426,34.033443],[118.0884173,34.0335033]]}},{"type":"Feature","id":"way/1150429487","properties":{"osm_id":1150429487,"name":"古黄河风景北道","highway":"unclassified"},"geometry":{"type":"LineString","coordinates":[[118.0884173,34.0335033],[118.0890686,34.0335386],[118.0899152,34.0335429],[118.0899636,34.0335356],[118.0906877,34.0334272],[118.0925528,34.0332024],[118.0934002,34.0331102],[118.0938939,34.0330841],[118.094053,34.0330569],[118.0967061,34.0322777],[118.099997,34.0313079],[118.1000395,34.0312926]]}},{"type":"Feature","id":"way/1150429491","properties":{"osm_id":1150429491,"name":"古黄河风景北道","highway":"unclassified"},"geometry":{"type":"LineString","coordinates":[[118.1328207,34.0171589],[118.1330658,34.0171339],[118.1342107,34.0169656],[118.1356839,34.0167133],[118.13603,34.0166709],[118.136201,34.0166814],[118.1365227,34.0167436],[118.1368496,34.0168195],[118.1388819,34.017291],[118.1393412,34.0173932],[118.1420335,34.0179926],[118.1449289,34.0186432],[118.1451073,34.0186825],[118.1464993,34.0189891],[118.1470416,34.0191086],[118.1472236,34.0191615],[118.1475416,34.0192901],[118.1490325,34.0199385],[118.1491475,34.0199897],[118.1500599,34.0203956],[118.151439,34.0210092],[118.151503,34.0210373],[118.1515835,34.0210726],[118.1516831,34.0210845],[118.151955,34.0210419],[118.1521819,34.0210098],[118.1527368,34.0209846],[118.1529304,34.0209916],[118.1532282,34.0209488],[118.1538972,34.0208398],[118.1540304,34.0208251],[118.1541782,34.0208216],[118.154377,34.0208713],[118.1545481,34.0209321],[118.1546933,34.0210338],[118.1547837,34.0211306],[118.1549867,34.021321],[118.1550839,34.021375],[118.1551215,34.0213937],[118.1552478,34.0214342],[118.1553359,34.0214606],[118.1554023,34.021476]]}},{"type":"Feature","id":"way/1150429492","properties":{"osm_id":1150429492,"name":"古黄河风景北道","highway":"unclassified"},"geometry":{"type":"LineString","coordinates":[[118.1002937,34.0312103],[118.1014578,34.0308751],[118.1024393,34.030539],[118.1028049,34.0303673],[118.1034736,34.0300278],[118.1041495,34.0297313],[118.1046322,34.0294702],[118.1056251,34.0289063],[118.1074083,34.0278947],[118.1078316,34.0276719],[118.1085875,34.0272549],[118.1086361,34.0272281],[118.1090984,34.0269554],[118.1093844,34.0267866],[118.1097967,34.0265298],[118.1099559,34.0264481],[118.1101336,34.0263734],[118.1103493,34.0263133],[118.1106845,34.0262407],[118.1116537,34.026072],[118.1116841,34.0260667],[118.1124364,34.0259138],[118.1125876,34.0258715],[118.11266,34.0258581],[118.1127975,34.0258328],[118.1129217,34.0258033],[118.1129947,34.0257859],[118.1130948,34.0257529],[118.1131743,34.0257113],[118.113255,34.0256436],[118.1133039,34.0255734],[118.113362,34.0255361],[118.1134393,34.0255085],[118.1139933,34.0253647],[118.115004,34.0251234],[118.1155948,34.0249928],[118.1157295,34.0249564],[118.1158476,34.0249112],[118.1174666,34.0240901]]}},{"type":"Feature","id":"way/1150429493","properties":{"osm_id":1150429493,"name":"古黄河风景北道","highway":"unclassified"},"geometry":{"type":"LineString","coordinates":[[118.1174666,34.0240901],[118.1175852,34.0240247]]}},{"type":"Feature","id":"way/1150429494","properties":{"osm_id":1150429494,"name":"古黄河风景北道","highway":"unclassified"},"geometry":{"type":"LineString","coordinates":[[118.1175852,34.0240247],[118.1177796,34.0239174],[118.1186453,34.0234083],[118.1187017,34.023369],[118.1187652,34.0233045],[118.1193684,34.0225483],[118.1203457,34.0213945],[118.1203994,34.0213322],[118.1204579,34.0213017],[118.1205567,34.0212814],[118.1206507,34.0212836],[118.1213776,34.0213233],[118.1217899,34.0213152],[118.1219779,34.0212973],[118.1220754,34.0212786],[118.122175,34.0212315],[118.1222634,34.0211803],[118.1241661,34.0199982],[118.1242547,34.0199469],[118.1243143,34.019921]]}},{"type":"Feature","id":"way/1150429495","properties":{"osm_id":1150429495,"name":"古黄河风景北道","highway":"unclassified"},"geometry":{"type":"LineString","coordinates":[[118.1243143,34.019921],[118.1243678,34.0198977]]}},{"type":"Feature","id":"way/1150429496","properties":{"osm_id":1150429496,"name":"古黄河风景北道","highway":"unclassified"},"geometry":{"type":"LineString","coordinates":[[118.1243678,34.0198977],[118.1268292,34.0188274],[118.1284758,34.0181114],[118.1295351,34.0176508],[118.1297361,34.0175808],[118.1299209,34.0175518],[118.1301155,34.0175343],[118.1327103,34.0171712],[118.13274,34.0171671],[118.1327613,34.0171649]]}},{"type":"Feature","id":"way/1150429497","properties":{"osm_id":1150429497,"name":"古黄河风景北道","highway":"unclassified"},"geometry":{"type":"LineString","coordinates":[[118.1327613,34.0171649],[118.1328207,34.0171589]]}},{"type":"Feature","id":"way/1150429503","properties":{"osm_id":1150429503,"name":"宿邳线","highway":"primary","ref":"S250"},"geometry":{"type":"LineString","coordinates":[[118.0970274,34.0255702],[118.0970114,34.0255801]]}},{"type":"Feature","id":"way/1150429504","properties":{"osm_id":1150429504,"name":"宿邳线","highway":"primary","ref":"S250"},"geometry":{"type":"LineString","coordinates":[[118.0969383,34.025456],[118.0970437,34.0253844]]}},{"type":"Feature","id":"way/1150429505","properties":{"osm_id":1150429505,"name":"古黄河风景南道","highway":"unclassified"},"geometry":{"type":"LineString","coordinates":[[118.0997983,34.0305283],[118.0998765,34.0305019],[118.0999209,34.0304928],[118.1000685,34.0304625],[118.1001838,34.0304452],[118.1003178,34.0304098],[118.1008076,34.0302541],[118.1010123,34.0301858],[118.1011483,34.0301424],[118.101608,34.0299795],[118.1021114,34.029798],[118.1025844,34.029549],[118.1029712,34.029349],[118.1037769,34.0289427],[118.1048326,34.0283946],[118.1058462,34.0278584],[118.1063827,34.0275569],[118.107196,34.0270904],[118.107443,34.0269638],[118.1081396,34.0265821],[118.1084112,34.0264212],[118.1088037,34.0261862],[118.1090616,34.0260164],[118.1091606,34.0259715],[118.1092796,34.0259456],[118.1093979,34.0259087],[118.1095269,34.0258525],[118.1106153,34.0253872],[118.1115351,34.0249951],[118.1119055,34.0248451],[118.1120949,34.0248078],[118.1125514,34.0247949],[118.1126949,34.0247908],[118.1128181,34.0248009],[118.1131959,34.0248318],[118.1134399,34.0248301],[118.1137581,34.0248163],[118.1140008,34.0247766],[118.1143336,34.024695],[118.1146501,34.0246177],[118.1150945,34.0245194],[118.1154548,34.0244238],[118.1156843,34.0243288],[118.1160147,34.0241646],[118.1166171,34.0238491],[118.1171146,34.0235778],[118.1176825,34.0232551],[118.1181457,34.0229368],[118.1184257,34.022682],[118.1186497,34.0224427],[118.119941,34.0209471],[118.1203821,34.0204071],[118.1206593,34.020116]]}},{"type":"Feature","id":"way/1150429506","properties":{"osm_id":1150429506,"name":"古黄河风景南道","highway":"unclassified"},"geometry":{"type":"LineString","coordinates":[[118.0997329,34.0305503],[118.0997983,34.0305283]]}},{"type":"Feature","id":"way/1150963240","properties":{"osm_id":1150963240,"name":"宿迁大道","highway":"primary","ref":"S324"},"geometry":{"type":"LineString","coordinates":[[118.1639351,34.00173],[118.1636167,34.0017968],[118.1632429,34.0018559],[118.1626532,34.0018932],[118.1621551,34.0018861],[118.1618128,34.0018604],[118.1613543,34.0017949],[118.1612423,34.0017653],[118.1609076,34.001677],[118.1605498,34.0015643],[118.1601635,34.0014214],[118.1598225,34.0012557],[118.1594783,34.001049],[118.1592283,34.000873],[118.1589873,34.0006657],[118.1588111,34.0005068],[118.1585774,34.0002621],[118.1583919,34.0000544],[118.158162,33.9997541],[118.1574769,33.9986705]]}},{"type":"Feature","id":"way/1150963242","properties":{"osm_id":1150963242,"name":"宿迁大道","highway":"primary","ref":"S324"},"geometry":{"type":"LineString","coordinates":[[118.1712791,33.9982348],[118.1711124,33.9983165],[118.1693401,33.9991989],[118.1684946,33.9996292],[118.1676601,34.0000538],[118.1672984,34.0002332],[118.1659153,34.0009194],[118.1656165,34.0010692],[118.165199,34.0012785],[118.1645586,34.0015546],[118.1639351,34.00173]]}},{"type":"Feature","id":"way/1150963243","properties":{"osm_id":1150963243,"name":"宿迁大道","highway":"primary","ref":"S324"},"geometry":{"type":"LineString","coordinates":[[118.1726743,33.9975382],[118.1712791,33.9982348]]}},{"type":"Feature","id":"way/1150963250","properties":{"osm_id":1150963250,"name":"宿迁大道","highway":"primary","ref":"S324"},"geometry":{"type":"LineString","coordinates":[[118.2252332,33.9814469],[118.2251663,33.9814691],[118.2250959,33.9814889],[118.2249755,33.9815229],[118.2247965,33.9815718],[118.2246879,33.9815962],[118.2246335,33.9816084],[118.2245121,33.9816356],[118.2243938,33.981664],[118.2242079,33.9817086],[118.2233366,33.9819178],[118.2226915,33.9820925],[118.2202925,33.982742],[118.2184984,33.9832278],[118.2175742,33.983478],[118.2167297,33.9837067],[118.215427,33.9840582],[118.2136739,33.9845357],[118.2118948,33.9850112],[118.2109281,33.985272],[118.2101183,33.9854905],[118.2095201,33.9856519]]}},{"type":"Feature","id":"way/1155440873","properties":{"osm_id":1155440873,"highway":"primary_link"},"geometry":{"type":"LineString","coordinates":[[118.2097794,33.925843],[118.2100549,33.9258614],[118.2102597,33.9259048],[118.2108491,33.9260201],[118.2109559,33.9260205],[118.2110543,33.9259978],[118.2110969,33.9259737],[118.2111347,33.9259524],[118.2111906,33.92591],[118.2112201,33.9258675],[118.2112728,33.9256323]]}},{"type":"Feature","id":"way/1155440874","properties":{"osm_id":1155440874,"highway":"primary_link"},"geometry":{"type":"LineString","coordinates":[[118.2125243,33.926174],[118.2124119,33.9262702],[118.2123862,33.9263151],[118.2123632,33.9263686],[118.2123582,33.9264114],[118.212372,33.9264474],[118.2124161,33.9264789],[118.2124783,33.926518],[118.2126068,33.9265966],[118.2127197,33.9266868]]}},{"type":"Feature","id":"way/1155440892","properties":{"osm_id":1155440892,"name":"通湖大道","highway":"primary"},"geometry":{"type":"LineString","coordinates":[[118.2114694,33.9270507],[118.211421,33.926826],[118.2113174,33.926345],[118.2113077,33.9261892]]}},{"type":"Feature","id":"way/1155440893","properties":{"osm_id":1155440893,"name":"西湖西路","highway":"primary"},"geometry":{"type":"LineString","coordinates":[[118.2110845,33.9261318],[118.2113077,33.9261892]]}},{"type":"Feature","id":"way/1155440894","properties":{"osm_id":1155440894,"name":"北京路","highway":"primary","ref":"X101"},"geometry":{"type":"LineString","coordinates":[[118.2113077,33.9261892],[118.2114716,33.9261784]]}},{"type":"Feature","id":"way/1155440895","properties":{"osm_id":1155440895,"name":"通湖大道","highway":"primary","ref":"S250"},"geometry":{"type":"LineString","coordinates":[[118.2113766,33.9256478],[118.2114008,33.9257829],[118.2114716,33.9261784]]}},{"type":"Feature","id":"way/1155440896","properties":{"osm_id":1155440896,"name":"西湖西路","highway":"primary"},"geometry":{"type":"LineString","coordinates":[[118.2115093,33.9263888],[118.2113174,33.926345],[118.2111718,33.9263118],[118.2109249,33.9262555],[118.2104432,33.9261456]]}},{"type":"Feature","id":"way/1155440897","properties":{"osm_id":1155440897,"name":"通湖大道","highway":"primary","ref":"S250"},"geometry":{"type":"LineString","coordinates":[[118.2114716,33.9261784],[118.2114815,33.9262339],[118.2115093,33.9263888]]}},{"type":"Feature","id":"way/1155440899","properties":{"osm_id":1155440899,"name":"石公山路","highway":"tertiary"},"geometry":{"type":"LineString","coordinates":[[118.2175036,33.9292705],[118.217499,33.9293826]]}},{"type":"Feature","id":"way/1155788615","properties":{"osm_id":1155788615,"highway":"primary_link"},"geometry":{"type":"LineString","coordinates":[[118.2119176,33.9282452],[118.2120767,33.9284607]]}},{"type":"Feature","id":"way/1155788616","properties":{"osm_id":1155788616,"highway":"primary_link"},"geometry":{"type":"LineString","coordinates":[[118.2138032,33.9359184],[118.2139907,33.9362398]]}},{"type":"Feature","id":"way/1155788629","properties":{"osm_id":1155788629,"highway":"primary_link"},"geometry":{"type":"LineString","coordinates":[[118.2129264,33.9324477],[118.2131163,33.9326842]]}},{"type":"Feature","id":"way/1155788630","properties":{"osm_id":1155788630,"highway":"primary_link"},"geometry":{"type":"LineString","coordinates":[[118.2133182,33.9335013],[118.2132849,33.9338355]]}},{"type":"Feature","id":"way/1155788631","properties":{"osm_id":1155788631,"highway":"primary_link"},"geometry":{"type":"LineString","coordinates":[[118.2141999,33.937133],[118.2141864,33.9375667]]}},{"type":"Feature","id":"way/1155788632","properties":{"osm_id":1155788632,"highway":"primary_link"},"geometry":{"type":"LineString","coordinates":[[118.2142177,33.9377136],[118.2143332,33.9379102],[118.2144508,33.9380861]]}},{"type":"Feature","id":"way/1155788633","properties":{"osm_id":1155788633,"highway":"primary_link"},"geometry":{"type":"LineString","coordinates":[[118.2147548,33.9396824],[118.2146947,33.93998]]}},{"type":"Feature","id":"way/1155788636","properties":{"osm_id":1155788636,"highway":"primary_link"},"geometry":{"type":"LineString","coordinates":[[118.215255,33.9440018],[118.2154172,33.9444517]]}},{"type":"Feature","id":"way/1155788637","properties":{"osm_id":1155788637,"highway":"primary_link"},"geometry":{"type":"LineString","coordinates":[[118.2156317,33.9467271],[118.2155276,33.9470688]]}},{"type":"Feature","id":"way/1155788638","properties":{"osm_id":1155788638,"highway":"primary_link"},"geometry":{"type":"LineString","coordinates":[[118.2155441,33.9475714],[118.2156586,33.9478368]]}},{"type":"Feature","id":"way/1155788639","properties":{"osm_id":1155788639,"highway":"primary_link"},"geometry":{"type":"LineString","coordinates":[[118.2157519,33.9500711],[118.2156464,33.950382]]}},{"type":"Feature","id":"way/1155788640","properties":{"osm_id":1155788640,"highway":"primary_link"},"geometry":{"type":"LineString","coordinates":[[118.2156691,33.9541972],[118.2157861,33.9544916]]}},{"type":"Feature","id":"way/1155788641","properties":{"osm_id":1155788641,"highway":"primary_link"},"geometry":{"type":"LineString","coordinates":[[118.2158375,33.9565319],[118.215726,33.9568319]]}},{"type":"Feature","id":"way/1155788642","properties":{"osm_id":1155788642,"highway":"primary_link"},"geometry":{"type":"LineString","coordinates":[[118.2157286,33.9583998],[118.2158418,33.9586272]]}},{"type":"Feature","id":"way/1155788643","properties":{"osm_id":1155788643,"highway":"primary_link"},"geometry":{"type":"LineString","coordinates":[[118.2160666,33.9617186],[118.2159879,33.9619995]]}},{"type":"Feature","id":"way/1155788644","properties":{"osm_id":1155788644,"highway":"primary_link"},"geometry":{"type":"LineString","coordinates":[[118.216448,33.9647607],[118.2166166,33.9650257]]}},{"type":"Feature","id":"way/1155788645","properties":{"osm_id":1155788645,"highway":"primary_link"},"geometry":{"type":"LineString","coordinates":[[118.2169005,33.9661271],[118.2168816,33.9664651]]}},{"type":"Feature","id":"way/1155788646","properties":{"osm_id":1155788646,"highway":"primary_link"},"geometry":{"type":"LineString","coordinates":[[118.2176429,33.9688177],[118.2178273,33.9690151]]}},{"type":"Feature","id":"way/1155788652","properties":{"osm_id":1155788652,"highway":"primary_link"},"geometry":{"type":"LineString","coordinates":[[118.2159319,33.9628713],[118.2157703,33.9625027]]}},{"type":"Feature","id":"way/1155788653","properties":{"osm_id":1155788653,"highway":"primary_link"},"geometry":{"type":"LineString","coordinates":[[118.2156474,33.9601699],[118.2154964,33.9597733]]}},{"type":"Feature","id":"way/1155788654","properties":{"osm_id":1155788654,"highway":"primary_link"},"geometry":{"type":"LineString","coordinates":[[118.2154709,33.9587393],[118.215587,33.958391]]}},{"type":"Feature","id":"way/1155788655","properties":{"osm_id":1155788655,"highway":"primary_link"},"geometry":{"type":"LineString","coordinates":[[118.2155718,33.9576299],[118.2154558,33.9573224]]}},{"type":"Feature","id":"way/1155788656","properties":{"osm_id":1155788656,"highway":"primary_link"},"geometry":{"type":"LineString","coordinates":[[118.2153953,33.9553096],[118.2155376,33.9549103]]}},{"type":"Feature","id":"way/1155788657","properties":{"osm_id":1155788657,"highway":"primary_link"},"geometry":{"type":"LineString","coordinates":[[118.2154974,33.9512252],[118.2153678,33.9508657]]}},{"type":"Feature","id":"way/1155788658","properties":{"osm_id":1155788658,"highway":"primary_link"},"geometry":{"type":"LineString","coordinates":[[118.2151179,33.9454963],[118.2152242,33.9450774]]}},{"type":"Feature","id":"way/1155788659","properties":{"osm_id":1155788659,"highway":"primary_link"},"geometry":{"type":"LineString","coordinates":[[118.2146812,33.9408193],[118.2145204,33.9405357]]}},{"type":"Feature","id":"way/1155788660","properties":{"osm_id":1155788660,"highway":"primary_link"},"geometry":{"type":"LineString","coordinates":[[118.2140697,33.9383781],[118.2141628,33.9380985]]}},{"type":"Feature","id":"way/1155788661","properties":{"osm_id":1155788661,"highway":"primary_link"},"geometry":{"type":"LineString","coordinates":[[118.2137217,33.9361729],[118.2136187,33.9360354],[118.2135389,33.9358981]]}},{"type":"Feature","id":"way/1155788662","properties":{"osm_id":1155788662,"highway":"primary_link"},"geometry":{"type":"LineString","coordinates":[[118.2132655,33.9348066],[118.2133046,33.9344641]]}},{"type":"Feature","id":"way/1155788663","properties":{"osm_id":1155788663,"highway":"primary_link"},"geometry":{"type":"LineString","coordinates":[[118.2129771,33.9331369],[118.2127637,33.9327862]]}},{"type":"Feature","id":"way/1155788664","properties":{"osm_id":1155788664,"highway":"primary_link"},"geometry":{"type":"LineString","coordinates":[[118.2122978,33.930891],[118.2123203,33.9304893]]}},{"type":"Feature","id":"way/1155788665","properties":{"osm_id":1155788665,"highway":"primary_link"},"geometry":{"type":"LineString","coordinates":[[118.2117529,33.9281725],[118.2115459,33.9278257]]}},{"type":"Feature","id":"way/1155788669","properties":{"osm_id":1155788669,"highway":"primary_link"},"geometry":{"type":"LineString","coordinates":[[118.2153586,33.9469156],[118.2151918,33.9465653]]}},{"type":"Feature","id":"way/1155788691","properties":{"osm_id":1155788691,"name":"东莞路","highway":"tertiary"},"geometry":{"type":"LineString","coordinates":[[118.1385896,33.9032807],[118.1385782,33.9024766],[118.1385705,33.9019343],[118.1385485,33.9007944],[118.1385517,33.9005492],[118.1385534,33.9004155],[118.1385925,33.9001202],[118.138677,33.8995374],[118.1386915,33.8993168],[118.1387016,33.8991629],[118.138691,33.8989506],[118.1385928,33.8979951],[118.1385146,33.8973035],[118.1384665,33.8968772]]}},{"type":"Feature","id":"way/1155788692","properties":{"osm_id":1155788692,"name":"泗睢线","highway":"primary","ref":"S325"},"geometry":{"type":"LineString","coordinates":[[118.1423508,33.8972137],[118.1407735,33.8969693],[118.1401399,33.8969021],[118.13911,33.8968665],[118.1384665,33.8968772]]}},{"type":"Feature","id":"way/1155788693","properties":{"osm_id":1155788693,"name":"东莞路","highway":"tertiary"},"geometry":{"type":"LineString","coordinates":[[118.1384665,33.8968772],[118.1385707,33.8971131],[118.1385923,33.8973011],[118.1387176,33.8983903],[118.1387663,33.898814],[118.138776,33.8992036],[118.1387701,33.8993019],[118.1387573,33.8995165],[118.138662,33.900301],[118.1386501,33.9005494],[118.1386299,33.9009733],[118.1386544,33.9024736],[118.1386678,33.9032809],[118.1385896,33.9032807]]}},{"type":"Feature","id":"way/1155788698","properties":{"osm_id":1155788698,"name":"泗睢线","highway":"primary","ref":"S325"},"geometry":{"type":"LineString","coordinates":[[118.1460442,33.897787],[118.1453518,33.8976795],[118.1424091,33.8972227],[118.1423508,33.8972137]]}},{"type":"Feature","id":"way/1155788727","properties":{"osm_id":1155788727,"name":"阿里路","highway":"tertiary"},"geometry":{"type":"LineString","coordinates":[[118.1422567,33.8837159],[118.1422692,33.8851305],[118.1422706,33.8852051],[118.1423079,33.8871827],[118.1423256,33.8881225],[118.1423581,33.8892728],[118.142361,33.890304],[118.1423614,33.8903355],[118.1423764,33.8915069],[118.1423893,33.8930481],[118.1424258,33.8952926],[118.1424355,33.8965305],[118.1424313,33.8971258],[118.1424104,33.8971487],[118.1423508,33.8972137]]}},{"type":"Feature","id":"way/1160592043","properties":{"osm_id":1160592043,"name":"淀山湖路","highway":"residential"},"geometry":{"type":"LineString","coordinates":[[118.2218539,33.9366096],[118.221734,33.9366066]]}},{"type":"Feature","id":"way/1160592044","properties":{"osm_id":1160592044,"name":"淀山湖路","highway":"residential"},"geometry":{"type":"LineString","coordinates":[[118.22174,33.9365521],[118.2218606,33.9365568]]}},{"type":"Feature","id":"way/1160592045","properties":{"osm_id":1160592045,"name":"淀山湖路","highway":"residential"},"geometry":{"type":"LineString","coordinates":[[118.2214995,33.9365507],[118.22174,33.9365521]]}},{"type":"Feature","id":"way/1160592046","properties":{"osm_id":1160592046,"name":"淀山湖路","highway":"residential"},"geometry":{"type":"LineString","coordinates":[[118.2213311,33.93655],[118.2214995,33.9365507]]}},{"type":"Feature","id":"way/1164986589","properties":{"osm_id":1164986589,"name":"潘山大道","highway":"tertiary"},"geometry":{"type":"LineString","coordinates":[[118.1902881,33.7653704],[118.1903001,33.7642681],[118.1903078,33.7635407],[118.1902924,33.7628117],[118.1902484,33.7619676],[118.1902435,33.7615878],[118.1902135,33.7609709],[118.1901188,33.7582858],[118.1900726,33.7575823],[118.1900659,33.7575461],[118.1899517,33.7569245],[118.1897913,33.7562356],[118.1895957,33.7555723],[118.1894792,33.7551667],[118.1892221,33.7544997],[118.1888588,33.7536953],[118.1887188,33.7534158],[118.1886393,33.7532572],[118.188385,33.7528388],[118.1880977,33.7523734],[118.1877663,33.7518967],[118.1875401,33.7516013],[118.1873274,33.7513191],[118.1868649,33.7507171],[118.1866586,33.7504486]]}},{"type":"Feature","id":"way/1165053818","properties":{"osm_id":1165053818,"name":"徐明高速","highway":"motorway","ref":"S65"},"geometry":{"type":"LineString","coordinates":[[117.6410007,34.1642473],[117.6412875,34.1625174],[117.6415863,34.1601761],[117.641786,34.1574136],[117.6418315,34.1558981],[117.6418383,34.1516439],[117.6418084,34.1482876],[117.6417677,34.1437436],[117.6417428,34.14097]]}},{"type":"Feature","id":"way/1165053819","properties":{"osm_id":1165053819,"name":"徐明高速","highway":"motorway","ref":"S65"},"geometry":{"type":"LineString","coordinates":[[117.6419244,34.1409744],[117.6419251,34.1411529],[117.6419444,34.1458258],[117.6419684,34.1516436],[117.6419617,34.1558995],[117.641916,34.1574181],[117.641716,34.1601849],[117.6414167,34.1625304],[117.6411295,34.1642628]]}},{"type":"Feature","id":"way/1165053820","properties":{"osm_id":1165053820,"name":"徐明高速","highway":"motorway","ref":"S65"},"geometry":{"type":"LineString","coordinates":[[117.6405694,34.0893444],[117.6408988,34.0877406],[117.6411507,34.0861008],[117.6414482,34.0836925],[117.6415875,34.0815598],[117.6416183,34.0802593],[117.6416277,34.079152],[117.6415835,34.07779]]}},{"type":"Feature","id":"way/1165053821","properties":{"osm_id":1165053821,"name":"徐明高速","highway":"motorway","ref":"S65"},"geometry":{"type":"LineString","coordinates":[[117.6417135,34.0777847],[117.6417578,34.0791509],[117.6417484,34.0802607],[117.6417175,34.0815638],[117.6415779,34.0837009],[117.64128,34.0861131],[117.6410276,34.0877564],[117.6406972,34.0893647]]}},{"type":"Feature","id":"way/1165053831","properties":{"osm_id":1165053831,"name":"徐明高速","highway":"motorway","ref":"S65"},"geometry":{"type":"LineString","coordinates":[[117.6365359,34.0212272],[117.6353347,34.0170891]]}},{"type":"Feature","id":"way/1165053832","properties":{"osm_id":1165053832,"name":"徐明高速","highway":"motorway","ref":"S65"},"geometry":{"type":"LineString","coordinates":[[117.6354575,34.0170697],[117.6366867,34.0211894]]}},{"type":"Feature","id":"way/1165053833","properties":{"osm_id":1165053833,"highway":"motorway_link"},"geometry":{"type":"LineString","coordinates":[[117.6398587,34.0585202],[117.6400696,34.0603219],[117.640301,34.0611576],[117.6406047,34.0617118],[117.6408578,34.0620322],[117.6412989,34.0623887],[117.6417545,34.0626013],[117.6424234,34.062805],[117.6430308,34.062838],[117.6433847,34.0628024],[117.6442435,34.0626368]]}},{"type":"Feature","id":"way/1174839604","properties":{"osm_id":1174839604,"highway":"secondary"},"geometry":{"type":"LineString","coordinates":[[117.9440323,33.9120423],[117.9440554,33.9118321],[117.9440547,33.9117326],[117.9441579,33.9077703],[117.9442086,33.9067527],[117.9442039,33.9039538],[117.9442156,33.90244]]}},{"type":"Feature","id":"way/1174839605","properties":{"osm_id":1174839605,"highway":"secondary"},"geometry":{"type":"LineString","coordinates":[[117.9439805,33.9123277],[117.9440323,33.9120423]]}},{"type":"Feature","id":"way/1174839606","properties":{"osm_id":1174839606,"highway":"secondary"},"geometry":{"type":"LineString","coordinates":[[117.9442173,33.9022094],[117.9442182,33.9020906],[117.9442225,33.9006884],[117.9442357,33.8998224],[117.9442994,33.8971801]]}},{"type":"Feature","id":"way/1174839607","properties":{"osm_id":1174839607,"highway":"secondary"},"geometry":{"type":"LineString","coordinates":[[117.9442156,33.90244],[117.9442173,33.9022094]]}},{"type":"Feature","id":"way/1174839612","properties":{"osm_id":1174839612,"highway":"secondary"},"geometry":{"type":"LineString","coordinates":[[117.9301902,33.9118223],[117.9301947,33.9116573],[117.9301993,33.9115379],[117.9302333,33.911205],[117.9304224,33.9076617],[117.9312723,33.9034419],[117.9315701,33.9000008],[117.9316887,33.8974664],[117.9318793,33.8945595],[117.931881,33.894359],[117.9297356,33.8895779],[117.9296908,33.8894781]]}},{"type":"Feature","id":"way/1174839613","properties":{"osm_id":1174839613,"highway":"secondary"},"geometry":{"type":"LineString","coordinates":[[117.9301939,33.9122064],[117.9301902,33.9118223]]}},{"type":"Feature","id":"way/1175190386","properties":{"osm_id":1175190386,"highway":"motorway_link"},"geometry":{"type":"LineString","coordinates":[[117.637023,34.0658587],[117.6375461,34.0652343],[117.6380879,34.0645033],[117.6387128,34.0633679],[117.6390664,34.0624309],[117.6392761,34.0615347],[117.6394848,34.0596223],[117.639635,34.0585912],[117.6397911,34.0576014]]}},{"type":"Feature","id":"way/1175190387","properties":{"osm_id":1175190387,"highway":"motorway_link"},"geometry":{"type":"LineString","coordinates":[[117.6385943,34.0669015],[117.6386051,34.0671104],[117.6386909,34.0673015],[117.6388411,34.0674259],[117.6391415,34.0675148],[117.6394205,34.067497],[117.6396136,34.0673992],[117.6398282,34.0671504],[117.6399033,34.0667504],[117.6399118,34.0661387]]}},{"type":"Feature","id":"way/1175190388","properties":{"osm_id":1175190388,"highway":"motorway_link"},"geometry":{"type":"LineString","coordinates":[[117.6486233,34.0610335],[117.6459516,34.0623265],[117.6441707,34.0632775],[117.643307,34.0638375],[117.6426901,34.0643085],[117.6421375,34.0648418],[117.6414724,34.0655661],[117.6411988,34.065815],[117.6408662,34.0660061],[117.6405658,34.0661261],[117.6401956,34.0662283],[117.6393883,34.0663327],[117.639045,34.0663949],[117.6387875,34.0665127],[117.6386587,34.0666927],[117.6385943,34.0669015]]}},{"type":"Feature","id":"way/1175190389","properties":{"osm_id":1175190389,"name":"徐明高速","highway":"motorway","ref":"S65"},"geometry":{"type":"LineString","coordinates":[[117.6398587,34.0585202],[117.63978,34.0600258],[117.6397736,34.0605932]]}},{"type":"Feature","id":"way/1175190390","properties":{"osm_id":1175190390,"name":"徐明高速","highway":"motorway","ref":"S65"},"geometry":{"type":"LineString","coordinates":[[117.6399118,34.0661387],[117.6397857,34.0649788],[117.6396912,34.0636547],[117.6396435,34.0605978]]}},{"type":"Feature","id":"way/1175190391","properties":{"osm_id":1175190391,"name":"徐明高速","highway":"motorway","ref":"S65"},"geometry":{"type":"LineString","coordinates":[[117.6404536,34.0694104],[117.6400545,34.0670149],[117.6399997,34.0667113],[117.6399118,34.0661387]]}},{"type":"Feature","id":"way/1175190392","properties":{"osm_id":1175190392,"name":"徐明高速","highway":"motorway","ref":"S65"},"geometry":{"type":"LineString","coordinates":[[117.6397736,34.0605932],[117.6398614,34.0636543],[117.6399364,34.0648638],[117.6400355,34.066104],[117.6401918,34.0670178],[117.6405876,34.0693326]]}},{"type":"Feature","id":"way/1175190393","properties":{"osm_id":1175190393,"highway":"motorway_link"},"geometry":{"type":"LineString","coordinates":[[117.6410486,34.065655],[117.6406838,34.0658461],[117.6403083,34.0659661],[117.6395465,34.066135],[117.6387128,34.0663097],[117.6383266,34.0664475],[117.6372161,34.0669697]]}},{"type":"Feature","id":"way/1175190394","properties":{"osm_id":1175190394,"highway":"motorway_link"},"geometry":{"type":"LineString","coordinates":[[117.6405872,34.062051],[117.6412524,34.0629664],[117.6416118,34.0635353],[117.6418049,34.0639352],[117.6418371,34.0642285],[117.6418157,34.0644863],[117.6417567,34.0647174],[117.6416923,34.0649173],[117.6415635,34.0651129],[117.6414026,34.0653306],[117.641247,34.065495],[117.6410486,34.065655]]}},{"type":"Feature","id":"way/1175190395","properties":{"osm_id":1175190395,"highway":"motorway_link"},"geometry":{"type":"LineString","coordinates":[[117.6400696,34.0603219],[117.6402171,34.0611666],[117.6404263,34.061731],[117.6405872,34.062051]]}},{"type":"Feature","id":"way/1175190396","properties":{"osm_id":1175190396,"highway":"motorway_link"},"geometry":{"type":"LineString","coordinates":[[117.6396833,34.0686079],[117.6393829,34.0683191],[117.6390181,34.0680258],[117.6386426,34.0677992],[117.6382778,34.0676347],[117.6377414,34.0674925]]}},{"type":"Feature","id":"way/1175190397","properties":{"osm_id":1175190397,"highway":"motorway_link"},"geometry":{"type":"LineString","coordinates":[[117.6407723,34.0678214],[117.6407669,34.0686701],[117.64096,34.0703854],[117.6410784,34.072077]]}},{"type":"Feature","id":"way/1175190400","properties":{"osm_id":1175190400,"highway":"motorway_link"},"geometry":{"type":"LineString","coordinates":[[117.6385197,34.0641811],[117.6389167,34.0637923],[117.63937,34.063499],[117.6397455,34.0633212],[117.6402819,34.0631523],[117.6408827,34.0630568],[117.6415153,34.063042],[117.6422448,34.0630686],[117.6427652,34.0630375],[117.6435108,34.0628953],[117.6442435,34.0626368],[117.6452413,34.0621813],[117.6479981,34.0609963]]}},{"type":"Feature","id":"way/1175190401","properties":{"osm_id":1175190401,"highway":"motorway_link"},"geometry":{"type":"LineString","coordinates":[[117.6396833,34.0686079],[117.6392595,34.0680791],[117.6388411,34.067657],[117.6384205,34.0672185],[117.6382703,34.0669919],[117.6381361,34.0667452],[117.638045,34.0664942],[117.6379752,34.0662542],[117.6379216,34.065992],[117.6379001,34.0657187],[117.6379189,34.0654432],[117.6379806,34.0651788],[117.6381898,34.0646544],[117.6383051,34.0644633],[117.6385197,34.0641811]]}},{"type":"Feature","id":"way/1175190402","properties":{"osm_id":1175190402,"highway":"motorway_link"},"geometry":{"type":"LineString","coordinates":[[117.6409435,34.0720918],[117.6405577,34.0704965],[117.6403163,34.0697099],[117.6401017,34.0692123],[117.6396833,34.0686079]]}},{"type":"Feature","id":"way/1175190403","properties":{"osm_id":1175190403,"highway":"motorway_link"},"geometry":{"type":"LineString","coordinates":[[117.6377414,34.0674925],[117.6370816,34.0674614],[117.6367222,34.0674925],[117.6364812,34.0675451],[117.6361191,34.067654],[117.6353247,34.0679525]]}},{"type":"Feature","id":"way/1175190404","properties":{"osm_id":1175190404,"highway":"motorway_link"},"geometry":{"type":"LineString","coordinates":[[117.6421375,34.0648418],[117.6417647,34.0653639],[117.6412819,34.0661327],[117.6410191,34.0667504]]}},{"type":"Feature","id":"way/1175190405","properties":{"osm_id":1175190405,"highway":"motorway_link"},"geometry":{"type":"LineString","coordinates":[[117.6410191,34.0667504],[117.6407723,34.0678214]]}},{"type":"Feature","id":"way/1175190406","properties":{"osm_id":1175190406,"highway":"motorway_link"},"geometry":{"type":"LineString","coordinates":[[117.6370418,34.0659342],[117.6374844,34.0655943],[117.637766,34.0654143],[117.6380369,34.0652788],[117.6383534,34.0651543],[117.6386538,34.0650744],[117.6394504,34.0649144],[117.6399815,34.0647966],[117.6403838,34.06465],[117.6407593,34.06445],[117.641041,34.0642678],[117.6411992,34.0641078],[117.6412904,34.06395],[117.6413226,34.0637812],[117.6413038,34.0636012]]}},{"type":"Feature","id":"way/1175190407","properties":{"osm_id":1175190407,"highway":"motorway_link"},"geometry":{"type":"LineString","coordinates":[[117.6413038,34.0636012],[117.6411939,34.0634323],[117.6410003,34.0633086],[117.6408501,34.0632597],[117.6406462,34.0632375],[117.640437,34.0632686],[117.6402546,34.0633708],[117.6401263,34.0635101],[117.6400271,34.0636856],[117.6399681,34.0639212],[117.6399493,34.0641722],[117.6399364,34.0648638]]}},{"type":"Feature","id":"way/1175190410","properties":{"osm_id":1175190410,"name":"徐明高速","highway":"motorway","ref":"S65"},"geometry":{"type":"LineString","coordinates":[[117.6397911,34.0576014],[117.6398947,34.0567603],[117.6405988,34.0510453]]}},{"type":"Feature","id":"way/1175190411","properties":{"osm_id":1175190411,"name":"徐明高速","highway":"motorway","ref":"S65"},"geometry":{"type":"LineString","coordinates":[[117.6405988,34.0510453],[117.6406305,34.0507874]]}},{"type":"Feature","id":"way/1175190412","properties":{"osm_id":1175190412,"name":"徐明高速","highway":"motorway","ref":"S65"},"geometry":{"type":"LineString","coordinates":[[117.6407158,34.0510691],[117.6403466,34.0543814],[117.6399304,34.0575961],[117.6398587,34.0585202]]}},{"type":"Feature","id":"way/1175190413","properties":{"osm_id":1175190413,"name":"徐明高速","highway":"motorway","ref":"S65"},"geometry":{"type":"LineString","coordinates":[[117.6407523,34.0508107],[117.6407158,34.0510691]]}},{"type":"Feature","id":"way/1176282386","properties":{"osm_id":1176282386,"name":"宿黄线","highway":"secondary"},"geometry":{"type":"LineString","coordinates":[[118.2056589,33.9594227],[118.2057018,33.9594195],[118.2071563,33.9593922],[118.207246,33.9593905],[118.2072626,33.9593902],[118.207936,33.9593775],[118.2089517,33.9593584],[118.2106091,33.9593272]]}},{"type":"Feature","id":"way/1176282387","properties":{"osm_id":1176282387,"name":"宿黄线","highway":"secondary"},"geometry":{"type":"LineString","coordinates":[[118.2052442,33.9594606],[118.2056589,33.9594227]]}},{"type":"Feature","id":"way/1176682374","properties":{"osm_id":1176682374,"name":"勇进路","highway":"tertiary"},"geometry":{"type":"LineString","coordinates":[[118.1598102,33.9214276],[118.1697694,33.923928],[118.1700055,33.9239873],[118.1704417,33.9240968],[118.1707709,33.924172],[118.1709873,33.9242205]]}},{"type":"Feature","id":"way/1176682375","properties":{"osm_id":1176682375,"name":"勇进路","highway":"tertiary"},"geometry":{"type":"LineString","coordinates":[[118.1709873,33.9242205],[118.1714791,33.9242844]]}},{"type":"Feature","id":"way/1176697472","properties":{"osm_id":1176697472,"name":"徐明高速","highway":"motorway","ref":"S65"},"geometry":{"type":"LineString","coordinates":[[117.6275984,34.2120511],[117.6275205,34.2125841],[117.6272333,34.2142675],[117.6270136,34.2162264],[117.6269466,34.2182848],[117.6269284,34.22]]}},{"type":"Feature","id":"way/1176697473","properties":{"osm_id":1176697473,"name":"徐明高速","highway":"motorway","ref":"S65"},"geometry":{"type":"LineString","coordinates":[[117.6267683,34.22],[117.6268166,34.2182815],[117.6268838,34.216219],[117.6271039,34.2142565],[117.6273909,34.2125735],[117.6274697,34.2120346]]}},{"type":"Feature","id":"way/1176697474","properties":{"osm_id":1176697474,"name":"徐明高速","highway":"motorway","ref":"S65"},"geometry":{"type":"LineString","coordinates":[[117.6274697,34.2120346],[117.628175,34.208959],[117.6284598,34.2078415],[117.6290716,34.2058975]]}},{"type":"Feature","id":"way/1176697475","properties":{"osm_id":1176697475,"name":"徐明高速","highway":"motorway","ref":"S65"},"geometry":{"type":"LineString","coordinates":[[117.6291977,34.2059239],[117.6285865,34.2078662],[117.6283026,34.2089802],[117.6275984,34.2120511]]}},{"type":"Feature","id":"way/1176697476","properties":{"osm_id":1176697476,"name":"徐明高速","highway":"motorway","ref":"S65"},"geometry":{"type":"LineString","coordinates":[[117.6335299,34.1914174],[117.6291977,34.2059239]]}},{"type":"Feature","id":"way/1176697477","properties":{"osm_id":1176697477,"name":"徐明高速","highway":"motorway","ref":"S65"},"geometry":{"type":"LineString","coordinates":[[117.6290716,34.2058975],[117.6327972,34.1934219],[117.6333971,34.1914132]]}},{"type":"Feature","id":"way/1176697478","properties":{"osm_id":1176697478,"name":"徐明高速","highway":"motorway","ref":"S65"},"geometry":{"type":"LineString","coordinates":[[117.6411295,34.1642628],[117.6405578,34.1673184],[117.639734,34.1706069],[117.6394574,34.1716198],[117.6392043,34.1724647]]}},{"type":"Feature","id":"way/1176697479","properties":{"osm_id":1176697479,"name":"徐明高速","highway":"motorway","ref":"S65"},"geometry":{"type":"LineString","coordinates":[[117.6391119,34.1723257],[117.6393308,34.171595],[117.6396068,34.1705841],[117.6404298,34.1672992],[117.6410007,34.1642473]]}},{"type":"Feature","id":"way/1176697480","properties":{"osm_id":1176697480,"name":"徐明高速","highway":"motorway","ref":"S65"},"geometry":{"type":"LineString","coordinates":[[117.6392043,34.1724647],[117.6386622,34.1742743]]}},{"type":"Feature","id":"way/1176697481","properties":{"osm_id":1176697481,"name":"徐明高速","highway":"motorway","ref":"S65"},"geometry":{"type":"LineString","coordinates":[[117.6385322,34.1742607],[117.6391119,34.1723257]]}},{"type":"Feature","id":"way/1176697482","properties":{"osm_id":1176697482,"name":"徐明高速","highway":"motorway","ref":"S65"},"geometry":{"type":"LineString","coordinates":[[117.6386622,34.1742743],[117.6384943,34.1748347]]}},{"type":"Feature","id":"way/1176697483","properties":{"osm_id":1176697483,"name":"徐明高速","highway":"motorway","ref":"S65"},"geometry":{"type":"LineString","coordinates":[[117.638368,34.1748088],[117.6385322,34.1742607]]}},{"type":"Feature","id":"way/1176697484","properties":{"osm_id":1176697484,"name":"徐明高速","highway":"motorway","ref":"S65"},"geometry":{"type":"LineString","coordinates":[[117.641849,34.1346212],[117.6419,34.1393544],[117.6419244,34.1409744]]}},{"type":"Feature","id":"way/1176697485","properties":{"osm_id":1176697485,"name":"徐明高速","highway":"motorway","ref":"S65"},"geometry":{"type":"LineString","coordinates":[[117.6417428,34.14097],[117.6417403,34.1393485],[117.6416894,34.134622]]}},{"type":"Feature","id":"way/1176697490","properties":{"osm_id":1176697490,"name":"徐明高速","highway":"motorway","ref":"S65"},"geometry":{"type":"LineString","coordinates":[[117.6409055,34.1235969],[117.640754,34.1228897]]}},{"type":"Feature","id":"way/1176697491","properties":{"osm_id":1176697491,"name":"徐明高速","highway":"motorway","ref":"S65"},"geometry":{"type":"LineString","coordinates":[[117.640931,34.1229052],[117.6410717,34.1236092]]}},{"type":"Feature","id":"way/1176697492","properties":{"osm_id":1176697492,"name":"徐明高速","highway":"motorway","ref":"S65"},"geometry":{"type":"LineString","coordinates":[[117.6385384,34.0976281],[117.638131,34.1000447],[117.6379328,34.1017485],[117.637772,34.1039342]]}},{"type":"Feature","id":"way/1176697493","properties":{"osm_id":1176697493,"name":"徐明高速","highway":"motorway","ref":"S65"},"geometry":{"type":"LineString","coordinates":[[117.6376152,34.1038892],[117.6378031,34.1017397],[117.6380018,34.1000321],[117.6384098,34.0976112]]}},{"type":"Feature","id":"way/1176697494","properties":{"osm_id":1176697494,"name":"徐明高速","highway":"motorway","ref":"S65"},"geometry":{"type":"LineString","coordinates":[[117.6405876,34.0693326],[117.6410784,34.072077],[117.6413552,34.073625],[117.6417135,34.0777847]]}},{"type":"Feature","id":"way/1176697495","properties":{"osm_id":1176697495,"name":"徐明高速","highway":"motorway","ref":"S65"},"geometry":{"type":"LineString","coordinates":[[117.6415835,34.07779],[117.6412257,34.0736363],[117.6409435,34.0720918],[117.6404536,34.0694104]]}},{"type":"Feature","id":"way/1176697496","properties":{"osm_id":1176697496,"name":"徐明高速","highway":"motorway","ref":"S65"},"geometry":{"type":"LineString","coordinates":[[117.6384098,34.0976112],[117.6388932,34.0953585],[117.6399181,34.0918748],[117.6405694,34.0893444]]}},{"type":"Feature","id":"way/1176697497","properties":{"osm_id":1176697497,"name":"徐明高速","highway":"motorway","ref":"S65"},"geometry":{"type":"LineString","coordinates":[[117.6406972,34.0893647],[117.6400449,34.0918988],[117.6390206,34.0953807],[117.6385384,34.0976281]]}},{"type":"Feature","id":"way/1176704087","properties":{"osm_id":1176704087,"name":"徐明高速","highway":"motorway","ref":"S65"},"geometry":{"type":"LineString","coordinates":[[117.6384943,34.1748347],[117.6356979,34.1841646]]}},{"type":"Feature","id":"way/1176704088","properties":{"osm_id":1176704088,"name":"徐明高速","highway":"motorway","ref":"S65"},"geometry":{"type":"LineString","coordinates":[[117.6356979,34.1841646],[117.6355306,34.1847225]]}},{"type":"Feature","id":"way/1176704089","properties":{"osm_id":1176704089,"name":"徐明高速","highway":"motorway","ref":"S65"},"geometry":{"type":"LineString","coordinates":[[117.6355675,34.1841521],[117.638368,34.1748088]]}},{"type":"Feature","id":"way/1176704090","properties":{"osm_id":1176704090,"name":"徐明高速","highway":"motorway","ref":"S65"},"geometry":{"type":"LineString","coordinates":[[117.635399,34.1847141],[117.6355675,34.1841521]]}},{"type":"Feature","id":"way/1176704091","properties":{"osm_id":1176704091,"highway":"motorway_link"},"geometry":{"type":"LineString","coordinates":[[117.6313896,34.1899957],[117.631864,34.1898965],[117.6323366,34.1897708],[117.632798,34.1895613],[117.6332201,34.189324],[117.6336477,34.1889702],[117.6339516,34.1885979],[117.6340901,34.1883825],[117.6342216,34.1880998],[117.6348681,34.1861134],[117.635399,34.1847141]]}},{"type":"Feature","id":"way/1176704092","properties":{"osm_id":1176704092,"highway":"motorway_link"},"geometry":{"type":"LineString","coordinates":[[117.6354817,34.1848858],[117.635212,34.1861775],[117.63506,34.1869595],[117.6350278,34.1872027],[117.6350153,34.1873801],[117.6350432,34.1875646],[117.6351279,34.1877766],[117.6353834,34.1882248],[117.6356846,34.1887049],[117.6357803,34.1888958],[117.6358366,34.1891006],[117.6357915,34.1893286],[117.6356452,34.1896172]]}},{"type":"Feature","id":"way/1176704093","properties":{"osm_id":1176704093,"highway":"motorway_link"},"geometry":{"type":"LineString","coordinates":[[117.635589,34.1895753],[117.6357353,34.1893007],[117.6357634,34.1891099],[117.6357184,34.1889144],[117.6356171,34.1887375],[117.6354989,34.1886305],[117.6353301,34.188556],[117.6351613,34.1885187],[117.6349419,34.1885141],[117.6347449,34.1885793],[117.6345649,34.1887189],[117.6344186,34.1889097],[117.6338539,34.1903324]]}},{"type":"Feature","id":"way/1176704094","properties":{"osm_id":1176704094,"highway":"motorway_link"},"geometry":{"type":"LineString","coordinates":[[117.6327972,34.1934219],[117.6330287,34.1920701],[117.6330625,34.1916884],[117.63304,34.1913719]]}},{"type":"Feature","id":"way/1176704095","properties":{"osm_id":1176704095,"highway":"motorway_link"},"geometry":{"type":"LineString","coordinates":[[117.6322466,34.1900035],[117.6346549,34.1899523],[117.6350263,34.1898965],[117.6354033,34.1897522],[117.635589,34.1895753]]}},{"type":"Feature","id":"way/1176704096","properties":{"osm_id":1176704096,"highway":"motorway_link"},"geometry":{"type":"LineString","coordinates":[[117.6356452,34.1896172],[117.6354483,34.1898034],[117.6350375,34.1899663],[117.6346662,34.1900221],[117.6322522,34.190078]]}},{"type":"Feature","id":"way/1176704097","properties":{"osm_id":1176704097,"highway":"motorway_link"},"geometry":{"type":"LineString","coordinates":[[117.6329915,34.1911639],[117.6328871,34.1909695],[117.632761,34.1907631],[117.6325706,34.1905768],[117.6323667,34.1904437],[117.6321548,34.1903239],[117.6313826,34.190107]]}},{"type":"Feature","id":"way/1176704098","properties":{"osm_id":1176704098,"highway":"motorway_link"},"geometry":{"type":"LineString","coordinates":[[117.63304,34.1913719],[117.6329915,34.1911639]]}},{"type":"Feature","id":"way/1176704099","properties":{"osm_id":1176704099,"name":"徐明高速","highway":"motorway","ref":"S65"},"geometry":{"type":"LineString","coordinates":[[117.6334579,34.1912093],[117.634975,34.1861287],[117.635399,34.1847141]]}},{"type":"Feature","id":"way/1176704100","properties":{"osm_id":1176704100,"name":"徐明高速","highway":"motorway","ref":"S65"},"geometry":{"type":"LineString","coordinates":[[117.6333971,34.1914132],[117.6334579,34.1912093]]}},{"type":"Feature","id":"way/1176704101","properties":{"osm_id":1176704101,"name":"徐明高速","highway":"motorway","ref":"S65"},"geometry":{"type":"LineString","coordinates":[[117.6355306,34.1847225],[117.6354817,34.1848858],[117.6351014,34.1861545],[117.6338539,34.1903324],[117.6335914,34.1912113]]}},{"type":"Feature","id":"way/1176704102","properties":{"osm_id":1176704102,"name":"徐明高速","highway":"motorway","ref":"S65"},"geometry":{"type":"LineString","coordinates":[[117.6335914,34.1912113],[117.6335299,34.1914174]]}},{"type":"Feature","id":"way/1176704103","properties":{"osm_id":1176704103,"highway":"motorway_link"},"geometry":{"type":"LineString","coordinates":[[117.6313896,34.1899957],[117.6318978,34.1899942],[117.6322466,34.1900035]]}},{"type":"Feature","id":"way/1176704104","properties":{"osm_id":1176704104,"highway":"motorway_link"},"geometry":{"type":"LineString","coordinates":[[117.6322522,34.190078],[117.6319259,34.1900919],[117.6313826,34.190107]]}},{"type":"Feature","id":"way/1176704105","properties":{"osm_id":1176704105,"highway":"motorway_link"},"geometry":{"type":"LineString","coordinates":[[117.6303065,34.1899584],[117.630752,34.18998],[117.6311946,34.1899955],[117.6313896,34.1899957]]}},{"type":"Feature","id":"way/1176704106","properties":{"osm_id":1176704106,"highway":"motorway_link"},"geometry":{"type":"LineString","coordinates":[[117.6313826,34.190107],[117.6311919,34.1901086],[117.6307601,34.1901242],[117.6302898,34.1901566]]}},{"type":"Feature","id":"way/1176704107","properties":{"osm_id":1176704107,"highway":"motorway_link"},"geometry":{"type":"LineString","coordinates":[[117.629271,34.1901728],[117.6288142,34.1901804],[117.6283917,34.1902196],[117.628094,34.1902874],[117.6276945,34.1904783],[117.6273948,34.1907265],[117.6273333,34.1908081]]}},{"type":"Feature","id":"way/1176704108","properties":{"osm_id":1176704108,"highway":"motorway_link"},"geometry":{"type":"LineString","coordinates":[[117.6272208,34.1907988],[117.6273247,34.1906606],[117.6276101,34.1904084],[117.6280265,34.1901757],[117.6283783,34.1900487],[117.6287404,34.1899866],[117.6292768,34.1899711]]}},{"type":"Feature","id":"way/1176704109","properties":{"osm_id":1176704109,"highway":"motorway_link"},"geometry":{"type":"LineString","coordinates":[[117.6273333,34.1908081],[117.6272109,34.1909694]]}},{"type":"Feature","id":"way/1176704110","properties":{"osm_id":1176704110,"highway":"motorway_link"},"geometry":{"type":"LineString","coordinates":[[117.6272109,34.1909694],[117.6271753,34.1910231]]}},{"type":"Feature","id":"way/1176704111","properties":{"osm_id":1176704111,"highway":"motorway_link"},"geometry":{"type":"LineString","coordinates":[[117.6270689,34.1910172],[117.6271011,34.1909694]]}},{"type":"Feature","id":"way/1176704112","properties":{"osm_id":1176704112,"highway":"motorway_link"},"geometry":{"type":"LineString","coordinates":[[117.6271011,34.1909694],[117.6272208,34.1907988]]}},{"type":"Feature","id":"way/1177965209","properties":{"osm_id":1177965209,"highway":"motorway_link"},"geometry":{"type":"LineString","coordinates":[[117.4687436,34.2155391],[117.466235,34.215136],[117.4659453,34.2151005],[117.465661,34.2151005],[117.465366,34.2151537],[117.4650924,34.2152424],[117.4647705,34.2153932],[117.4643038,34.2157038],[117.4640463,34.2158191],[117.4638049,34.2158324],[117.4636064,34.2158014],[117.463408,34.2157259]]}},{"type":"Feature","id":"way/1177965210","properties":{"osm_id":1177965210,"highway":"motorway_link"},"geometry":{"type":"LineString","coordinates":[[117.4623404,34.2121948],[117.4625014,34.2126606],[117.4626945,34.2130421],[117.4629198,34.2134148],[117.4632256,34.2138096],[117.4634616,34.2140358],[117.4638693,34.2142887],[117.4642287,34.2144395],[117.4645935,34.2145371],[117.4674479,34.215174]]}},{"type":"Feature","id":"way/1177965211","properties":{"osm_id":1177965211,"highway":"motorway_link"},"geometry":{"type":"LineString","coordinates":[[117.4634401,34.2156683],[117.4635904,34.2157304],[117.4637406,34.215757],[117.4639444,34.2157481],[117.4641322,34.2156727],[117.4642609,34.2155662],[117.4643789,34.2154065],[117.4644272,34.2152513],[117.4644057,34.2150872],[117.4643038,34.2149008],[117.4640892,34.2147545],[117.4638425,34.214648],[117.4633758,34.2145193],[117.460628,34.2138933]]}},{"type":"Feature","id":"way/1177965212","properties":{"osm_id":1177965212,"highway":"motorway_link"},"geometry":{"type":"LineString","coordinates":[[117.4578858,34.2132179],[117.4603771,34.2136321],[117.4607794,34.2136809],[117.4611174,34.2136809],[117.4613588,34.2136454],[117.4615465,34.2135878],[117.4617235,34.2134946],[117.4618952,34.2133527],[117.462099,34.2131042],[117.4621741,34.2128913],[117.4622063,34.2125852],[117.4621741,34.2122214],[117.4621044,34.2119198]]}},{"type":"Feature","id":"way/1177965213","properties":{"osm_id":1177965213,"highway":"motorway_link"},"geometry":{"type":"LineString","coordinates":[[117.4620508,34.2111301],[117.4621956,34.2115826],[117.46226,34.2118754],[117.4623404,34.2121948]]}},{"type":"Feature","id":"way/1177965214","properties":{"osm_id":1177965214,"highway":"motorway_link"},"geometry":{"type":"LineString","coordinates":[[117.4621044,34.2119198],[117.4619488,34.2116447],[117.461804,34.2113431],[117.4617504,34.2112011]]}},{"type":"Feature","id":"way/1177965215","properties":{"osm_id":1177965215,"highway":"motorway_link"},"geometry":{"type":"LineString","coordinates":[[117.4624638,34.2130111],[117.4621044,34.2119198]]}},{"type":"Feature","id":"way/1177965216","properties":{"osm_id":1177965216,"highway":"motorway_link"},"geometry":{"type":"LineString","coordinates":[[117.4623404,34.2121948],[117.4625389,34.2130155]]}},{"type":"Feature","id":"way/1177965217","properties":{"osm_id":1177965217,"highway":"motorway_link"},"geometry":{"type":"LineString","coordinates":[[117.4625389,34.2130155],[117.4628179,34.2140979],[117.4630593,34.2150384],[117.4631666,34.2153356],[117.4633114,34.2155618],[117.4634401,34.2156683]]}},{"type":"Feature","id":"way/1177965218","properties":{"osm_id":1177965218,"highway":"motorway_link"},"geometry":{"type":"LineString","coordinates":[[117.463408,34.2157259],[117.463247,34.2156017],[117.4630915,34.2153755],[117.4629842,34.2150162],[117.4627213,34.2140802],[117.4624638,34.2130111]]}},{"type":"Feature","id":"way/1177965219","properties":{"osm_id":1177965219,"highway":"motorway_link"},"geometry":{"type":"LineString","coordinates":[[117.4573344,34.209172],[117.4594222,34.2089564],[117.4599452,34.2089697],[117.4603422,34.2090473],[117.4606587,34.2091649]]}},{"type":"Feature","id":"way/1177965220","properties":{"osm_id":1177965220,"highway":"motorway_link"},"geometry":{"type":"LineString","coordinates":[[117.4606051,34.2092359],[117.4602886,34.2091272],[117.4599318,34.2090451],[117.4594168,34.2090318],[117.4573683,34.2092482]]}},{"type":"Feature","id":"way/1177965221","properties":{"osm_id":1177965221,"highway":"trunk"},"geometry":{"type":"LineString","coordinates":[[117.4573683,34.2092482],[117.4572237,34.2092683]]}},{"type":"Feature","id":"way/1177965222","properties":{"osm_id":1177965222,"highway":"trunk"},"geometry":{"type":"LineString","coordinates":[[117.4571864,34.2091856],[117.4573344,34.209172]]}},{"type":"Feature","id":"way/1177965223","properties":{"osm_id":1177965223,"highway":"motorway_link"},"geometry":{"type":"LineString","coordinates":[[117.4617504,34.2112011],[117.4616297,34.2108174],[117.4616243,34.210498],[117.4615653,34.2102673],[117.4613722,34.2099035],[117.4611281,34.2096019],[117.4608438,34.2093734]]}},{"type":"Feature","id":"way/1177965224","properties":{"osm_id":1177965224,"highway":"motorway_link"},"geometry":{"type":"LineString","coordinates":[[117.4609001,34.2093024],[117.4611898,34.2095464],[117.4614634,34.2098725],[117.4616511,34.210254],[117.4619032,34.2107508],[117.4620508,34.2111301]]}},{"type":"Feature","id":"way/1177965225","properties":{"osm_id":1177965225,"highway":"motorway_link"},"geometry":{"type":"LineString","coordinates":[[117.4608438,34.2093734],[117.4606051,34.2092359]]}},{"type":"Feature","id":"way/1177965226","properties":{"osm_id":1177965226,"highway":"motorway_link"},"geometry":{"type":"LineString","coordinates":[[117.4606587,34.2091649],[117.4609001,34.2093024]]}},{"type":"Feature","id":"way/1177965228","properties":{"osm_id":1177965228,"highway":"motorway_link"},"geometry":{"type":"LineString","coordinates":[[117.4626864,34.2058176],[117.4626006,34.206137],[117.4624236,34.2066029],[117.4623649,34.2067333]]}},{"type":"Feature","id":"way/1177965229","properties":{"osm_id":1177965229,"highway":"motorway_link"},"geometry":{"type":"LineString","coordinates":[[117.4622518,34.2069844],[117.4621339,34.2072461],[117.4619837,34.2075478]]}},{"type":"Feature","id":"way/1177965230","properties":{"osm_id":1177965230,"highway":"motorway_link"},"geometry":{"type":"LineString","coordinates":[[117.4623649,34.2067333],[117.4622518,34.2069844]]}},{"type":"Feature","id":"way/1177965231","properties":{"osm_id":1177965231,"highway":"motorway_link"},"geometry":{"type":"LineString","coordinates":[[117.4619837,34.2075478],[117.4619408,34.2076676],[117.4616082,34.2081955],[117.4612541,34.2087101],[117.4610932,34.2089896],[117.4610557,34.2091449],[117.4610771,34.2093091],[117.4611898,34.2094776],[117.4614634,34.2098725]]}},{"type":"Feature","id":"way/1177965232","properties":{"osm_id":1177965232,"highway":"motorway_link"},"geometry":{"type":"LineString","coordinates":[[117.4602886,34.2091272],[117.4599023,34.2090961],[117.4595214,34.2091139],[117.4591835,34.2092026],[117.4590011,34.2093179],[117.4588884,34.2094688],[117.4588348,34.2096373],[117.4588348,34.2097616],[117.4588777,34.2099035],[117.4589635,34.2100277],[117.459103,34.2101209],[117.4592693,34.2101874],[117.4594571,34.2102141],[117.4596287,34.2101874],[117.4597575,34.2101342],[117.4599721,34.2099834],[117.4601437,34.2098237],[117.4605782,34.2093712],[117.4609913,34.2089009],[117.4615277,34.20816],[117.4618603,34.2076454],[117.4619837,34.2075478]]}},{"type":"Feature","id":"way/1183744433","properties":{"osm_id":1183744433,"highway":"primary","ref":"S252"},"geometry":{"type":"LineString","coordinates":[[117.5939924,34.201384],[117.5939117,34.2014518],[117.5934987,34.2018378],[117.5930717,34.2023077],[117.592753,34.2027873],[117.5924741,34.203364],[117.5921146,34.205325],[117.591972,34.2061542],[117.5917445,34.207592]]}},{"type":"Feature","id":"way/1183744434","properties":{"osm_id":1183744434,"highway":"primary","ref":"S252"},"geometry":{"type":"LineString","coordinates":[[117.5941499,34.2012517],[117.5939924,34.201384]]}},{"type":"Feature","id":"way/1193960138","properties":{"osm_id":1193960138,"name":"苏州路","highway":"unclassified"},"geometry":{"type":"LineString","coordinates":[[118.2108142,33.7734078],[118.210644,33.7724146],[118.2102973,33.7704055],[118.2100427,33.7686314],[118.2097048,33.7655263],[118.2096941,33.765428]]}},{"type":"Feature","id":"way/1195182186","properties":{"osm_id":1195182186,"name":"宿邳线","highway":"tertiary"},"geometry":{"type":"LineString","coordinates":[[118.0512045,34.1266386],[118.0503134,34.1266585]]}},{"type":"Feature","id":"way/1195182187","properties":{"osm_id":1195182187,"name":"宿邳线","highway":"tertiary"},"geometry":{"type":"LineString","coordinates":[[118.0503134,34.1266585],[118.0499911,34.1266657]]}},{"type":"Feature","id":"way/1195182227","properties":{"osm_id":1195182227,"highway":"secondary"},"geometry":{"type":"LineString","coordinates":[[117.9861915,34.0725386],[117.9863505,34.0727418],[117.9867997,34.0733043],[117.9868394,34.0733577],[117.9878162,34.074673],[117.9891626,34.0764859],[117.9893051,34.0766778],[117.9895006,34.0769392],[117.9931767,34.0818557],[117.9936055,34.0824093],[117.9941641,34.0831063],[117.9943485,34.0833584],[117.9944849,34.0834712],[117.9945785,34.0835162],[117.9948278,34.0836037]]}},{"type":"Feature","id":"way/1195182228","properties":{"osm_id":1195182228,"highway":"secondary"},"geometry":{"type":"LineString","coordinates":[[117.9859624,34.0722463],[117.9861915,34.0725386]]}},{"type":"Feature","id":"way/1195182293","properties":{"osm_id":1195182293,"highway":"secondary"},"geometry":{"type":"LineString","coordinates":[[117.9951186,34.0837057],[117.9958044,34.0839463]]}},{"type":"Feature","id":"way/1195182294","properties":{"osm_id":1195182294,"highway":"secondary"},"geometry":{"type":"LineString","coordinates":[[117.9948278,34.0836037],[117.9951186,34.0837057]]}},{"type":"Feature","id":"way/1199457347","properties":{"osm_id":1199457347,"name":"宿邳线","highway":"tertiary"},"geometry":{"type":"LineString","coordinates":[[117.922128,34.1278819],[117.9220773,34.1278771],[117.9160031,34.1271183],[117.9168184,34.1215051],[117.917033,34.1137953],[117.916061,34.1069132]]}},{"type":"Feature","id":"way/1199457348","properties":{"osm_id":1199457348,"name":"宿邳线","highway":"tertiary"},"geometry":{"type":"LineString","coordinates":[[117.9224409,34.1279119],[117.922128,34.1278819]]}},{"type":"Feature","id":"way/1199457349","properties":{"osm_id":1199457349,"name":"宿邳线","highway":"tertiary"},"geometry":{"type":"LineString","coordinates":[[117.9303495,34.1283062],[117.9275044,34.1283972],[117.9224409,34.1279119]]}},{"type":"Feature","id":"way/1199457350","properties":{"osm_id":1199457350,"name":"宿邳线","highway":"tertiary"},"geometry":{"type":"LineString","coordinates":[[117.93042,34.1283039],[117.9303495,34.1283062]]}},{"type":"Feature","id":"way/1199520294","properties":{"osm_id":1199520294,"name":"南湖路","highway":"unclassified"},"geometry":{"type":"LineString","coordinates":[[118.2370188,33.8061271],[118.2363514,33.8060798],[118.2360558,33.8060589],[118.2359063,33.8060483],[118.2356194,33.806028],[118.2353258,33.8060072],[118.2349378,33.8059798],[118.2341532,33.8059242],[118.2334216,33.8058724],[118.2333542,33.8058676],[118.2322309,33.8057881],[118.2320677,33.8057748]]}},{"type":"Feature","id":"way/1199520295","properties":{"osm_id":1199520295,"name":"人民路","highway":"secondary","ref":"S249"},"geometry":{"type":"LineString","coordinates":[[118.2373603,33.8099875],[118.2368563,33.8082883],[118.2367733,33.8080084],[118.2367795,33.8079561],[118.236823,33.8075913],[118.2368477,33.8073835],[118.2368517,33.8073506],[118.2368672,33.8072203],[118.2368864,33.8070593],[118.2368903,33.8070259],[118.236918,33.8067933],[118.2369505,33.8065208],[118.2369773,33.8063662],[118.2370188,33.8061271]]}},{"type":"Feature","id":"way/1199520298","properties":{"osm_id":1199520298,"name":"龙潭路","highway":"unclassified"},"geometry":{"type":"LineString","coordinates":[[118.2389708,33.816159],[118.2388186,33.8161983],[118.2365758,33.8162655],[118.236536,33.8162663],[118.2326477,33.8163633],[118.2321983,33.816376]]}},{"type":"Feature","id":"way/1199520300","properties":{"osm_id":1199520300,"name":"河滨南路","highway":"unclassified"},"geometry":{"type":"LineString","coordinates":[[118.2326477,33.8163633],[118.2326456,33.8162958],[118.2325917,33.814521],[118.232554,33.8139068],[118.2324898,33.8127788],[118.2324341,33.8118004],[118.2323512,33.8103453]]}},{"type":"Feature","id":"way/1199520302","properties":{"osm_id":1199520302,"name":"人民南路","highway":"secondary","ref":"S249"},"geometry":{"type":"LineString","coordinates":[[118.2370188,33.8061271],[118.2370378,33.8059912],[118.2373283,33.8034017],[118.237356,33.8031545],[118.2373627,33.8030947],[118.2373893,33.8028578],[118.2374127,33.802649],[118.2374459,33.8023533],[118.2374533,33.8022869],[118.2375842,33.8011202],[118.2376168,33.8008292],[118.2377916,33.7993128],[118.2378066,33.7991822],[118.2378126,33.7991305],[118.2378358,33.7989289],[118.2378576,33.7983225],[118.2378662,33.7980832],[118.2378704,33.7979657],[118.2378238,33.7970541],[118.2377296,33.7960158],[118.2375715,33.7942728],[118.2375461,33.7938375],[118.2374745,33.7927024],[118.2372404,33.7907371],[118.237234,33.7906679],[118.2372092,33.7904798],[118.2371644,33.7899164],[118.2371595,33.7898556],[118.2370514,33.7889592],[118.2370108,33.7885797],[118.2369894,33.788235],[118.2369815,33.7881067]]}},{"type":"Feature","id":"way/1199520305","properties":{"osm_id":1199520305,"name":"龙潭东路","highway":"unclassified"},"geometry":{"type":"LineString","coordinates":[[118.24,33.8159355],[118.2388939,33.8159742]]}},{"type":"Feature","id":"way/1199520307","properties":{"osm_id":1199520307,"name":"人民路","highway":"secondary","ref":"S249"},"geometry":{"type":"LineString","coordinates":[[118.2389708,33.816159],[118.2389372,33.8160799],[118.2388939,33.8159742],[118.2385365,33.8147741],[118.2384728,33.81453],[118.2384465,33.8144296],[118.2383708,33.8141398],[118.2382939,33.8138458],[118.2381049,33.8131224],[118.2378636,33.8121083],[118.2378134,33.8118974],[118.2375625,33.8108431],[118.2373603,33.8099875]]}},{"type":"Feature","id":"way/1202469710","properties":{"osm_id":1202469710,"name":"金鸡湖西路","highway":"tertiary"},"geometry":{"type":"LineString","coordinates":[[118.2339609,33.9106435],[118.2337647,33.9106673]]}},{"type":"Feature","id":"way/1202469711","properties":{"osm_id":1202469711,"name":"振兴大道","highway":"secondary"},"geometry":{"type":"LineString","coordinates":[[118.2350677,33.9227759],[118.2350618,33.9226905],[118.2346974,33.9188301],[118.2344824,33.9165516],[118.2342983,33.9144665],[118.2340122,33.9112245],[118.2339609,33.9106435]]}},{"type":"Feature","id":"way/1204392800","properties":{"osm_id":1204392800,"name":"未名湖路","highway":"residential"},"geometry":{"type":"LineString","coordinates":[[118.2187609,33.9566634],[118.2181858,33.9566914],[118.2180945,33.9566958],[118.2172003,33.9567393],[118.2164898,33.9567738]]}},{"type":"Feature","id":"way/1204392803","properties":{"osm_id":1204392803,"name":"宿邳线","highway":"primary"},"geometry":{"type":"LineString","coordinates":[[118.1879349,33.9710737],[118.1867033,33.9727115],[118.1863292,33.9732198],[118.1860669,33.973599],[118.1849825,33.974824],[118.1839767,33.9759602],[118.1829417,33.9771294],[118.1814844,33.9784532],[118.1802729,33.9795401],[118.1791956,33.9803994],[118.1780112,33.9812786],[118.1767114,33.9822468],[118.1756315,33.9829556],[118.1738574,33.98412],[118.1719833,33.9855702],[118.1715186,33.9859298],[118.1687672,33.9880925],[118.1666978,33.9899486],[118.1657539,33.9908187],[118.1639033,33.9927253],[118.1619129,33.9947878],[118.1611465,33.9955123],[118.1603414,33.9962423],[118.1590087,33.9974192],[118.1576049,33.9985708]]}},{"type":"Feature","id":"way/1204392804","properties":{"osm_id":1204392804,"name":"宿迁大道","highway":"primary","ref":"S324"},"geometry":{"type":"LineString","coordinates":[[118.1576049,33.9985708],[118.1581037,33.9994223],[118.1583789,33.9998401],[118.1586885,34.0002355],[118.1589806,34.0005278],[118.1592709,34.0007765],[118.1596429,34.0010322],[118.1600536,34.0012512],[118.1606182,34.0014949],[118.1610815,34.0016265],[118.1616513,34.0017383],[118.161769,34.0017614],[118.1620305,34.0017969],[118.1625034,34.0018107],[118.1628599,34.0018002],[118.1631858,34.0017712],[118.1637365,34.0016727],[118.1639297,34.0016273],[118.16424,34.0015543],[118.1648504,34.0013267],[118.1655546,34.0009873],[118.167112,34.0001807],[118.1672759,34.0001002],[118.1685203,33.9994889],[118.1689966,33.999255],[118.1712527,33.9981141]]}},{"type":"Feature","id":"way/1204392805","properties":{"osm_id":1204392805,"name":"宿邳线","highway":"primary","ref":"S250"},"geometry":{"type":"LineString","coordinates":[[118.1576049,33.9985708],[118.1575477,33.9986154],[118.1574769,33.9986705]]}},{"type":"Feature","id":"way/1204392806","properties":{"osm_id":1204392806,"name":"宿城大道","highway":"primary","ref":"S250"},"geometry":{"type":"LineString","coordinates":[[118.1600925,33.9000132],[118.1601362,33.8999045]]}},{"type":"Feature","id":"way/1204392807","properties":{"osm_id":1204392807,"name":"西湖西路","highway":"primary","ref":"S325"},"geometry":{"type":"LineString","coordinates":[[118.1670504,33.9036699],[118.1666032,33.9033788],[118.1648081,33.9021278],[118.1642098,33.9017555],[118.1640378,33.9016627],[118.1639354,33.9016075],[118.1639108,33.9015969],[118.1636347,33.9014783],[118.1634142,33.9013872],[118.1631133,33.9012628],[118.1625726,33.9010392],[118.1621213,33.9008526],[118.1620481,33.9008224],[118.1618605,33.9007448],[118.1607473,33.9002816],[118.1602114,33.9000587],[118.1600925,33.9000132]]}},{"type":"Feature","id":"way/1204392808","properties":{"osm_id":1204392808,"name":"西湖西路","highway":"primary","ref":"S325"},"geometry":{"type":"LineString","coordinates":[[118.1601362,33.8999045],[118.1602529,33.8999451],[118.1608105,33.900169],[118.1609102,33.9002112],[118.1619026,33.9006417],[118.1621003,33.9007274],[118.1621881,33.9007655],[118.1626302,33.900947],[118.1631718,33.9011694],[118.1634769,33.9012967],[118.1636921,33.9013953],[118.1639693,33.9015204],[118.1640086,33.9015382],[118.1640981,33.9015848],[118.1642084,33.9016423],[118.1650291,33.9021693],[118.1656764,33.9026049],[118.1665751,33.9032264],[118.1670741,33.9035672],[118.167172,33.903631]]}},{"type":"Feature","id":"way/1204392815","properties":{"osm_id":1204392815,"name":"东堤路","highway":"residential"},"geometry":{"type":"LineString","coordinates":[[118.1620905,33.9747421],[118.1625941,33.975621],[118.1628847,33.9761283],[118.163722,33.9776685],[118.1641517,33.9785386]]}},{"type":"Feature","id":"way/1204392816","properties":{"osm_id":1204392816,"name":"胡园路","highway":"tertiary"},"geometry":{"type":"LineString","coordinates":[[118.1574384,33.979932],[118.1574454,33.9799637],[118.1577322,33.9807261],[118.157757,33.980792],[118.1578609,33.9810558],[118.1579365,33.9812663],[118.1580864,33.9818248],[118.1581316,33.9819931],[118.158295,33.9825851],[118.1587798,33.9843419],[118.1592492,33.9859218],[118.1596084,33.987098]]}},{"type":"Feature","id":"way/1204392817","properties":{"osm_id":1204392817,"name":"盛鑫路","highway":"unclassified"},"geometry":{"type":"LineString","coordinates":[[118.1548659,33.9889379],[118.1554749,33.9887038],[118.1565427,33.9882933],[118.1576637,33.9878624],[118.158042,33.9877026],[118.1596084,33.987098]]}},{"type":"Feature","id":"way/1204392819","properties":{"osm_id":1204392819,"name":"盛鑫路","highway":"unclassified"},"geometry":{"type":"LineString","coordinates":[[118.152508,33.9898386],[118.1527163,33.989759],[118.1533982,33.9894985],[118.1548659,33.9889379]]}},{"type":"Feature","id":"way/1204392820","properties":{"osm_id":1204392820,"name":"古黄河风景南道","highway":"unclassified"},"geometry":{"type":"LineString","coordinates":[[118.2007932,33.9799747],[118.1926675,33.9820565],[118.1911303,33.9824503],[118.1870905,33.9834853],[118.1858404,33.9838056],[118.1841619,33.9842356],[118.1807335,33.985114],[118.1763758,33.9862304],[118.1754274,33.9864734],[118.175259,33.9864926],[118.1747203,33.9866854],[118.1743158,33.9868991],[118.1742753,33.9869415],[118.1737191,33.9875625],[118.1735649,33.9877955],[118.1733408,33.9881923],[118.1733238,33.9882375],[118.1732876,33.9883335],[118.1732686,33.9884329],[118.1731887,33.9887548],[118.1731148,33.9888659],[118.1723465,33.990162],[118.1720557,33.9907049],[118.1718534,33.9911075],[118.1711591,33.9924248],[118.1708792,33.9929558],[118.1707819,33.9931379],[118.170762,33.9932138],[118.1707631,33.9932521],[118.1707671,33.9933853],[118.1709694,33.9945756]]}},{"type":"Feature","id":"way/1208297306","properties":{"osm_id":1208297306,"name":"隆锦路","highway":"secondary"},"geometry":{"type":"LineString","coordinates":[[118.2044009,33.9310222],[118.2044569,33.9310249],[118.206933,33.9311425]]}},{"type":"Feature","id":"way/1208297307","properties":{"osm_id":1208297307,"name":"科工大道","highway":"tertiary"},"geometry":{"type":"LineString","coordinates":[[118.2044009,33.9310222],[118.2044321,33.9302408],[118.2044367,33.9301096],[118.2044598,33.9295187],[118.2044737,33.929164],[118.2044995,33.928507],[118.2045164,33.9280764],[118.2045213,33.927951],[118.2045293,33.9277472],[118.2045604,33.9269543],[118.2045757,33.9265626],[118.2045819,33.926404],[118.2045949,33.9261761],[118.2046218,33.9257046],[118.2046788,33.9248368]]}},{"type":"Feature","id":"way/1208297308","properties":{"osm_id":1208297308,"name":"科工大道","highway":"tertiary"},"geometry":{"type":"LineString","coordinates":[[118.2038353,33.9392324],[118.2038386,33.939166],[118.2038783,33.9383535],[118.2039054,33.9377994],[118.2039345,33.9372064],[118.2039965,33.9361104],[118.2040314,33.9354942],[118.2040485,33.9351923],[118.2040787,33.9346584],[118.2040809,33.934619],[118.2040967,33.9343409],[118.2041247,33.9338461],[118.2041367,33.9336337],[118.2041539,33.9333294],[118.2041834,33.9328087],[118.2042242,33.9320885],[118.2042446,33.9317286],[118.2042779,33.9311392],[118.2042848,33.9310173]]}},{"type":"Feature","id":"way/1213828535","properties":{"osm_id":1213828535,"name":"龙潭路","highway":"unclassified"},"geometry":{"type":"LineString","coordinates":[[118.2321983,33.816376],[118.2326456,33.8162958],[118.232995,33.8162856],[118.2332636,33.8162777],[118.2335471,33.8162694],[118.2338334,33.8162611],[118.2341184,33.8162527],[118.2350498,33.8162255],[118.2366076,33.8161799],[118.2387763,33.8161165],[118.2389372,33.8160799]]}},{"type":"Feature","id":"way/1226670366","properties":{"osm_id":1226670366,"name":"振兴大道","highway":"secondary"},"geometry":{"type":"LineString","coordinates":[[118.2341531,33.9593578],[118.2341472,33.9594403],[118.2341445,33.9594835],[118.2341317,33.9596882],[118.2341197,33.9598812],[118.2340986,33.96022],[118.2340779,33.9605512],[118.2340448,33.9610812],[118.2340335,33.961262],[118.2340243,33.9614085],[118.2340191,33.9614924],[118.2340095,33.9616786],[118.2339963,33.9618799],[118.2339872,33.9620199]]}},{"type":"Feature","id":"way/1226670367","properties":{"osm_id":1226670367,"name":"太湖西路","highway":"tertiary"},"geometry":{"type":"LineString","coordinates":[[118.2284061,33.9592806],[118.2285258,33.9592822],[118.2297487,33.9592986],[118.2305149,33.9593088],[118.2307985,33.9593145],[118.231943,33.9593279],[118.2340196,33.9593556],[118.2341531,33.9593578]]}},{"type":"Feature","id":"way/1226670368","properties":{"osm_id":1226670368,"name":"太湖西路","highway":"tertiary"},"geometry":{"type":"LineString","coordinates":[[118.2395935,33.9585196],[118.2397198,33.9585212],[118.24,33.9585247]]}},{"type":"Feature","id":"way/1226670369","properties":{"osm_id":1226670369,"name":"东海大道","highway":"tertiary"},"geometry":{"type":"LineString","coordinates":[[118.2395935,33.9585196],[118.2395967,33.9585963]]}},{"type":"Feature","id":"way/1226670370","properties":{"osm_id":1226670370,"name":"东海大道","highway":"tertiary"},"geometry":{"type":"LineString","coordinates":[[118.2395183,33.9616882],[118.2395164,33.9617992],[118.2395113,33.961961],[118.2395067,33.9621092],[118.2395048,33.9621686]]}},{"type":"Feature","id":"way/1226670375","properties":{"osm_id":1226670375,"name":"东海大道","highway":"tertiary"},"geometry":{"type":"LineString","coordinates":[[118.2393734,33.962187],[118.2393746,33.9621214],[118.2393775,33.9619574],[118.2393803,33.9617963]]}},{"type":"Feature","id":"way/1226670376","properties":{"osm_id":1226670376,"name":"洪泽湖西路","highway":"primary"},"geometry":{"type":"LineString","coordinates":[[118.2395164,33.9617992],[118.2393803,33.9617963]]}},{"type":"Feature","id":"way/1226670377","properties":{"osm_id":1226670377,"name":"东海大道","highway":"tertiary"},"geometry":{"type":"LineString","coordinates":[[118.2393803,33.9617963],[118.2393859,33.9616825],[118.2393879,33.961586],[118.2393906,33.9614579],[118.2394131,33.9603982],[118.2394143,33.9603384],[118.239436,33.9592586],[118.2394481,33.9587428],[118.2394512,33.9585958]]}},{"type":"Feature","id":"way/1226670378","properties":{"osm_id":1226670378,"name":"太湖西路","highway":"tertiary"},"geometry":{"type":"LineString","coordinates":[[118.2395967,33.9585963],[118.2394512,33.9585958]]}},{"type":"Feature","id":"way/1226670379","properties":{"osm_id":1226670379,"name":"太湖西路","highway":"tertiary"},"geometry":{"type":"LineString","coordinates":[[118.2394512,33.9585958],[118.2393849,33.9585956],[118.238787,33.9587143],[118.2384139,33.9587884],[118.2382115,33.9588239],[118.2379361,33.9588722],[118.2358632,33.9592557],[118.235234,33.9593826],[118.2351974,33.9593864],[118.2350236,33.9594043],[118.2348265,33.9594247],[118.2341472,33.9594403],[118.2340159,33.9594417]]}},{"type":"Feature","id":"way/1226670380","properties":{"osm_id":1226670380,"name":"振兴大道","highway":"secondary"},"geometry":{"type":"LineString","coordinates":[[118.2338574,33.9620159],[118.2338627,33.9619352],[118.2338798,33.9616777],[118.2338929,33.9614902],[118.2338981,33.9614043],[118.2339069,33.9612581],[118.2339176,33.9610798],[118.2339894,33.9598831],[118.2340135,33.9594824],[118.2340159,33.9594417]]}},{"type":"Feature","id":"way/1226670381","properties":{"osm_id":1226670381,"name":"北京路","highway":"primary"},"geometry":{"type":"LineString","coordinates":[[118.2350677,33.9227759],[118.234664,33.9228478]]}},{"type":"Feature","id":"way/1226670382","properties":{"osm_id":1226670382,"name":"振兴大道","highway":"secondary"},"geometry":{"type":"LineString","coordinates":[[118.2355087,33.9296273],[118.2354752,33.9285648],[118.2352889,33.9259163],[118.235278,33.9258325],[118.2350677,33.9227759]]}},{"type":"Feature","id":"way/1226670383","properties":{"osm_id":1226670383,"name":"北京路","highway":"primary","ref":"X101"},"geometry":{"type":"LineString","coordinates":[[118.2226781,33.9246552],[118.2176038,33.9254309],[118.217542,33.9254403],[118.2175241,33.925443],[118.2174493,33.9254544],[118.216818,33.925551],[118.215771,33.9257111],[118.2157486,33.9257143],[118.2125243,33.926174],[118.2116478,33.926291],[118.2115093,33.9263888]]}},{"type":"Feature","id":"way/1226670384","properties":{"osm_id":1226670384,"name":"通达大道","highway":"secondary"},"geometry":{"type":"LineString","coordinates":[[118.2212922,33.9421648],[118.2213484,33.9412668],[118.2213712,33.9409199],[118.2213779,33.940795],[118.2214001,33.9404408],[118.2214731,33.9392732],[118.2214756,33.9392346],[118.2214821,33.9391357],[118.2214904,33.9390194],[118.2215068,33.9388656],[118.2215145,33.9387893],[118.2216374,33.9375667],[118.2216394,33.9375469],[118.221734,33.9366066],[118.22174,33.9365521],[118.2219252,33.9350581],[118.2219314,33.9349981],[118.2222567,33.9318467],[118.2222702,33.931716],[118.2222892,33.9315041],[118.2222954,33.9314033],[118.2223449,33.9306055],[118.2223782,33.9300664],[118.2224168,33.9294444],[118.2224287,33.9292519],[118.2224295,33.9292385],[118.2224334,33.9291756],[118.2224394,33.9290794],[118.2225872,33.9266941],[118.2225881,33.9266793],[118.2225914,33.9266256],[118.2225928,33.9266036],[118.2225936,33.9265912],[118.2226051,33.9264056],[118.222654,33.9256139],[118.2226555,33.925556],[118.2226781,33.9246552]]}},{"type":"Feature","id":"way/1226670385","properties":{"osm_id":1226670385,"name":"通达大道","highway":"secondary"},"geometry":{"type":"LineString","coordinates":[[118.2226781,33.9246552],[118.2226875,33.9245392],[118.2227975,33.9228883],[118.2228791,33.9216638],[118.2229136,33.9211451],[118.2231032,33.9182988],[118.2231479,33.9176262],[118.2231627,33.9174039],[118.2231644,33.917377],[118.2232054,33.9167603],[118.2232354,33.9163087],[118.2232629,33.9158941],[118.2232723,33.9157526],[118.22341,33.9136788],[118.2234886,33.9124946],[118.2235423,33.9116859],[118.2235865,33.9108395],[118.2236342,33.909926],[118.2236834,33.9089843],[118.2237157,33.9083658],[118.2237874,33.9069939]]}},{"type":"Feature","id":"way/1226670386","properties":{"osm_id":1226670386,"name":"苏州西路","highway":"secondary"},"geometry":{"type":"LineString","coordinates":[[118.2329026,33.9061489],[118.2328447,33.9061554],[118.2319074,33.9062615],[118.229718,33.9065094],[118.2296427,33.9065179],[118.2279513,33.9066562],[118.2268177,33.9067483],[118.2252953,33.9068735],[118.2239137,33.9069865],[118.2237874,33.9069939]]}},{"type":"Feature","id":"way/1226670387","properties":{"osm_id":1226670387,"name":"通达大道","highway":"secondary"},"geometry":{"type":"LineString","coordinates":[[118.2239212,33.906799],[118.2239137,33.9069865],[118.2238314,33.9083595],[118.2237945,33.9089755],[118.2237378,33.9099209],[118.2236824,33.9108459],[118.2236326,33.9116768],[118.2235806,33.9124949],[118.2235053,33.9136788],[118.2234869,33.9139685],[118.2234515,33.9145252],[118.2233733,33.9157534],[118.2233645,33.9158921],[118.2233378,33.9163128],[118.223309,33.9167653],[118.2232686,33.9174005],[118.2232681,33.9174081],[118.2232539,33.9176315],[118.2232125,33.9182829],[118.2230766,33.9204925],[118.2230362,33.9211502],[118.2230163,33.9214741],[118.2230133,33.921522],[118.2230043,33.9216687],[118.2229385,33.9227384],[118.2229289,33.9228949],[118.2228971,33.923412],[118.2227999,33.9245222]]}},{"type":"Feature","id":"way/1226670388","properties":{"osm_id":1226670388,"name":"苏州西路","highway":"secondary"},"geometry":{"type":"LineString","coordinates":[[118.2239212,33.906799],[118.2250455,33.9067048],[118.2267946,33.9065583],[118.2279283,33.9064633],[118.2296155,33.9063219],[118.2317664,33.9060748],[118.2328438,33.905951],[118.2328705,33.9059479]]}},{"type":"Feature","id":"way/1226670389","properties":{"osm_id":1226670389,"name":"苏州西路","highway":"secondary"},"geometry":{"type":"LineString","coordinates":[[118.2237874,33.9069939],[118.2209725,33.9071969],[118.2181887,33.9074203],[118.2180978,33.9074294],[118.2175507,33.9074823],[118.2171394,33.907522]]}},{"type":"Feature","id":"way/1226670390","properties":{"osm_id":1226670390,"name":"苏州西路","highway":"secondary"},"geometry":{"type":"LineString","coordinates":[[118.2171294,33.9073509],[118.21753,33.9073184],[118.2223286,33.9069286],[118.2237816,33.9068106],[118.2239212,33.906799]]}},{"type":"Feature","id":"way/1226670391","properties":{"osm_id":1226670391,"name":"常州路","highway":"unclassified"},"geometry":{"type":"LineString","coordinates":[[118.2171394,33.907522],[118.2171294,33.9073509]]}},{"type":"Feature","id":"way/1226670392","properties":{"osm_id":1226670392,"name":"北京路","highway":"primary","ref":"X101"},"geometry":{"type":"LineString","coordinates":[[118.2114716,33.9261784],[118.2117534,33.92616],[118.215759,33.9255857],[118.2167638,33.9254339],[118.2175994,33.9253077],[118.218039,33.9252413],[118.2226875,33.9245392],[118.2227999,33.9245222]]}},{"type":"Feature","id":"way/1226670393","properties":{"osm_id":1226670393,"name":"通达大道","highway":"secondary"},"geometry":{"type":"LineString","coordinates":[[118.2227999,33.9245222],[118.2227859,33.9246387],[118.2227364,33.9255603],[118.2226908,33.9264086],[118.2226811,33.9265889],[118.2226803,33.9266032],[118.2226789,33.9266298],[118.2226773,33.9266591],[118.222676,33.9266764],[118.2226748,33.9266921],[118.2225385,33.9291966]]}},{"type":"Feature","id":"way/1226670394","properties":{"osm_id":1226670394,"name":"振兴大道","highway":"secondary"},"geometry":{"type":"LineString","coordinates":[[118.2352707,33.9226524],[118.2352775,33.9227399],[118.2353126,33.9231839],[118.2353304,33.9234093],[118.2353976,33.9241971],[118.2354819,33.9252856],[118.2355266,33.9258057],[118.2355334,33.9258922],[118.2356443,33.9286],[118.2356859,33.9296184]]}},{"type":"Feature","id":"way/1226670395","properties":{"osm_id":1226670395,"name":"北京路","highway":"primary"},"geometry":{"type":"LineString","coordinates":[[118.2346597,33.922757],[118.2350618,33.9226905],[118.2352707,33.9226524]]}},{"type":"Feature","id":"way/1226868089","properties":{"osm_id":1226868089,"name":"淘宝大道","highway":"tertiary"},"geometry":{"type":"LineString","coordinates":[[118.1455186,33.8976128],[118.1459981,33.8952495],[118.1462591,33.8940805],[118.1464278,33.8931003],[118.1464573,33.8929289],[118.1465167,33.8916186],[118.1465818,33.8903959],[118.1465887,33.8902671],[118.14665,33.8887551],[118.1466805,33.8880044],[118.1466844,33.8879181],[118.146698,33.8876172],[118.146739,33.8868805],[118.1467848,33.8860571],[118.1468072,33.8856561],[118.1468256,33.8853251],[118.1468537,33.8848201],[118.1466029,33.8830788]]}},{"type":"Feature","id":"way/1226868090","properties":{"osm_id":1226868090,"name":"马云大道","highway":"tertiary"},"geometry":{"type":"LineString","coordinates":[[118.1375078,33.8904481],[118.1325113,33.8904335]]}},{"type":"Feature","id":"way/1226868091","properties":{"osm_id":1226868091,"name":"东莞路","highway":"unclassified"},"geometry":{"type":"LineString","coordinates":[[118.1384665,33.8968772],[118.1384382,33.89679],[118.1382731,33.8953471],[118.1379793,33.8932926],[118.1379104,33.8926932],[118.1378483,33.8920492],[118.1377583,33.8913998],[118.1377424,33.8912918],[118.1375078,33.8904481]]}},{"type":"Feature","id":"way/1226868097","properties":{"osm_id":1226868097,"name":"泗睢线","highway":"primary","ref":"S325"},"geometry":{"type":"LineString","coordinates":[[118.1461499,33.8977142],[118.1465877,33.8977845],[118.1477183,33.8979661],[118.1489969,33.8981714]]}},{"type":"Feature","id":"way/1226868137","properties":{"osm_id":1226868137,"name":"阿里路","highway":"tertiary"},"geometry":{"type":"LineString","coordinates":[[118.1421091,33.8834713],[118.1421055,33.8834523]]}},{"type":"Feature","id":"way/1226868138","properties":{"osm_id":1226868138,"name":"阿里路","highway":"tertiary"},"geometry":{"type":"LineString","coordinates":[[118.1421131,33.8837351],[118.1421091,33.8834713]]}},{"type":"Feature","id":"way/1226868139","properties":{"osm_id":1226868139,"name":"阿里路","highway":"tertiary"},"geometry":{"type":"LineString","coordinates":[[118.1422544,33.8834519],[118.1422567,33.8837159]]}},{"type":"Feature","id":"way/1226868140","properties":{"osm_id":1226868140,"name":"阿里路","highway":"tertiary"},"geometry":{"type":"LineString","coordinates":[[118.1422542,33.8834308],[118.1422544,33.8834519]]}},{"type":"Feature","id":"way/1227173418","properties":{"osm_id":1227173418,"name":"振兴大道","highway":"secondary"},"geometry":{"type":"LineString","coordinates":[[118.2339569,33.9058401],[118.2339663,33.90604],[118.2339808,33.906417],[118.2339908,33.9066779],[118.2341198,33.9100433],[118.234142,33.9106226],[118.2342008,33.9112135],[118.2342465,33.9116728],[118.2345224,33.9144466],[118.2347286,33.9165187],[118.2347506,33.9167145],[118.2348373,33.9177041],[118.2349351,33.9188204],[118.2349882,33.9194273],[118.2350984,33.9206858],[118.2351414,33.9211761],[118.2351865,33.9216914],[118.2352707,33.9226524]]}},{"type":"Feature","id":"way/1227173419","properties":{"osm_id":1227173419,"name":"苏州西路","highway":"secondary"},"geometry":{"type":"LineString","coordinates":[[118.2334208,33.9058888],[118.2335068,33.9058799],[118.2337811,33.9058532],[118.2339569,33.9058401]]}},{"type":"Feature","id":"way/1227861878","properties":{"osm_id":1227861878,"name":"泗阜线","highway":"trunk","ref":"G633"},"geometry":{"type":"LineString","coordinates":[[118.2319337,33.7645969],[118.2334605,33.7645187],[118.2339841,33.7644967],[118.2350338,33.7644526],[118.2356868,33.7644251],[118.2366038,33.7643353],[118.237684,33.7642296],[118.24,33.7639042]]}},{"type":"Feature","id":"way/1229880970","properties":{"osm_id":1229880970,"highway":"secondary_link"},"geometry":{"type":"LineString","coordinates":[[118.2344772,33.8781895],[118.2345285,33.8782705],[118.2345829,33.8783293],[118.2346579,33.8783769],[118.2348035,33.8784264]]}},{"type":"Feature","id":"way/1229880971","properties":{"osm_id":1229880971,"highway":"secondary_link"},"geometry":{"type":"LineString","coordinates":[[118.2349897,33.8785672],[118.2347105,33.8786327],[118.2346063,33.8786891],[118.2345378,33.8787582],[118.2344797,33.8788765]]}},{"type":"Feature","id":"way/1229880972","properties":{"osm_id":1229880972,"highway":"secondary_link"},"geometry":{"type":"LineString","coordinates":[[118.2337954,33.8784621],[118.2339895,33.8784095],[118.2340788,33.8783434],[118.2341384,33.8782747],[118.2341713,33.8782071],[118.2342415,33.8780669]]}},{"type":"Feature","id":"way/1229880973","properties":{"osm_id":1229880973,"highway":"secondary_link"},"geometry":{"type":"LineString","coordinates":[[118.2342364,33.8792033],[118.2341634,33.8788385],[118.2341154,33.8787747],[118.2340395,33.8787141],[118.2339566,33.8786742],[118.2338853,33.8786468],[118.2337105,33.8786081]]}},{"type":"Feature","id":"way/1229880974","properties":{"osm_id":1229880974,"highway":"secondary_link"},"geometry":{"type":"LineString","coordinates":[[118.2342375,33.8789631],[118.2342692,33.8789097],[118.2343021,33.8788912],[118.2343542,33.8788838],[118.2343929,33.8788974],[118.2344323,33.8789279],[118.2344791,33.8789994]]}},{"type":"Feature","id":"way/1229880975","properties":{"osm_id":1229880975,"highway":"secondary_link"},"geometry":{"type":"LineString","coordinates":[[118.2344767,33.8781379],[118.2343983,33.878175],[118.2343451,33.8781846],[118.234241,33.878164]]}},{"type":"Feature","id":"way/1229880976","properties":{"osm_id":1229880976,"highway":"secondary_link"},"geometry":{"type":"LineString","coordinates":[[118.234768,33.8785741],[118.2347351,33.8785321],[118.2347303,33.8784983],[118.2347441,33.8784592],[118.2348035,33.8784264]]}},{"type":"Feature","id":"way/1229880977","properties":{"osm_id":1229880977,"highway":"secondary_link"},"geometry":{"type":"LineString","coordinates":[[118.2337954,33.8784621],[118.2338638,33.8784858],[118.2338909,33.8785022],[118.2339047,33.878524],[118.2339122,33.8785547],[118.2338977,33.8786027]]}},{"type":"Feature","id":"way/1229880978","properties":{"osm_id":1229880978,"highway":"secondary_link"},"geometry":{"type":"LineString","coordinates":[[118.2388877,33.878295],[118.2389394,33.8783203],[118.2389517,33.8783555],[118.2389506,33.8783838],[118.2389349,33.8784127],[118.2388634,33.878446]]}},{"type":"Feature","id":"way/1229880980","properties":{"osm_id":1229880980,"highway":"secondary_link"},"geometry":{"type":"LineString","coordinates":[[118.2233358,33.878843],[118.2234294,33.8788661],[118.2234495,33.8788925],[118.223445,33.8789186],[118.2233923,33.8789532]]}},{"type":"Feature","id":"way/1229880983","properties":{"osm_id":1229880983,"highway":"secondary_link"},"geometry":{"type":"LineString","coordinates":[[118.2105671,33.8794085],[118.2105306,33.8793893],[118.2105176,33.8793701],[118.2105124,33.8793499],[118.2105164,33.8793311],[118.2105317,33.879318],[118.2105712,33.8792954]]}},{"type":"Feature","id":"way/1229882228","properties":{"osm_id":1229882228,"highway":"secondary_link"},"geometry":{"type":"LineString","coordinates":[[118.2344952,33.9545635],[118.2344592,33.9546011],[118.2344201,33.9546104],[118.2343859,33.9546061],[118.2343644,33.954595],[118.2343415,33.9545624]]}},{"type":"Feature","id":"way/1229882229","properties":{"osm_id":1229882229,"highway":"secondary_link"},"geometry":{"type":"LineString","coordinates":[[118.2342763,33.9555032],[118.2343067,33.9554742],[118.2343356,33.9554634],[118.2343697,33.9554619],[118.2343922,33.9554721],[118.2344078,33.9554867],[118.2344238,33.9555145]]}},{"type":"Feature","id":"way/1229882230","properties":{"osm_id":1229882230,"highway":"secondary_link"},"geometry":{"type":"LineString","coordinates":[[118.2341822,33.9589443],[118.2341438,33.9589753],[118.2341155,33.9589802],[118.2340892,33.958978],[118.2340672,33.9589645],[118.2340474,33.9589387]]}},{"type":"Feature","id":"way/1229882231","properties":{"osm_id":1229882231,"highway":"secondary_link"},"geometry":{"type":"LineString","coordinates":[[118.2339894,33.9598831],[118.2340139,33.9598414],[118.2340476,33.9598285],[118.2340787,33.9598334],[118.2340996,33.9598478],[118.2341197,33.9598812]]}},{"type":"Feature","id":"way/1229882232","properties":{"osm_id":1229882232,"highway":"secondary_link"},"geometry":{"type":"LineString","coordinates":[[118.2340448,33.9610812],[118.2340171,33.961102],[118.233982,33.9611067],[118.2339455,33.961101],[118.2339176,33.9610798]]}},{"type":"Feature","id":"way/1229882233","properties":{"osm_id":1229882233,"highway":"secondary_link"},"geometry":{"type":"LineString","coordinates":[[118.2338574,33.9620159],[118.2338941,33.9619961],[118.2339296,33.9619964],[118.2339623,33.9620011],[118.2339872,33.9620199]]}},{"type":"Feature","id":"way/1229882234","properties":{"osm_id":1229882234,"highway":"secondary_link"},"geometry":{"type":"LineString","coordinates":[[118.2335908,33.9614813],[118.2337055,33.9614477],[118.2337628,33.9614259],[118.2338077,33.9614013],[118.2338558,33.961344],[118.2338886,33.9612951],[118.2339069,33.9612581]]}},{"type":"Feature","id":"way/1229882235","properties":{"osm_id":1229882235,"highway":"secondary_link"},"geometry":{"type":"LineString","coordinates":[[118.2340335,33.961262],[118.2340782,33.9613531],[118.2340961,33.9613809],[118.2341166,33.9614101],[118.2341441,33.9614351],[118.2341842,33.9614581],[118.2342914,33.9615018]]}},{"type":"Feature","id":"way/1229882236","properties":{"osm_id":1229882236,"highway":"secondary_link"},"geometry":{"type":"LineString","coordinates":[[118.2343381,33.9616858],[118.2342042,33.9617205],[118.234137,33.9617519],[118.2340641,33.9618],[118.2340163,33.9618463],[118.2339963,33.9618799]]}},{"type":"Feature","id":"way/1229882237","properties":{"osm_id":1229882237,"highway":"secondary_link"},"geometry":{"type":"LineString","coordinates":[[118.2338627,33.9619352],[118.2338158,33.961808],[118.233787,33.9617713],[118.2337442,33.961737],[118.2336886,33.9617032],[118.2335756,33.9616667]]}},{"type":"Feature","id":"way/1229882238","properties":{"osm_id":1229882238,"highway":"primary_link"},"geometry":{"type":"LineString","coordinates":[[118.234556,33.9616906],[118.2345204,33.9616599],[118.2345033,33.9616273],[118.2345027,33.9615928],[118.234514,33.961567],[118.2345381,33.96154],[118.2346002,33.9615125]]}},{"type":"Feature","id":"way/1229882239","properties":{"osm_id":1229882239,"highway":"primary_link"},"geometry":{"type":"LineString","coordinates":[[118.2331827,33.9614693],[118.2332785,33.9615021],[118.2333179,33.9615426],[118.2333191,33.9615781],[118.2333025,33.9616094],[118.2332576,33.9616338],[118.2331651,33.9616518]]}},{"type":"Feature","id":"way/1229882240","properties":{"osm_id":1229882240,"highway":"primary_link"},"geometry":{"type":"LineString","coordinates":[[118.2388492,33.9616537],[118.2388994,33.9616763],[118.2389176,33.9617031],[118.2389199,33.961736],[118.2389094,33.9617551],[118.2388542,33.9617848]]}},{"type":"Feature","id":"way/1229882241","properties":{"osm_id":1229882241,"highway":"primary_link"},"geometry":{"type":"LineString","coordinates":[[118.2399872,33.9618129],[118.2399426,33.9617948],[118.2399296,33.9617695],[118.2399313,33.9617395],[118.2399565,33.9617226],[118.2399945,33.9617006]]}},{"type":"Feature","id":"way/1229882252","properties":{"osm_id":1229882252,"highway":"secondary_link"},"geometry":{"type":"LineString","coordinates":[[118.2283284,33.9611231],[118.228359,33.9611939],[118.2283887,33.9612195],[118.2284541,33.9612679],[118.2285106,33.9612969],[118.2286497,33.9613358]]}},{"type":"Feature","id":"way/1229882253","properties":{"osm_id":1229882253,"highway":"secondary_link"},"geometry":{"type":"LineString","coordinates":[[118.2277552,33.9613068],[118.2279846,33.96127],[118.2280532,33.9612417],[118.2281013,33.96121],[118.2281461,33.9611611],[118.2282102,33.9610817]]}},{"type":"Feature","id":"way/1229882254","properties":{"osm_id":1229882254,"highway":"secondary_link"},"geometry":{"type":"LineString","coordinates":[[118.2287513,33.9614922],[118.2284969,33.9615292],[118.2284267,33.9615513],[118.2283805,33.9615745],[118.2283585,33.9615949],[118.2283327,33.9616455],[118.2283018,33.9617217]]}},{"type":"Feature","id":"way/1229882255","properties":{"osm_id":1229882255,"highway":"secondary_link"},"geometry":{"type":"LineString","coordinates":[[118.2281664,33.9618752],[118.228129,33.9616361],[118.2281119,33.9615869],[118.2280742,33.96155],[118.2280234,33.9615086],[118.2279011,33.9614605]]}},{"type":"Feature","id":"way/1229882256","properties":{"osm_id":1229882256,"highway":"primary_link"},"geometry":{"type":"LineString","coordinates":[[118.2276342,33.9613027],[118.227676,33.9613244],[118.2276907,33.9613565],[118.2276943,33.9613844],[118.2276829,33.9614159],[118.2276341,33.9614502]]}},{"type":"Feature","id":"way/1229882257","properties":{"osm_id":1229882257,"highway":"primary_link"},"geometry":{"type":"LineString","coordinates":[[118.2288215,33.9614947],[118.2287949,33.9614581],[118.2287867,33.9614267],[118.2287955,33.9613954],[118.2288177,33.9613608],[118.2288411,33.9613414]]}},{"type":"Feature","id":"way/1229882258","properties":{"osm_id":1229882258,"highway":"primary_link"},"geometry":{"type":"LineString","coordinates":[[118.2237575,33.9613007],[118.2237229,33.9612756],[118.2237137,33.9612438],[118.2237211,33.9612128],[118.2237435,33.9611975],[118.2237853,33.9611718]]}},{"type":"Feature","id":"way/1229882259","properties":{"osm_id":1229882259,"highway":"primary_link"},"geometry":{"type":"LineString","coordinates":[[118.2225228,33.9611307],[118.2225633,33.9611595],[118.2225789,33.9612013],[118.2225712,33.9612267],[118.2225337,33.9612563]]}},{"type":"Feature","id":"way/1230332030","properties":{"osm_id":1230332030,"name":"高黄路","highway":"primary","ref":"S302"},"geometry":{"type":"LineString","coordinates":[[117.4615774,33.9076493],[117.4609093,33.9076794]]}},{"type":"Feature","id":"way/1230332031","properties":{"osm_id":1230332031,"name":"高黄路","highway":"primary","ref":"S302"},"geometry":{"type":"LineString","coordinates":[[117.5055304,33.8904632],[117.503103,33.891368],[117.503003,33.891427],[117.5000871,33.8926023],[117.4977569,33.893533],[117.493088,33.895367],[117.4899134,33.8965915],[117.4884688,33.8971116],[117.4878387,33.8972544],[117.4877538,33.8972521],[117.4861926,33.8972036],[117.4851,33.897183],[117.4817849,33.8970864],[117.479571,33.897027],[117.478899,33.897015],[117.478305,33.896992],[117.4766823,33.8969505],[117.4761284,33.8970117],[117.4759658,33.8970805],[117.4755597,33.8972522],[117.4750233,33.8975728],[117.4747551,33.8979557],[117.4745619,33.8984099],[117.4744654,33.8990421],[117.4745834,33.9009834],[117.4746084,33.9020338],[117.4746156,33.902337],[117.4745083,33.9032186],[117.4743366,33.9038775],[117.474004,33.9045365],[117.4734998,33.9052399],[117.4728239,33.9058899],[117.4720085,33.9064064],[117.4711073,33.9067893],[117.47016,33.907054],[117.469468,33.907107],[117.465416,33.907407],[117.465095,33.907426],[117.464513,33.907454],[117.463109,33.907561],[117.462748,33.90759],[117.462257,33.907629],[117.4615774,33.9076493]]}},{"type":"Feature","id":"way/1237762660","properties":{"osm_id":1237762660,"name":"下怀路","highway":"primary","ref":"S224"},"geometry":{"type":"LineString","coordinates":[[117.4728906,34.0211217],[117.4726975,34.0216664],[117.4723863,34.0225645],[117.4721428,34.023493],[117.4719787,34.0244452],[117.4719401,34.0257374],[117.4725687,34.0326033],[117.4728144,34.0344377],[117.4731481,34.0358396],[117.4735075,34.0372666],[117.4735161,34.0375147],[117.4737693,34.0428703],[117.4741368,34.04557]]}},{"type":"Feature","id":"way/1237762661","properties":{"osm_id":1237762661,"name":"下怀路","highway":"primary","ref":"S224"},"geometry":{"type":"LineString","coordinates":[[117.4731186,34.0204926],[117.4728906,34.0211217]]}},{"type":"Feature","id":"way/1237762679","properties":{"osm_id":1237762679,"name":"朝褚路","highway":"primary","ref":"S408"},"geometry":{"type":"LineString","coordinates":[[117.45,33.9947794],[117.450157,33.994772],[117.450898,33.994784],[117.451289,33.994805],[117.4515088,33.9948478],[117.451911,33.994926],[117.452181,33.994987],[117.452582,33.995147],[117.452783,33.995268],[117.452963,33.995448],[117.453254,33.995949],[117.453484,33.996369],[117.453535,33.996479],[117.454136,33.99749],[117.454386,33.997971],[117.454517,33.998171],[117.454647,33.998251],[117.454868,33.998282],[117.4656464,33.9982272],[117.4698383,33.9982452],[117.4747413,33.9982079],[117.47624,33.998205],[117.4786032,33.998212],[117.486055,33.9982062],[117.4946811,33.9980843],[117.49496,33.9981021],[117.4951449,33.9981662]]}},{"type":"Feature","id":"way/1237798413","properties":{"osm_id":1237798413,"name":"高黄路","highway":"primary","ref":"S302"},"geometry":{"type":"LineString","coordinates":[[117.5278931,33.8805115],[117.5278114,33.8805457],[117.524117,33.882511],[117.518297,33.885704],[117.516842,33.886529],[117.516421,33.886758],[117.515929,33.886977],[117.515086,33.887314],[117.5105837,33.8887877],[117.508131,33.889573],[117.5061879,33.890215],[117.5061232,33.8902406]]}},{"type":"Feature","id":"way/1237798414","properties":{"osm_id":1237798414,"name":"高黄路","highway":"primary","ref":"S302"},"geometry":{"type":"LineString","coordinates":[[117.5280935,33.8804125],[117.5278931,33.8805115]]}},{"type":"Feature","id":"way/1237798415","properties":{"osm_id":1237798415,"name":"下怀路","highway":"primary","ref":"S224"},"geometry":{"type":"LineString","coordinates":[[117.4694198,33.8079555],[117.4696384,33.808942]]}},{"type":"Feature","id":"way/1237798416","properties":{"osm_id":1237798416,"name":"下怀路","highway":"primary","ref":"S224"},"geometry":{"type":"LineString","coordinates":[[117.4585536,33.7741519],[117.4586926,33.774593],[117.4587057,33.7746345],[117.4587237,33.7746918],[117.4589773,33.7754967],[117.4590503,33.7757283],[117.4591192,33.775947],[117.459177,33.7761303],[117.461451,33.7833469],[117.4624281,33.7864476],[117.462684,33.7872595],[117.4627116,33.7873471],[117.4662435,33.798119],[117.4663979,33.7985899],[117.4664869,33.7988611],[117.4666946,33.7994947],[117.4672836,33.801291],[117.4693192,33.8075777],[117.4694198,33.8079555]]}},{"type":"Feature","id":"way/1237798418","properties":{"osm_id":1237798418,"name":"高黄路","highway":"primary","ref":"S302"},"geometry":{"type":"LineString","coordinates":[[117.4528083,33.9082548],[117.4526213,33.9082705]]}},{"type":"Feature","id":"way/1237798419","properties":{"osm_id":1237798419,"name":"高黄路","highway":"primary","ref":"S302"},"geometry":{"type":"LineString","coordinates":[[117.4609093,33.9076794],[117.460111,33.907773],[117.458777,33.90785],[117.457805,33.907918],[117.457143,33.907967],[117.456461,33.908015],[117.455789,33.908063],[117.455108,33.908112],[117.454496,33.908161],[117.4540246,33.9081756],[117.4528754,33.9082513],[117.4528083,33.9082548]]}},{"type":"Feature","id":"way/1238640335","properties":{"osm_id":1238640335,"name":"朝凤路","highway":"primary","ref":"S223"},"geometry":{"type":"LineString","coordinates":[[117.5813972,33.8529561],[117.5816029,33.8519861],[117.5821526,33.8493703],[117.5822262,33.8483968],[117.5823194,33.8470948],[117.5824057,33.8461498],[117.582486,33.8457808],[117.5826384,33.8454329],[117.5832519,33.8447196],[117.5844111,33.8435178],[117.5847835,33.8430434],[117.5850162,33.8425479],[117.5851346,33.8421051],[117.5851685,33.8417396],[117.5851135,33.8403902],[117.5850389,33.8386444],[117.5849839,33.8370418],[117.585022,33.8367466],[117.585132,33.8363917],[117.5853351,33.8360297],[117.5856101,33.8356817],[117.5867144,33.8345782],[117.5883772,33.8329018],[117.5893988,33.8318288],[117.5897161,33.8314035],[117.5899531,33.8310345],[117.5901435,33.8305741],[117.5902789,33.8301734],[117.5903215,33.8299494],[117.5904185,33.8294388],[117.59063,33.8282684],[117.590977,33.8264619],[117.591148,33.8253653],[117.5912171,33.8251012],[117.591304,33.8247691],[117.5914506,33.8242323],[117.5915702,33.8238843],[117.5917946,33.8235264],[117.5921088,33.823089],[117.592755,33.8223334],[117.5934772,33.8215629],[117.5937375,33.8212199],[117.5939888,33.8208172],[117.5942671,33.8202878],[117.5945573,33.8196068],[117.594665,33.8193139],[117.5949312,33.8185902],[117.5952633,33.8176531],[117.5956343,33.8164402],[117.5958561,33.8156892],[117.5960761,33.8149443],[117.5961935,33.8144231],[117.5962255,33.8142812],[117.5965308,33.8129831],[117.596712,33.8119616],[117.596822,33.8110371],[117.5968982,33.8100668],[117.5969488,33.8094129],[117.5970176,33.8090301],[117.5972001,33.8082545],[117.5976139,33.8064746],[117.5978029,33.8056583],[117.5979529,33.8050102],[117.5981189,33.8043301],[117.5982376,33.8038436],[117.5983961,33.8032594],[117.5986145,33.802628],[117.5990244,33.8015416],[117.5992338,33.801022],[117.5994462,33.8006217],[117.599889,33.7998958],[117.6001672,33.7995079],[117.6005532,33.7990878],[117.6012293,33.7983569],[117.6017409,33.7976931],[117.6022675,33.7968005],[117.6032252,33.7952913],[117.6034654,33.7949127],[117.6039156,33.7942913],[117.603968,33.794219],[117.6043368,33.7935608],[117.6045455,33.7931792]]}},{"type":"Feature","id":"way/1238640336","properties":{"osm_id":1238640336,"name":"朝凤路","highway":"primary","ref":"S223"},"geometry":{"type":"LineString","coordinates":[[117.6045455,33.7931792],[117.6047259,33.7928491]]}},{"type":"Feature","id":"way/1240125201","properties":{"osm_id":1240125201,"name":"新235国道","highway":"trunk","ref":"G235"},"geometry":{"type":"LineString","coordinates":[[118.2016141,33.665],[118.2015694,33.6659557],[118.2015567,33.6662798],[118.2013408,33.6692665],[118.2012367,33.6707075],[118.2011803,33.6715227],[118.2011777,33.6715597],[118.2010808,33.6729606],[118.2010549,33.6740034],[118.2010456,33.6750442],[118.2011363,33.6768503],[118.2012926,33.6781233],[118.2014438,33.6790683],[118.2016285,33.6799668]]}},{"type":"Feature","id":"way/1240125205","properties":{"osm_id":1240125205,"name":"新235国道","highway":"trunk","ref":"G235"},"geometry":{"type":"LineString","coordinates":[[118.2015097,33.6799967],[118.2013383,33.6790851],[118.2011801,33.6780476],[118.2010002,33.6764229],[118.2009264,33.6746652],[118.2009365,33.6733634],[118.2010579,33.6715007],[118.2011835,33.6696169],[118.2012084,33.6692399],[118.2014047,33.6662652],[118.2014548,33.665]]}},{"type":"Feature","id":"way/1240125237","properties":{"osm_id":1240125237,"highway":"secondary"},"geometry":{"type":"LineString","coordinates":[[118.1999572,33.6869066],[118.1999794,33.6869727],[118.2018499,33.6925385],[118.2019982,33.6929693],[118.2034124,33.6970763],[118.2039659,33.6987443],[118.2041927,33.699373],[118.204314,33.6995302],[118.2044724,33.699638],[118.2045588,33.6996907],[118.2046698,33.6996776]]}},{"type":"Feature","id":"way/1240125266","properties":{"osm_id":1240125266,"name":"新235国道","highway":"trunk","ref":"G235"},"geometry":{"type":"LineString","coordinates":[[118.203114,33.6883168],[118.2035363,33.6910164],[118.2037891,33.6927394],[118.2038508,33.693152],[118.2040827,33.6958278],[118.2043653,33.6980703],[118.2044969,33.6987673],[118.2046698,33.6996776],[118.204787,33.7001771],[118.2052336,33.7019011],[118.2065463,33.7057568],[118.2086595,33.71193],[118.2099282,33.7155338],[118.2112404,33.719413],[118.2116954,33.7209305]]}},{"type":"Feature","id":"way/1240125267","properties":{"osm_id":1240125267,"name":"新235国道","highway":"trunk","ref":"G235"},"geometry":{"type":"LineString","coordinates":[[118.2016285,33.6799668],[118.203114,33.6883168]]}},{"type":"Feature","id":"way/1240125270","properties":{"osm_id":1240125270,"name":"新235国道","highway":"trunk","ref":"G235"},"geometry":{"type":"LineString","coordinates":[[118.2029903,33.6883423],[118.2015097,33.6799967]]}},{"type":"Feature","id":"way/1251643416","properties":{"osm_id":1251643416,"name":"厦门西路","highway":"tertiary"},"geometry":{"type":"LineString","coordinates":[[118.2177166,33.9258163],[118.217881,33.9264181],[118.2180312,33.9267563],[118.2183316,33.9271302],[118.2185502,33.9273309],[118.2186385,33.927412],[118.2188359,33.9275932],[118.2192972,33.927967],[118.2197424,33.9282742],[118.2204237,33.9286258],[118.2206973,33.9287371],[118.2212177,33.9289107],[118.2218948,33.9290692],[118.2224334,33.9291756],[118.2225385,33.9291966]]}},{"type":"Feature","id":"way/1251643417","properties":{"osm_id":1251643417,"name":"厦门西路","highway":"tertiary"},"geometry":{"type":"LineString","coordinates":[[118.2225372,33.929256],[118.2224295,33.9292385],[118.2222597,33.9292072],[118.2218639,33.9291308],[118.2211855,33.9289774],[118.2209012,33.9288929],[118.2203701,33.9286926],[118.2201072,33.928559],[118.2197103,33.9283409],[118.2191631,33.9279893],[118.2187608,33.9276911],[118.218535,33.9274905],[118.2184445,33.9274101],[118.2182297,33.9272193],[118.2181027,33.927066],[118.2180153,33.9269309],[118.2179185,33.9267519],[118.2178166,33.9264982],[118.2176335,33.9258317]]}},{"type":"Feature","id":"way/1251643418","properties":{"osm_id":1251643418,"name":"红海路","highway":"tertiary"},"geometry":{"type":"LineString","coordinates":[[118.2290062,33.923699],[118.2292539,33.9247176],[118.2295552,33.9259524],[118.2296143,33.9263568],[118.2296166,33.9264247],[118.2295985,33.9272438],[118.2295536,33.9278745],[118.2294621,33.928725]]}},{"type":"Feature","id":"way/1251643419","properties":{"osm_id":1251643419,"name":"红海路","highway":"tertiary"},"geometry":{"type":"LineString","coordinates":[[118.2293464,33.9287355],[118.2294575,33.9274072],[118.229486,33.9268873],[118.2294927,33.9264302],[118.2294924,33.9263626],[118.2294211,33.9259207],[118.2288607,33.9237248]]}},{"type":"Feature","id":"way/1251643420","properties":{"osm_id":1251643420,"name":"深圳西路","highway":"tertiary"},"geometry":{"type":"LineString","coordinates":[[118.234479,33.9259246],[118.2344917,33.9259873],[118.2341328,33.9260327],[118.2328903,33.9261695],[118.2326248,33.9262009],[118.2315627,33.9263097],[118.2309771,33.926365],[118.2305864,33.9263834],[118.2302856,33.9263964],[118.2296166,33.9264247],[118.2294927,33.9264302],[118.2284245,33.9264769],[118.2280544,33.9264636],[118.2273754,33.92649],[118.2271457,33.9264989],[118.2261237,33.9265387],[118.2252171,33.9265739],[118.2251342,33.9265771],[118.2246211,33.9265971],[118.2242134,33.9266104],[118.2237306,33.9266416],[118.2229444,33.9266675],[118.222676,33.9266764],[118.2225881,33.9266793],[118.2206246,33.926744],[118.2200882,33.9267929],[118.2196483,33.9268953],[118.2192031,33.9270689],[118.2190655,33.9271411]]}},{"type":"Feature","id":"way/1251643421","properties":{"osm_id":1251643421,"name":"深圳西路","highway":"tertiary"},"geometry":{"type":"LineString","coordinates":[[118.2189647,33.927063],[118.2189865,33.9270507],[118.2194532,33.9268771],[118.219936,33.9267436],[118.2203705,33.9266902],[118.2222105,33.9266011],[118.2225936,33.9265912],[118.2226811,33.9265889],[118.2246192,33.9265388],[118.2251304,33.9265211],[118.2252146,33.9265182],[118.2261205,33.9264869],[118.2271423,33.9264516],[118.2273228,33.9264454],[118.2273741,33.9264434],[118.2294924,33.9263626],[118.2296143,33.9263568],[118.2301284,33.9263385],[118.2302816,33.9263296],[118.2312067,33.9262762],[118.2317167,33.9262301],[118.2328862,33.9261096],[118.233449,33.9260492],[118.234479,33.9259246]]}},{"type":"Feature","id":"way/1251673504","properties":{"osm_id":1251673504,"name":"深圳西路","highway":"tertiary"},"geometry":{"type":"LineString","coordinates":[[118.2173541,33.9291955],[118.2173775,33.9290388],[118.2173899,33.9289562],[118.2173991,33.9289048],[118.217465,33.9285378],[118.2175401,33.9283553],[118.2176313,33.9281906],[118.2177547,33.9280259],[118.217921,33.9278523],[118.2181872,33.9276026],[118.2184445,33.9274101],[118.2185502,33.9273309],[118.2187344,33.9271931]]}},{"type":"Feature","id":"way/1251673505","properties":{"osm_id":1251673505,"name":"深圳西路","highway":"tertiary"},"geometry":{"type":"LineString","coordinates":[[118.2187344,33.9271931],[118.2189647,33.927063]]}},{"type":"Feature","id":"way/1251673506","properties":{"osm_id":1251673506,"name":"深圳西路","highway":"tertiary"},"geometry":{"type":"LineString","coordinates":[[118.2188383,33.9272603],[118.2186385,33.927412],[118.218535,33.9274905],[118.2181463,33.9277855],[118.2178244,33.9280838],[118.2176742,33.9283241],[118.2176098,33.9284799],[118.2175616,33.9287114],[118.2175342,33.9289759],[118.2175202,33.9291104],[118.2175036,33.9292705]]}},{"type":"Feature","id":"way/1251673507","properties":{"osm_id":1251673507,"name":"深圳西路","highway":"tertiary"},"geometry":{"type":"LineString","coordinates":[[118.2190655,33.9271411],[118.2188383,33.9272603]]}},{"type":"Feature","id":"way/1251673516","properties":{"osm_id":1251673516,"name":"厦门西路","highway":"tertiary"},"geometry":{"type":"LineString","coordinates":[[118.2175739,33.9256216],[118.2175241,33.925443]]}},{"type":"Feature","id":"way/1251673517","properties":{"osm_id":1251673517,"name":"厦门西路","highway":"tertiary"},"geometry":{"type":"LineString","coordinates":[[118.2176335,33.9258317],[118.2175739,33.9256216]]}},{"type":"Feature","id":"way/1251673518","properties":{"osm_id":1251673518,"name":"厦门西路","highway":"tertiary"},"geometry":{"type":"LineString","coordinates":[[118.2176532,33.9256069],[118.2177166,33.9258163]]}},{"type":"Feature","id":"way/1251673519","properties":{"osm_id":1251673519,"name":"厦门西路","highway":"tertiary"},"geometry":{"type":"LineString","coordinates":[[118.2176038,33.9254309],[118.2176532,33.9256069]]}},{"type":"Feature","id":"way/1252780386","properties":{"osm_id":1252780386,"name":"韶关路","highway":"tertiary"},"geometry":{"type":"LineString","coordinates":[[118.2397467,33.8879473],[118.24,33.8879479]]}},{"type":"Feature","id":"way/1253629633","properties":{"osm_id":1253629633,"name":"大明湖路","highway":"unclassified"},"geometry":{"type":"LineString","coordinates":[[118.2119995,33.9441973],[118.2119567,33.9441984],[118.2114412,33.9442025],[118.211232,33.9441892],[118.2111032,33.9441847],[118.2102717,33.9441937],[118.2099711,33.944197],[118.2088073,33.9442096]]}},{"type":"Feature","id":"way/1253629634","properties":{"osm_id":1253629634,"name":"大明湖路","highway":"unclassified"},"geometry":{"type":"LineString","coordinates":[[118.2088024,33.9441714],[118.2091238,33.9441603],[118.2094081,33.944158],[118.2096334,33.9441714],[118.2099667,33.9441679],[118.210267,33.9441648],[118.2119504,33.9441473],[118.2119933,33.9441467]]}},{"type":"Feature","id":"way/1253629635","properties":{"osm_id":1253629635,"name":"天平山路","highway":"unclassified"},"geometry":{"type":"LineString","coordinates":[[118.212227,33.9463769],[118.2122183,33.9463092],[118.2122156,33.9462873],[118.2121013,33.9453651],[118.2119567,33.9441984],[118.2119504,33.9441473],[118.2118052,33.942976],[118.2117811,33.9429026],[118.2117382,33.9428292],[118.2116872,33.9427713],[118.2116282,33.9427179],[118.2115531,33.9426734],[118.2114297,33.9426289]]}},{"type":"Feature","id":"way/1253629636","properties":{"osm_id":1253629636,"name":"天平山路","highway":"unclassified"},"geometry":{"type":"LineString","coordinates":[[118.2114284,33.9425948],[118.2115035,33.9426148],[118.2115921,33.9426526],[118.2116591,33.9426949],[118.2117181,33.9427461],[118.2117744,33.9428062],[118.2118093,33.9428596],[118.2118361,33.942933],[118.2118576,33.9430465],[118.2119933,33.9441467],[118.2119995,33.9441973],[118.2121431,33.9453616],[118.2122569,33.9462838],[118.2122599,33.9463085],[118.2122682,33.9463734]]}},{"type":"Feature","id":"way/1264402731","properties":{"osm_id":1264402731,"name":"古黄河风景北道","highway":"unclassified"},"geometry":{"type":"LineString","coordinates":[[118.1632831,34.0168644],[118.1669763,34.0150001],[118.168161,34.0142947],[118.1689066,34.013723],[118.1694731,34.0132347],[118.1695555,34.0131586],[118.169853,34.0127921],[118.1702647,34.0122667],[118.1715331,34.0100769],[118.1718,34.0093755],[118.1718956,34.0075116],[118.1720176,34.006083],[118.1722416,34.0034583],[118.172417,34.0014042],[118.1725366,34.0000027],[118.1725983,33.9994841],[118.172583,33.9988276],[118.1719798,33.9944499],[118.1720588,33.9939365],[118.1722093,33.9935919],[118.1733495,33.9909005],[118.1740951,33.9891664],[118.1745292,33.9882268],[118.1746821,33.9879593],[118.1748124,33.987771],[118.1749803,33.9876495],[118.1751728,33.9875414],[118.1754591,33.9874266],[118.1757076,33.9873305]]}},{"type":"Feature","id":"way/1264426978","properties":{"osm_id":1264426978,"name":"梁王线","highway":"secondary"},"geometry":{"type":"LineString","coordinates":[[118.0183833,33.9633413],[118.0181041,33.9633722],[118.0144374,33.9637697],[118.0113513,33.9641042],[118.0059388,33.9646929],[118.0048226,33.9648053],[118.0045378,33.9648053],[118.0043323,33.9647781],[118.0040287,33.9647084],[118.0035944,33.9645767],[118.0031321,33.9643443],[118.0023802,33.9639648],[118.002142,33.9638796],[118.0018665,33.9638486],[117.9984668,33.9637982],[117.9937454,33.9637905],[117.9917428,33.963792],[117.9882815,33.9637827],[117.9858766,33.9637656],[117.9844754,33.9637556],[117.9809988,33.9637135]]}},{"type":"Feature","id":"way/1264426979","properties":{"osm_id":1264426979,"name":"梁王线","highway":"secondary"},"geometry":{"type":"LineString","coordinates":[[118.0184426,33.9633347],[118.0183833,33.9633413]]}},{"type":"Feature","id":"way/1264426980","properties":{"osm_id":1264426980,"name":"梁王线","highway":"secondary"},"geometry":{"type":"LineString","coordinates":[[118.0279844,33.9622414],[118.0277952,33.9622628],[118.0257302,33.9625278],[118.019069,33.9632654],[118.0184426,33.9633347]]}},{"type":"Feature","id":"way/1264426981","properties":{"osm_id":1264426981,"name":"梁王线","highway":"secondary"},"geometry":{"type":"LineString","coordinates":[[118.0282973,33.9622062],[118.0279844,33.9622414]]}},{"type":"Feature","id":"way/1264427007","properties":{"osm_id":1264427007,"name":"泗睢线","highway":"primary","ref":"S325"},"geometry":{"type":"LineString","coordinates":[[118.0564199,33.9053892],[118.0561882,33.9054614],[118.0560471,33.9055045],[118.0556833,33.9056157],[118.0550641,33.9057517],[118.0541718,33.9058798],[118.0536514,33.9059473],[118.0511794,33.9059764],[118.0462959,33.906034]]}},{"type":"Feature","id":"way/1264427008","properties":{"osm_id":1264427008,"name":"泗睢线","highway":"primary","ref":"S325"},"geometry":{"type":"LineString","coordinates":[[118.056776,33.9052783],[118.0564199,33.9053892]]}},{"type":"Feature","id":"way/1264427009","properties":{"osm_id":1264427009,"name":"泗睢线","highway":"primary","ref":"S325"},"geometry":{"type":"LineString","coordinates":[[118.0232584,33.9062985],[118.0266498,33.90626],[118.0270249,33.9062557],[118.0310012,33.906197],[118.0315049,33.9061896],[118.0321356,33.9061803],[118.0354532,33.9061313],[118.0383607,33.9060884],[118.0385261,33.9060859],[118.038636,33.9060843],[118.0392466,33.9060753],[118.0426226,33.9060255],[118.0442636,33.9060013],[118.0462945,33.9059711],[118.0502444,33.9059059],[118.0532114,33.905857],[118.0534751,33.9058384],[118.0546551,33.905709],[118.0549909,33.905658],[118.0556828,33.9054905],[118.0564671,33.9052521]]}},{"type":"Feature","id":"way/1264427010","properties":{"osm_id":1264427010,"name":"泗睢线","highway":"primary","ref":"S325"},"geometry":{"type":"LineString","coordinates":[[118.0564671,33.9052521],[118.0568223,33.9051441]]}},{"type":"Feature","id":"way/1264427043","properties":{"osm_id":1264427043,"name":"睢皂线","highway":"secondary"},"geometry":{"type":"LineString","coordinates":[[118.0610317,33.9527186],[118.0615056,33.9549587],[118.0615306,33.955077],[118.0625986,33.9581111],[118.0628127,33.958587],[118.0630917,33.9590224],[118.0634294,33.9595015]]}},{"type":"Feature","id":"way/1264427044","properties":{"osm_id":1264427044,"name":"睢皂线","highway":"secondary"},"geometry":{"type":"LineString","coordinates":[[118.0609971,33.952497],[118.0610317,33.9527186]]}},{"type":"Feature","id":"way/1264427059","properties":{"osm_id":1264427059,"name":"淮徐高速","highway":"motorway","ref":"G2513"},"geometry":{"type":"LineString","coordinates":[[118.0614983,33.9309644],[118.0608475,33.9310908],[118.0584415,33.9314718],[118.0568574,33.9316823],[118.0556735,33.9318027],[118.0536218,33.9319662]]}},{"type":"Feature","id":"way/1264427060","properties":{"osm_id":1264427060,"name":"淮徐高速","highway":"motorway","ref":"G2513"},"geometry":{"type":"LineString","coordinates":[[118.0625103,33.9307629],[118.0614983,33.9309644]]}},{"type":"Feature","id":"way/1264427061","properties":{"osm_id":1264427061,"name":"淮徐高速","highway":"motorway","ref":"G2513"},"geometry":{"type":"LineString","coordinates":[[118.0535771,33.931866],[118.05566,33.9317],[118.05684,33.93158],[118.05842,33.93137],[118.06082,33.93099],[118.0614658,33.9308496]]}},{"type":"Feature","id":"way/1264427062","properties":{"osm_id":1264427062,"name":"淮徐高速","highway":"motorway","ref":"G2513"},"geometry":{"type":"LineString","coordinates":[[118.0614658,33.9308496],[118.0624638,33.9306361]]}},{"type":"Feature","id":"way/1264530730","properties":{"osm_id":1264530730,"name":"诚信路","highway":"residential"},"geometry":{"type":"LineString","coordinates":[[118.1821065,34.0050466],[118.1811372,34.0055625],[118.1805773,34.0058605],[118.18011,34.0061092],[118.1791072,34.0066431],[118.178948,34.0067297],[118.1778959,34.0073022],[118.1766542,34.0079084],[118.1749564,34.0088462],[118.1735791,34.0096185]]}},{"type":"Feature","id":"way/1264530731","properties":{"osm_id":1264530731,"name":"诚信路","highway":"residential"},"geometry":{"type":"LineString","coordinates":[[118.1821659,34.005015],[118.1821065,34.0050466]]}},{"type":"Feature","id":"way/1264530851","properties":{"osm_id":1264530851,"name":"宿邳线","highway":"primary","ref":"S250"},"geometry":{"type":"LineString","coordinates":[[118.1574769,33.9986705],[118.1559626,33.9997687],[118.155719,33.9999217]]}},{"type":"Feature","id":"way/1265457990","properties":{"osm_id":1265457990,"name":"古黄河风景南道","highway":"unclassified"},"geometry":{"type":"LineString","coordinates":[[118.1207031,34.0200701],[118.1207763,34.0199932],[118.12082,34.0199422],[118.1209534,34.0198924],[118.1216848,34.0196359]]}},{"type":"Feature","id":"way/1265457991","properties":{"osm_id":1265457991,"name":"古黄河风景南道","highway":"unclassified"},"geometry":{"type":"LineString","coordinates":[[118.1206593,34.020116],[118.1207031,34.0200701]]}},{"type":"Feature","id":"way/1268324870","properties":{"osm_id":1268324870,"name":"八支渠路","highway":"unclassified"},"geometry":{"type":"LineString","coordinates":[[118.1449365,33.9256235],[118.1446445,33.9272974],[118.1446259,33.9273334],[118.1435047,33.9294957]]}},{"type":"Feature","id":"way/1272471815","properties":{"osm_id":1272471815,"name":"繁荣路","highway":"tertiary"},"geometry":{"type":"LineString","coordinates":[[118.0888172,33.9955938],[118.0894038,33.99545],[118.0899529,33.9953153],[118.0916417,33.9948791],[118.0935535,33.9944324],[118.094197,33.9942746],[118.0959333,33.9938488],[118.0964586,33.9936981]]}},{"type":"Feature","id":"way/1272471816","properties":{"osm_id":1272471816,"name":"睢皂线","highway":"secondary"},"geometry":{"type":"LineString","coordinates":[[118.0903806,33.9993821],[118.0901929,33.9989185],[118.0897536,33.9978336],[118.0894965,33.9971985],[118.0888172,33.9955938]]}},{"type":"Feature","id":"way/1272471817","properties":{"osm_id":1272471817,"name":"华夏路","highway":"tertiary"},"geometry":{"type":"LineString","coordinates":[[118.0818266,33.9973009],[118.0819978,33.9972579],[118.0826539,33.9970929],[118.0833251,33.9969307],[118.0850902,33.9965043],[118.0853141,33.9964502],[118.0859986,33.9962849],[118.0862255,33.9962293],[118.0878109,33.9958405],[118.0888172,33.9955938]]}},{"type":"Feature","id":"way/1273830393","properties":{"osm_id":1273830393,"name":"沐春湖路","highway":"unclassified"},"geometry":{"type":"LineString","coordinates":[[118.2114297,33.9426289],[118.2113117,33.9426156],[118.2103649,33.9426111],[118.2102335,33.9426],[118.2088575,33.9425777],[118.208659,33.9425866],[118.2086023,33.9425904]]}},{"type":"Feature","id":"way/1273830394","properties":{"osm_id":1273830394,"name":"沐春湖路","highway":"unclassified"},"geometry":{"type":"LineString","coordinates":[[118.2085976,33.9425533],[118.2086443,33.9425503],[118.208883,33.9425369],[118.2092076,33.9425392],[118.2093953,33.9425503],[118.2105621,33.942577],[118.2112085,33.942577],[118.2113372,33.9425837],[118.2114284,33.9425948]]}},{"type":"Feature","id":"way/1279602844","properties":{"osm_id":1279602844,"name":"后河西路","highway":"unclassified"},"geometry":{"type":"LineString","coordinates":[[118.0673927,34.1786416],[118.0674455,34.1788219],[118.0674502,34.1788376],[118.0674594,34.178864],[118.0674935,34.1789616],[118.0675249,34.1790515],[118.0676291,34.17932],[118.0676559,34.1794278],[118.0676701,34.179559],[118.067689,34.1797335],[118.0677533,34.180206],[118.0677844,34.1803226],[118.068162,34.1816352]]}},{"type":"Feature","id":"way/1295634555","properties":{"osm_id":1295634555,"highway":"primary"},"geometry":{"type":"LineString","coordinates":[[117.9577475,33.883162],[117.9577826,33.8832575],[117.9573108,33.8858284],[117.9570559,33.8874275]]}},{"type":"Feature","id":"way/1295634556","properties":{"osm_id":1295634556,"highway":"primary"},"geometry":{"type":"LineString","coordinates":[[117.9569256,33.887422],[117.9571898,33.8858258],[117.957663,33.8832571],[117.9577475,33.883162]]}},{"type":"Feature","id":"way/1295634557","properties":{"osm_id":1295634557,"highway":"primary"},"geometry":{"type":"LineString","coordinates":[[117.9568241,33.8882714],[117.9569256,33.887422]]}},{"type":"Feature","id":"way/1295634558","properties":{"osm_id":1295634558,"highway":"primary"},"geometry":{"type":"LineString","coordinates":[[117.9570559,33.8874275],[117.956968,33.8882867]]}},{"type":"Feature","id":"way/1295634559","properties":{"osm_id":1295634559,"highway":"primary"},"geometry":{"type":"LineString","coordinates":[[117.9496378,33.9579425],[117.9496009,33.9575795],[117.9500071,33.9544986]]}},{"type":"Feature","id":"way/1295634560","properties":{"osm_id":1295634560,"highway":"primary"},"geometry":{"type":"LineString","coordinates":[[117.9501302,33.9545081],[117.9497335,33.9575961],[117.9496378,33.9579425]]}},{"type":"Feature","id":"way/1295634561","properties":{"osm_id":1295634561,"highway":"primary"},"geometry":{"type":"LineString","coordinates":[[117.9504586,33.9520058],[117.9501302,33.9545081]]}},{"type":"Feature","id":"way/1295634562","properties":{"osm_id":1295634562,"highway":"primary"},"geometry":{"type":"LineString","coordinates":[[117.9500071,33.9544986],[117.9503283,33.9519944]]}},{"type":"Feature","id":"way/1296794127","properties":{"osm_id":1296794127,"name":"上海路","highway":"secondary"},"geometry":{"type":"LineString","coordinates":[[118.2242221,33.878817],[118.2243693,33.8788127]]}},{"type":"Feature","id":"way/1296794128","properties":{"osm_id":1296794128,"name":"上海路","highway":"secondary"},"geometry":{"type":"LineString","coordinates":[[118.2096174,33.8793272],[118.2097811,33.8793244],[118.2105712,33.8792954],[118.2176306,33.8790362],[118.2176392,33.8790359],[118.2199048,33.8789588],[118.2199283,33.878958],[118.2231237,33.8788492],[118.2233358,33.878843],[118.2242221,33.878817]]}},{"type":"Feature","id":"way/1296794129","properties":{"osm_id":1296794129,"name":"通达大道","highway":"secondary"},"geometry":{"type":"LineString","coordinates":[[118.2237874,33.9069939],[118.2237816,33.9068106],[118.2238294,33.9059972],[118.2238652,33.9053888],[118.223869,33.9053245],[118.2240132,33.9028731],[118.2241342,33.9009345],[118.2241547,33.9006072],[118.2242884,33.8984656],[118.2244067,33.8963729],[118.2244161,33.8962061],[118.2246057,33.8928516],[118.224601,33.8927434],[118.2245996,33.8926832],[118.2245255,33.8894734],[118.2245082,33.8887255],[118.2244986,33.8883085],[118.2244956,33.8881814],[118.2244813,33.8875598],[118.224463,33.8867673],[118.2244339,33.8855057],[118.2244096,33.8844556],[118.2243642,33.8830047],[118.2242661,33.8798745],[118.2242401,33.8790432],[118.2242364,33.8789237],[118.2242221,33.878817]]}},{"type":"Feature","id":"way/1297593459","properties":{"osm_id":1297593459,"name":"山埇路","highway":"primary","ref":"S304"},"geometry":{"type":"LineString","coordinates":[[117.914806,33.7099909],[117.9143929,33.7098826]]}},{"type":"Feature","id":"way/1297593460","properties":{"osm_id":1297593460,"name":"山埇路","highway":"primary","ref":"S304"},"geometry":{"type":"LineString","coordinates":[[118.092155,33.688577],[118.0918995,33.6886381],[118.0910799,33.6888702],[118.086181,33.6902289],[118.0843,33.6907356],[118.0832173,33.6910621],[118.0804161,33.6919591],[118.0786839,33.6924958],[118.078129,33.6926948],[118.0765863,33.6931527],[118.0722648,33.6945451],[118.0697071,33.6953445],[118.068928,33.6955799],[118.0679865,33.695811],[118.0664178,33.6960848],[118.0588111,33.6971604],[118.0521807,33.6980976],[118.0461508,33.6989555],[118.0437735,33.6992687],[118.0424308,33.6994456],[118.036857,33.7002476],[118.0355746,33.7004244],[118.0345822,33.7006342],[118.0335157,33.7009204],[118.0299861,33.7017678],[118.0252865,33.7029242],[118.0230442,33.7034553],[118.0213329,33.7038926],[118.020024,33.7041291],[118.0188438,33.7042898],[118.0171487,33.7044951],[118.0138358,33.7049258],[118.013125,33.7049844],[118.012484,33.7050374],[118.0075863,33.7057336],[118.0020542,33.7063604],[117.999368,33.7067154],[117.9947029,33.7072916],[117.9922869,33.70759],[117.9869654,33.708188],[117.9826694,33.7087473],[117.9804316,33.7090091],[117.9784682,33.7092055],[117.971929,33.7097321],[117.9698221,33.7097443],[117.9647836,33.7097633],[117.9601272,33.7097543],[117.9578688,33.7097454],[117.9530248,33.709741],[117.9465982,33.7097231],[117.9431945,33.7096892],[117.9381278,33.7097276],[117.9313364,33.7097276],[117.9272487,33.7097276],[117.9257869,33.7097677],[117.9224905,33.7100377],[117.9181855,33.7103545],[117.9173406,33.7104126],[117.916831,33.7104215],[117.9163375,33.7103769],[117.9157313,33.7102653],[117.91518,33.7101269],[117.914806,33.7099909]]}},{"type":"Feature","id":"way/1297593540","properties":{"osm_id":1297593540,"name":"大刘路","highway":"primary","ref":"S303"},"geometry":{"type":"LineString","coordinates":[[117.6508307,33.7699551],[117.6510548,33.7698444],[117.6514898,33.7696295],[117.6527341,33.7690975],[117.6546094,33.7683626],[117.6572107,33.7675063],[117.6588606,33.7670255],[117.6599296,33.766751],[117.6602641,33.7666768],[117.6624066,33.7662018],[117.6638744,33.7659221],[117.6653669,33.7656876],[117.6668063,33.7655162],[117.675494,33.7646103],[117.6770988,33.7644966],[117.6780581,33.7645009],[117.6818695,33.7646877],[117.6848564,33.764808],[117.6902391,33.7644043],[117.6910347,33.7643004]]}},{"type":"Feature","id":"way/1297593541","properties":{"osm_id":1297593541,"name":"大刘路","highway":"primary","ref":"S303"},"geometry":{"type":"LineString","coordinates":[[117.6506305,33.770054],[117.6508307,33.7699551]]}},{"type":"Feature","id":"way/1303538307","properties":{"osm_id":1303538307,"highway":"secondary"},"geometry":{"type":"LineString","coordinates":[[117.9417314,33.9269691],[117.941979,33.9255621],[117.9425093,33.9224429],[117.9429643,33.9197509],[117.9433497,33.9167917],[117.9437177,33.9142479],[117.9439302,33.9125827],[117.9439805,33.9123277]]}},{"type":"Feature","id":"way/1303538308","properties":{"osm_id":1303538308,"highway":"secondary"},"geometry":{"type":"LineString","coordinates":[[117.9416831,33.9272308],[117.9417314,33.9269691]]}},{"type":"Feature","id":"way/1303538319","properties":{"osm_id":1303538319,"highway":"primary"},"geometry":{"type":"LineString","coordinates":[[117.9552454,33.9124318],[117.9552804,33.9120968]]}},{"type":"Feature","id":"way/1303538320","properties":{"osm_id":1303538320,"highway":"primary"},"geometry":{"type":"LineString","coordinates":[[117.9546747,33.9169119],[117.9552454,33.9124318]]}},{"type":"Feature","id":"way/1303538321","properties":{"osm_id":1303538321,"highway":"primary"},"geometry":{"type":"LineString","coordinates":[[117.9553613,33.9124496],[117.9548728,33.9169097]]}},{"type":"Feature","id":"way/1303538322","properties":{"osm_id":1303538322,"highway":"primary"},"geometry":{"type":"LineString","coordinates":[[117.9554152,33.9120908],[117.9553613,33.9124496]]}},{"type":"Feature","id":"way/1303945233","properties":{"osm_id":1303945233,"name":"苏宿大道","highway":"primary"},"geometry":{"type":"LineString","coordinates":[[118.1531275,33.9502906],[118.1498461,33.9503555],[118.1497446,33.9503572]]}},{"type":"Feature","id":"way/1303945234","properties":{"osm_id":1303945234,"name":"苏宿大道","highway":"primary"},"geometry":{"type":"LineString","coordinates":[[118.160664,33.950156],[118.1588876,33.9501878],[118.1585709,33.9501934],[118.1534853,33.9502842],[118.1532605,33.9502882],[118.1531275,33.9502906]]}},{"type":"Feature","id":"way/1303945235","properties":{"osm_id":1303945235,"name":"宿城大道","highway":"primary","ref":"S250"},"geometry":{"type":"LineString","coordinates":[[118.1507002,33.9385447],[118.1504979,33.9399196],[118.1504794,33.9400451],[118.1503054,33.9412275],[118.1501944,33.9432921]]}},{"type":"Feature","id":"way/1303945280","properties":{"osm_id":1303945280,"name":"复旦路","highway":"tertiary"},"geometry":{"type":"LineString","coordinates":[[118.1650728,33.9331751],[118.1633935,33.9326582],[118.1633436,33.9326428],[118.1581273,33.9310298],[118.1576038,33.9308568],[118.1555294,33.9303036],[118.1529587,33.9295966],[118.1528151,33.929563]]}},{"type":"Feature","id":"way/1303945284","properties":{"osm_id":1303945284,"name":"复旦路","highway":"tertiary"},"geometry":{"type":"LineString","coordinates":[[118.1694273,33.9339045],[118.1683813,33.933835],[118.1680658,33.9338064],[118.1671224,33.9336634],[118.1655148,33.9333133],[118.1652265,33.9332232],[118.1650728,33.9331751]]}},{"type":"Feature","id":"way/1303945488","properties":{"osm_id":1303945488,"name":"燕徐线","highway":"primary","ref":"S324"},"geometry":{"type":"LineString","coordinates":[[118.0362432,34.0114675],[118.0362981,34.012618],[118.0362975,34.0128332],[118.0362448,34.0136591],[118.0362009,34.0143167]]}},{"type":"Feature","id":"way/1303945489","properties":{"osm_id":1303945489,"name":"燕徐线","highway":"primary","ref":"S324"},"geometry":{"type":"LineString","coordinates":[[118.0361983,34.0102586],[118.0362432,34.0114675]]}},{"type":"Feature","id":"way/1303945494","properties":{"osm_id":1303945494,"name":"燕徐线","highway":"primary","ref":"S324"},"geometry":{"type":"LineString","coordinates":[[118.082132,33.9803511],[118.0820692,33.980361],[118.0818047,33.9804028],[118.0784142,33.9809379],[118.0778447,33.9810499],[118.0772154,33.98119],[118.0762782,33.9814319],[118.0749929,33.9818754],[118.0734166,33.9825508],[118.0677222,33.9855006],[118.0640669,33.9874045],[118.0633089,33.9877993],[118.0631641,33.9878747],[118.0628283,33.9880486],[118.059628,33.9897061],[118.0573982,33.9909313],[118.0568732,33.9912527],[118.0561455,33.9916981],[118.0546914,33.9926956],[118.054469,33.9928481],[118.0539547,33.9931674],[118.0530339,33.9937584],[118.052155,33.9942133],[118.05155,33.9945265],[118.0498393,33.9953598],[118.0463893,33.9968868],[118.0451995,33.9974134],[118.0440985,33.9979368],[118.0431127,33.9984055],[118.0414507,33.9994408],[118.0402541,34.0004248],[118.0399335,34.0006884],[118.0385831,34.0022345],[118.037989,34.0030661],[118.0371876,34.0045442]]}},{"type":"Feature","id":"way/1303945495","properties":{"osm_id":1303945495,"name":"燕徐线","highway":"primary","ref":"S324"},"geometry":{"type":"LineString","coordinates":[[118.0825632,33.9802817],[118.082132,33.9803511]]}},{"type":"Feature","id":"way/1303945514","properties":{"osm_id":1303945514,"name":"燕徐线","highway":"primary","ref":"S324"},"geometry":{"type":"LineString","coordinates":[[118.1493787,33.9614814],[118.14928,33.9614896],[118.1475385,33.9614674],[118.1466247,33.9614314],[118.1455399,33.9613636],[118.1445267,33.9612959],[118.1436172,33.9611992],[118.1424031,33.9610479],[118.1415324,33.9609534],[118.1409214,33.9609097],[118.140479,33.9608916],[118.1403087,33.9608879]]}},{"type":"Feature","id":"way/1303945515","properties":{"osm_id":1303945515,"name":"燕徐线","highway":"primary","ref":"S324"},"geometry":{"type":"LineString","coordinates":[[118.1403087,33.9608879],[118.1398734,33.9608876]]}},{"type":"Feature","id":"way/1303945516","properties":{"osm_id":1303945516,"name":"苏州大道","highway":"tertiary"},"geometry":{"type":"LineString","coordinates":[[118.1688753,33.9473543],[118.168615,33.9473626]]}},{"type":"Feature","id":"way/1303945517","properties":{"osm_id":1303945517,"name":"苏州大道","highway":"tertiary"},"geometry":{"type":"LineString","coordinates":[[118.168615,33.9473626],[118.1677725,33.9473822]]}},{"type":"Feature","id":"way/1303945518","properties":{"osm_id":1303945518,"name":"苏州大道","highway":"tertiary"},"geometry":{"type":"LineString","coordinates":[[118.1686087,33.9472594],[118.1688737,33.9472534]]}},{"type":"Feature","id":"way/1303945519","properties":{"osm_id":1303945519,"name":"苏州大道","highway":"tertiary"},"geometry":{"type":"LineString","coordinates":[[118.1677718,33.9472855],[118.1686087,33.9472594]]}},{"type":"Feature","id":"way/1303945521","properties":{"osm_id":1303945521,"name":"昆承湖路","highway":"tertiary"},"geometry":{"type":"LineString","coordinates":[[118.1687871,33.9438589],[118.168719,33.9438622],[118.1683319,33.9438704]]}},{"type":"Feature","id":"way/1303945522","properties":{"osm_id":1303945522,"name":"昆承湖路","highway":"tertiary"},"geometry":{"type":"LineString","coordinates":[[118.1683319,33.9438704],[118.1677937,33.943891]]}},{"type":"Feature","id":"way/1303945523","properties":{"osm_id":1303945523,"name":"昆承湖路","highway":"tertiary"},"geometry":{"type":"LineString","coordinates":[[118.1583238,33.9441463],[118.1538372,33.944253],[118.1536425,33.9442562],[118.150145,33.9443165],[118.1500351,33.9443126]]}},{"type":"Feature","id":"way/1303945524","properties":{"osm_id":1303945524,"name":"昆承湖路","highway":"tertiary"},"geometry":{"type":"LineString","coordinates":[[118.1585826,33.9441397],[118.1583238,33.9441463]]}},{"type":"Feature","id":"way/1303945525","properties":{"osm_id":1303945525,"name":"昆承湖路","highway":"tertiary"},"geometry":{"type":"LineString","coordinates":[[118.1500395,33.9442102],[118.15015,33.9442141],[118.1536667,33.9441342],[118.1538634,33.944132],[118.1583192,33.9440057]]}},{"type":"Feature","id":"way/1303945526","properties":{"osm_id":1303945526,"name":"昆承湖路","highway":"tertiary"},"geometry":{"type":"LineString","coordinates":[[118.1583192,33.9440057],[118.1585917,33.9439984]]}},{"type":"Feature","id":"way/1303945527","properties":{"osm_id":1303945527,"name":"昆承湖路","highway":"tertiary"},"geometry":{"type":"LineString","coordinates":[[118.1683249,33.9437665],[118.1687142,33.9437557],[118.1687816,33.9437602]]}},{"type":"Feature","id":"way/1303945528","properties":{"osm_id":1303945528,"name":"昆承湖路","highway":"tertiary"},"geometry":{"type":"LineString","coordinates":[[118.1677947,33.9437816],[118.1683249,33.9437665]]}},{"type":"Feature","id":"way/1304097718","properties":{"osm_id":1304097718,"name":"燕徐线","highway":"primary","ref":"S324"},"geometry":{"type":"LineString","coordinates":[[118.0371876,34.0045442],[118.0367241,34.0056129],[118.0366062,34.0059855],[118.0362677,34.0075688],[118.036222,34.007814],[118.0361949,34.0080948],[118.0361627,34.0084219],[118.0361497,34.0086794],[118.0361983,34.0102586]]}},{"type":"Feature","id":"way/1305419309","properties":{"osm_id":1305419309,"highway":"motorway_link"},"geometry":{"type":"LineString","coordinates":[[118.2356615,33.8422722],[118.2354249,33.8424096],[118.2351356,33.8425167],[118.2348665,33.8425951],[118.2344663,33.84265]]}},{"type":"Feature","id":"way/1310613797","properties":{"osm_id":1310613797,"name":"古黄河风景北道","highway":"unclassified"},"geometry":{"type":"LineString","coordinates":[[118.1002454,34.0312283],[118.1002937,34.0312103]]}},{"type":"Feature","id":"way/1310613798","properties":{"osm_id":1310613798,"name":"古黄河风景北道","highway":"unclassified"},"geometry":{"type":"LineString","coordinates":[[118.1000395,34.0312926],[118.1002454,34.0312283]]}},{"type":"Feature","id":"way/1310856770","properties":{"osm_id":1310856770,"name":"环湖路","highway":"tertiary"},"geometry":{"type":"LineString","coordinates":[[118.1927615,34.2166742],[118.1926888,34.2179336],[118.1926888,34.22]]}},{"type":"Feature","id":"way/1310856771","properties":{"osm_id":1310856771,"name":"环湖路","highway":"tertiary"},"geometry":{"type":"LineString","coordinates":[[118.1928108,34.2161287],[118.1927615,34.2166742]]}},{"type":"Feature","id":"way/1310856775","properties":{"osm_id":1310856775,"name":"机场连接线","highway":"secondary"},"geometry":{"type":"LineString","coordinates":[[118.2233458,34.2196131],[118.223083,34.218261],[118.2234263,34.2182433]]}},{"type":"Feature","id":"way/1310856776","properties":{"osm_id":1310856776,"name":"机场连接线","highway":"secondary"},"geometry":{"type":"LineString","coordinates":[[118.2234093,34.21994],[118.2233458,34.2196131]]}},{"type":"Feature","id":"way/1310856777","properties":{"osm_id":1310856777,"name":"机场连接线","highway":"secondary"},"geometry":{"type":"LineString","coordinates":[[118.2234263,34.2182433],[118.2234558,34.2184076],[118.2234744,34.2184988],[118.2236816,34.219641]]}},{"type":"Feature","id":"way/1310856778","properties":{"osm_id":1310856778,"name":"机场连接线","highway":"secondary"},"geometry":{"type":"LineString","coordinates":[[118.2236816,34.219641],[118.2237464,34.2199645]]}},{"type":"Feature","id":"way/1312291979","properties":{"osm_id":1312291979,"highway":"motorway_link"},"geometry":{"type":"LineString","coordinates":[[117.637913,34.0256848],[117.6382019,34.0263303]]}},{"type":"Feature","id":"way/1312291980","properties":{"osm_id":1312291980,"highway":"motorway_link"},"geometry":{"type":"LineString","coordinates":[[117.6378827,34.0263981],[117.6378031,34.0256891]]}},{"type":"Feature","id":"way/1312292001","properties":{"osm_id":1312292001,"highway":"motorway_link"},"geometry":{"type":"LineString","coordinates":[[117.6838168,33.6881109],[117.6838168,33.6878253],[117.683896,33.6864695]]}},{"type":"Feature","id":"way/1312292002","properties":{"osm_id":1312292002,"highway":"motorway_link"},"geometry":{"type":"LineString","coordinates":[[117.6844606,33.6934369],[117.6840904,33.6911361]]}},{"type":"Feature","id":"way/1312292003","properties":{"osm_id":1312292003,"highway":"motorway_link"},"geometry":{"type":"LineString","coordinates":[[117.6840904,33.6911361],[117.6839805,33.6907232],[117.6838115,33.6883754],[117.6838168,33.6881109]]}},{"type":"Feature","id":"way/1312292004","properties":{"osm_id":1312292004,"highway":"motorway_link"},"geometry":{"type":"LineString","coordinates":[[117.6845514,33.6905703],[117.6845424,33.6909129],[117.6844659,33.6921403]]}},{"type":"Feature","id":"way/1312292005","properties":{"osm_id":1312292005,"highway":"motorway_link"},"geometry":{"type":"LineString","coordinates":[[117.6839402,33.6857017],[117.6841655,33.6868087],[117.6843037,33.6876479]]}},{"type":"Feature","id":"way/1312292006","properties":{"osm_id":1312292006,"highway":"motorway_link"},"geometry":{"type":"LineString","coordinates":[[117.6843037,33.6876479],[117.6843855,33.6880094],[117.6845558,33.6904007],[117.6845514,33.6905703]]}},{"type":"Feature","id":"way/1312292007","properties":{"osm_id":1312292007,"name":"徐明高速","highway":"motorway","ref":"S07"},"geometry":{"type":"LineString","coordinates":[[117.6837257,33.6844139],[117.6836774,33.6838693]]}},{"type":"Feature","id":"way/1312292008","properties":{"osm_id":1312292008,"name":"徐明高速","highway":"motorway","ref":"S07"},"geometry":{"type":"LineString","coordinates":[[117.683442,33.7105817],[117.683674,33.7096979],[117.6838624,33.7088504],[117.6840818,33.7076466],[117.6843841,33.7056689],[117.6846027,33.7040182],[117.6846876,33.7026146],[117.6847518,33.7015902],[117.6847858,33.7002782],[117.6847761,33.6988611],[117.6847082,33.6973673],[117.6845829,33.6948516],[117.6844606,33.6934369],[117.6841279,33.6900868],[117.683896,33.6864695],[117.6837257,33.6844139]]}},{"type":"Feature","id":"way/1312292009","properties":{"osm_id":1312292009,"name":"徐明高速","highway":"motorway","ref":"S07"},"geometry":{"type":"LineString","coordinates":[[117.6838316,33.6843559],[117.6839402,33.6857017],[117.684035,33.6872698],[117.6842756,33.689843],[117.6844659,33.6921403],[117.6846913,33.6948448],[117.6847388,33.6958384],[117.6848795,33.6975598],[117.6849413,33.6988473],[117.6849413,33.7000862],[117.6848864,33.7017134],[117.68482,33.7029543],[117.6846862,33.7044134],[117.6844969,33.7059338],[117.6842141,33.7074721],[117.6839857,33.70874],[117.68378,33.7097493],[117.68356,33.7105581]]}},{"type":"Feature","id":"way/1312292010","properties":{"osm_id":1312292010,"name":"徐明高速","highway":"motorway","ref":"S07"},"geometry":{"type":"LineString","coordinates":[[117.6837833,33.6838068],[117.6838316,33.6843559]]}},{"type":"Feature","id":"way/1317401702","properties":{"osm_id":1317401702,"name":"古黄河风景南道","highway":"unclassified"},"geometry":{"type":"LineString","coordinates":[[118.1448364,34.0162574],[118.1451153,34.016363],[118.1454613,34.0165099]]}},{"type":"Feature","id":"way/1317401703","properties":{"osm_id":1317401703,"name":"古黄河风景南道","highway":"unclassified"},"geometry":{"type":"LineString","coordinates":[[118.1444031,34.0161618],[118.1448364,34.0162574]]}},{"type":"Feature","id":"way/1318122607","properties":{"osm_id":1318122607,"name":"宿邳线","highway":"primary","ref":"S250"},"geometry":{"type":"LineString","coordinates":[[118.0449504,34.1057272],[118.0451042,34.1055111],[118.0465312,34.1035066],[118.0467966,34.103094]]}},{"type":"Feature","id":"way/1319251611","properties":{"osm_id":1319251611,"name":"人民路","highway":"tertiary"},"geometry":{"type":"LineString","coordinates":[[118.0938414,34.0365876],[118.0939174,34.0365982],[118.0939285,34.0365997],[118.0952778,34.0366687],[118.0957177,34.0366912],[118.0962092,34.0367163],[118.0970977,34.0367617],[118.0975591,34.0367853],[118.0980967,34.0368128],[118.1009919,34.0369608],[118.1020495,34.0370187],[118.1027776,34.0370585],[118.1038702,34.0369761],[118.1039519,34.0369699],[118.1040831,34.0369615],[118.104906,34.0369087],[118.1054212,34.0368721],[118.1068495,34.0367627],[118.1069922,34.0367508],[118.1079719,34.0366747],[118.1091166,34.0365953],[118.1092301,34.0365907],[118.1093555,34.0365896]]}},{"type":"Feature","id":"way/1319251612","properties":{"osm_id":1319251612,"name":"人民路","highway":"tertiary"},"geometry":{"type":"LineString","coordinates":[[118.0937715,34.0365779],[118.0938414,34.0365876]]}},{"type":"Feature","id":"way/1319251626","properties":{"osm_id":1319251626,"name":"人民路","highway":"tertiary"},"geometry":{"type":"LineString","coordinates":[[118.0555067,34.0292159],[118.0559272,34.0293139],[118.0563362,34.0294893],[118.0569841,34.0297118],[118.0571452,34.0297671],[118.0589145,34.0303744],[118.059046,34.0304196],[118.0606291,34.0311039],[118.0608333,34.0311807],[118.0612213,34.0313131],[118.0627735,34.0318428],[118.0628164,34.0318574],[118.063594,34.03215],[118.0644288,34.0324642],[118.064628,34.0325392],[118.065473,34.0328571],[118.0666756,34.0333097],[118.0667882,34.0333521],[118.0670798,34.0334618],[118.0691145,34.0342915],[118.0695938,34.0344869],[118.0702485,34.0348006],[118.0708761,34.0351014],[118.0710547,34.0351656],[118.0711798,34.0352106],[118.0712799,34.0352466],[118.0716587,34.0352606],[118.0718822,34.0352404],[118.0725449,34.0351806],[118.0734622,34.0350978],[118.0735761,34.0351264],[118.0736486,34.0351446]]}},{"type":"Feature","id":"way/1319251627","properties":{"osm_id":1319251627,"name":"人民路","highway":"tertiary"},"geometry":{"type":"LineString","coordinates":[[118.0736486,34.0351446],[118.0737194,34.0351624]]}},{"type":"Feature","id":"way/1326076846","properties":{"osm_id":1326076846,"name":"和平路","highway":"tertiary"},"geometry":{"type":"LineString","coordinates":[[117.5554489,34.0425566],[117.5556879,34.04294]]}},{"type":"Feature","id":"way/1326076847","properties":{"osm_id":1326076847,"name":"和平路","highway":"tertiary"},"geometry":{"type":"LineString","coordinates":[[117.5549427,34.041724],[117.5551334,34.0420382],[117.5554489,34.0425566]]}},{"type":"Feature","id":"way/1326076848","properties":{"osm_id":1326076848,"name":"和平路","highway":"tertiary"},"geometry":{"type":"LineString","coordinates":[[117.5553844,34.0425927],[117.555071,34.0420663],[117.5548804,34.041748],[117.5549427,34.041724]]}},{"type":"Feature","id":"way/1326076849","properties":{"osm_id":1326076849,"name":"和平路","highway":"tertiary"},"geometry":{"type":"LineString","coordinates":[[117.5556158,34.0429699],[117.5553844,34.0425927]]}},{"type":"Feature","id":"way/1326076854","properties":{"osm_id":1326076854,"name":"兴港路","highway":"tertiary"},"geometry":{"type":"LineString","coordinates":[[117.5614907,34.0400196],[117.5612936,34.0396917],[117.5610243,34.0392437]]}},{"type":"Feature","id":"way/1326076855","properties":{"osm_id":1326076855,"name":"兴港路","highway":"tertiary"},"geometry":{"type":"LineString","coordinates":[[117.5616779,34.040331],[117.5614907,34.0400196]]}},{"type":"Feature","id":"way/1326076856","properties":{"osm_id":1326076856,"name":"兴港路","highway":"tertiary"},"geometry":{"type":"LineString","coordinates":[[117.5615563,34.0399901],[117.561748,34.0403121]]}},{"type":"Feature","id":"way/1326076857","properties":{"osm_id":1326076857,"name":"兴港路","highway":"tertiary"},"geometry":{"type":"LineString","coordinates":[[117.5611029,34.0392283],[117.5613606,34.0396612],[117.5615563,34.0399901]]}},{"type":"Feature","id":"way/1326076881","properties":{"osm_id":1326076881,"highway":"trunk","ref":"G104"},"geometry":{"type":"LineString","coordinates":[[117.601087,34.036586],[117.6002798,34.0366386],[117.5980952,34.0366968],[117.5949265,34.0367101],[117.5943942,34.0367123],[117.5938103,34.0367045],[117.5917007,34.0366764],[117.5901745,34.036656],[117.589706,34.0366497],[117.5892538,34.0366436],[117.5884145,34.0366282],[117.5858637,34.0365807],[117.5852711,34.0365373],[117.5849001,34.0365376]]}},{"type":"Feature","id":"way/1326076882","properties":{"osm_id":1326076882,"highway":"trunk","ref":"G104"},"geometry":{"type":"LineString","coordinates":[[117.6014967,34.0365545],[117.601087,34.036586]]}},{"type":"Feature","id":"way/1326076883","properties":{"osm_id":1326076883,"highway":"trunk","ref":"G104"},"geometry":{"type":"LineString","coordinates":[[117.6010642,34.0364445],[117.6014625,34.0364131]]}},{"type":"Feature","id":"way/1326076884","properties":{"osm_id":1326076884,"highway":"trunk","ref":"G104"},"geometry":{"type":"LineString","coordinates":[[117.584885,34.0363917],[117.5849485,34.0363944],[117.5858702,34.0364332],[117.5884185,34.0364807],[117.5892572,34.0364961],[117.5897118,34.0365022],[117.5901774,34.0365084],[117.5936517,34.0365554],[117.5943952,34.0365647],[117.5980919,34.0365492],[117.600269,34.0364912],[117.6010642,34.0364445]]}},{"type":"Feature","id":"way/1326076910","properties":{"osm_id":1326076910,"name":"徐明高速","highway":"motorway","ref":"S07"},"geometry":{"type":"LineString","coordinates":[[117.6409613,33.9521101],[117.6413247,33.9513749],[117.6417961,33.950409],[117.6427116,33.948536],[117.6431955,33.9475412]]}},{"type":"Feature","id":"way/1326076911","properties":{"osm_id":1326076911,"name":"徐明高速","highway":"motorway","ref":"S07"},"geometry":{"type":"LineString","coordinates":[[117.6405715,33.9529019],[117.6409613,33.9521101]]}},{"type":"Feature","id":"way/1326076912","properties":{"osm_id":1326076912,"name":"徐明高速","highway":"motorway","ref":"S07"},"geometry":{"type":"LineString","coordinates":[[117.6410372,33.9522029],[117.6406408,33.9530121]]}},{"type":"Feature","id":"way/1326076913","properties":{"osm_id":1326076913,"name":"徐明高速","highway":"motorway","ref":"S07"},"geometry":{"type":"LineString","coordinates":[[117.643275,33.9476302],[117.6422321,33.9497621],[117.6416138,33.9510179],[117.6410372,33.9522029]]}},{"type":"Feature","id":"way/1326076914","properties":{"osm_id":1326076914,"name":"徐明高速","highway":"motorway","ref":"S07"},"geometry":{"type":"LineString","coordinates":[[117.6433996,33.9471535],[117.6448959,33.9440977],[117.6476033,33.938487],[117.6479651,33.9377241],[117.6483103,33.9369353],[117.6486252,33.9361667],[117.6489051,33.9354298],[117.649108,33.9348583],[117.6493625,33.9340771],[117.6495883,33.9332832],[117.6498715,33.9322131],[117.649968,33.9318225],[117.6500993,33.9312455],[117.6502086,33.9307133],[117.6503291,33.9300893],[117.6505071,33.9287999],[117.6505939,33.9278573],[117.6506647,33.9268554],[117.6507013,33.9259067]]}},{"type":"Feature","id":"way/1326076915","properties":{"osm_id":1326076915,"name":"徐明高速","highway":"motorway","ref":"S07"},"geometry":{"type":"LineString","coordinates":[[117.6431955,33.9475412],[117.6433996,33.9471535]]}},{"type":"Feature","id":"way/1326076916","properties":{"osm_id":1326076916,"name":"徐明高速","highway":"motorway","ref":"S07"},"geometry":{"type":"LineString","coordinates":[[117.6434809,33.9472044],[117.643275,33.9476302]]}},{"type":"Feature","id":"way/1326076917","properties":{"osm_id":1326076917,"name":"徐明高速","highway":"motorway","ref":"S07"},"geometry":{"type":"LineString","coordinates":[[117.6508118,33.9259099],[117.6507985,33.9263799],[117.6507391,33.9274834],[117.6506339,33.9286616],[117.6505229,33.9296064],[117.6504215,33.9302034],[117.6502033,33.9312863],[117.6500177,33.9320881],[117.6497919,33.9329582],[117.6495488,33.9338473],[117.6492809,33.9346825],[117.6490168,33.9354382],[117.6487387,33.9361711],[117.648422,33.9369488],[117.6481348,33.937596],[117.647738,33.9384672],[117.6473112,33.9393436],[117.6434809,33.9472044]]}},{"type":"Feature","id":"way/1326076924","properties":{"osm_id":1326076924,"highway":"trunk","ref":"G104"},"geometry":{"type":"LineString","coordinates":[[117.6971312,34.0065678],[117.6988641,34.0058758],[117.7056366,34.0032131],[117.7070971,34.0026426],[117.7133509,34.0001995],[117.7259496,33.995384],[117.7261997,33.9952884],[117.7275246,33.9947898],[117.728492,33.9944579],[117.7296919,33.9941454],[117.7344716,33.993158],[117.741344,33.9917226],[117.7421694,33.9915119],[117.7428875,33.9912868],[117.7436108,33.9909773],[117.7441884,33.9906399],[117.7446962,33.9902803],[117.7455208,33.989703],[117.7506741,33.9859711],[117.7532364,33.9841155],[117.7746082,33.9685278],[117.7758957,33.9676736],[117.7772775,33.9668692],[117.7819038,33.9656092],[117.7826481,33.9653183],[117.7832156,33.965003],[117.7915044,33.95801],[117.792043,33.9574632],[117.7926516,33.9567915],[117.7955219,33.953271],[117.7967404,33.9518083],[117.7986155,33.9496995],[117.8028901,33.9448919],[117.8033534,33.9443872],[117.8034902,33.9442382],[117.8043093,33.9435228],[117.8048876,33.943076],[117.8055994,33.9426043],[117.8064138,33.9421205],[117.8068542,33.9418508],[117.8090091,33.9406523],[117.8098851,33.9401481],[117.8104701,33.9397638],[117.8114054,33.939013],[117.8178591,33.9339019],[117.8196049,33.9325192],[117.8220496,33.9306179],[117.8229825,33.9298566],[117.8234719,33.9294236],[117.8239077,33.929015],[117.8242853,33.9285675],[117.8249349,33.9276497],[117.8259788,33.926135],[117.8265009,33.9254911],[117.8271908,33.9248332],[117.8279636,33.9242733],[117.8301525,33.9230315],[117.833488,33.9211066],[117.8347519,33.9205777],[117.8366895,33.919908],[117.8450164,33.9170914],[117.8456568,33.9169063],[117.8463588,33.916757],[117.8473073,33.9165671],[117.8489371,33.916268],[117.8517362,33.9158177],[117.8541684,33.9154723],[117.8553125,33.9153422]]}},{"type":"Feature","id":"way/1326076925","properties":{"osm_id":1326076925,"highway":"trunk","ref":"G104"},"geometry":{"type":"LineString","coordinates":[[117.6969492,34.006637],[117.6971312,34.0065678]]}},{"type":"Feature","id":"way/1326076926","properties":{"osm_id":1326076926,"highway":"trunk","ref":"G104"},"geometry":{"type":"LineString","coordinates":[[117.6969385,34.0067983],[117.6956866,34.0072918],[117.6923075,34.0086096],[117.692296,34.0086141],[117.686655,34.0108307],[117.6830624,34.0122448],[117.6788929,34.013886],[117.6695906,34.0175265],[117.6685251,34.0178536],[117.6667164,34.0182064],[117.6628412,34.0189284],[117.6594632,34.0195595],[117.6568042,34.0200321],[117.6476459,34.021784],[117.6411966,34.0229506],[117.6405291,34.023092],[117.6398248,34.0233153],[117.6397306,34.0233427],[117.6385414,34.0238129],[117.6340377,34.0261588],[117.6314014,34.0275487],[117.6269374,34.0298961],[117.6261444,34.0302038],[117.6246817,34.0306338],[117.6239663,34.0308236],[117.6158138,34.0329861],[117.6126919,34.033821],[117.6113901,34.0341691],[117.6062564,34.035495],[117.6056637,34.0356398],[117.60348,34.0361735],[117.6033977,34.0361936],[117.6028125,34.0363366],[117.6017361,34.0365307],[117.6014967,34.0365545]]}},{"type":"Feature","id":"way/1326076927","properties":{"osm_id":1326076927,"highway":"trunk","ref":"G104"},"geometry":{"type":"LineString","coordinates":[[117.697135,34.0067219],[117.6969385,34.0067983]]}},{"type":"Feature","id":"way/1326076937","properties":{"osm_id":1326076937,"name":"淮徐高速","highway":"motorway","ref":"G2513"},"geometry":{"type":"LineString","coordinates":[[117.6610621,34.0562977],[117.6620364,34.0559626]]}},{"type":"Feature","id":"way/1326076938","properties":{"osm_id":1326076938,"name":"淮徐高速","highway":"motorway","ref":"G2513"},"geometry":{"type":"LineString","coordinates":[[117.6133604,34.0762116],[117.6152283,34.075775],[117.6193394,34.0745753],[117.6232172,34.0732189],[117.6262668,34.0720081],[117.6292995,34.0706636],[117.6311222,34.0697432],[117.6329277,34.0688314],[117.6353273,34.0675635],[117.6389408,34.0656753],[117.6423434,34.0638972],[117.6458457,34.0621188],[117.64669,34.06169],[117.6480131,34.0610985],[117.6485963,34.0608378],[117.64924,34.06055],[117.65174,34.05951],[117.65485,34.05831],[117.65663,34.05768],[117.6610621,34.0562977]]}},{"type":"Feature","id":"way/1326076939","properties":{"osm_id":1326076939,"name":"淮徐高速","highway":"motorway","ref":"G2513"},"geometry":{"type":"LineString","coordinates":[[117.6610805,34.0564214],[117.6595632,34.0569119],[117.6550582,34.0584472],[117.6504615,34.06023],[117.6486233,34.0610335],[117.6480145,34.0612996],[117.6468547,34.0618065],[117.6421388,34.0641209],[117.6391782,34.0657066],[117.6360664,34.0673153],[117.6330096,34.0689514],[117.6317715,34.0695636],[117.6293471,34.0707623],[117.6263024,34.0721006],[117.623325,34.0732861],[117.6193912,34.0746648],[117.6152822,34.0758683],[117.6133541,34.0763253]]}},{"type":"Feature","id":"way/1326076940","properties":{"osm_id":1326076940,"name":"淮徐高速","highway":"motorway","ref":"G2513"},"geometry":{"type":"LineString","coordinates":[[117.6620554,34.0561197],[117.6610805,34.0564214]]}},{"type":"Feature","id":"way/1328512063","properties":{"osm_id":1328512063,"name":"朝凤路","highway":"primary","ref":"S223"},"geometry":{"type":"LineString","coordinates":[[117.5866876,33.9461311],[117.586724,33.9459994]]}},{"type":"Feature","id":"way/1328512064","properties":{"osm_id":1328512064,"name":"朝凤路","highway":"primary","ref":"S223"},"geometry":{"type":"LineString","coordinates":[[117.5819874,33.9656032],[117.5825032,33.9634224],[117.5829038,33.9606947],[117.5830328,33.9597684],[117.5837337,33.9577376],[117.584364,33.9557176],[117.5847591,33.9540775],[117.5866242,33.9463854],[117.5866876,33.9461311]]}},{"type":"Feature","id":"way/1328512069","properties":{"osm_id":1328512069,"name":"朝凤路","highway":"primary","ref":"S223;S302"},"geometry":{"type":"LineString","coordinates":[[117.5785344,33.8589718],[117.5786042,33.8588903],[117.5789588,33.8585041],[117.5792204,33.8581666],[117.57949,33.8577956],[117.5797435,33.8573779],[117.5799206,33.8570237],[117.5800735,33.8566461],[117.5802988,33.8560446],[117.580977,33.8540742],[117.5812979,33.8532204],[117.5813575,33.8530618],[117.5813972,33.8529561]]}},{"type":"Feature","id":"way/1328512070","properties":{"osm_id":1328512070,"name":"朝凤路","highway":"primary","ref":"S223;S302"},"geometry":{"type":"LineString","coordinates":[[117.5783144,33.8592159],[117.5785344,33.8589718]]}},{"type":"Feature","id":"way/1328512121","properties":{"osm_id":1328512121,"highway":"secondary"},"geometry":{"type":"LineString","coordinates":[[117.7115071,33.8973884],[117.7115158,33.8974279],[117.7115758,33.8977194],[117.7117338,33.8984867],[117.7118042,33.8987233],[117.712092,33.900019],[117.715264,33.8994704],[117.7153427,33.8994568]]}},{"type":"Feature","id":"way/1328512122","properties":{"osm_id":1328512122,"highway":"secondary"},"geometry":{"type":"LineString","coordinates":[[117.711463,33.89718],[117.7115071,33.8973884]]}},{"type":"Feature","id":"way/1328512160","properties":{"osm_id":1328512160,"name":"八李线","highway":"primary","ref":"S271"},"geometry":{"type":"LineString","coordinates":[[117.7554064,33.9000654],[117.7553289,33.9000577],[117.7526994,33.8998056],[117.7485842,33.8994111],[117.7482353,33.8994011]]}},{"type":"Feature","id":"way/1328512161","properties":{"osm_id":1328512161,"name":"八李线","highway":"primary","ref":"S271"},"geometry":{"type":"LineString","coordinates":[[117.7556814,33.900089],[117.7554064,33.9000654]]}},{"type":"Feature","id":"way/1328512163","properties":{"osm_id":1328512163,"name":"八李线","highway":"primary","ref":"S271"},"geometry":{"type":"LineString","coordinates":[[117.7479148,33.8993869],[117.7476454,33.89938],[117.7467315,33.8993788],[117.7391697,33.8997361],[117.7347279,33.8999454],[117.7305329,33.9001035],[117.7302852,33.9001243]]}},{"type":"Feature","id":"way/1328512164","properties":{"osm_id":1328512164,"name":"八李线","highway":"primary","ref":"S271"},"geometry":{"type":"LineString","coordinates":[[117.7482353,33.8994011],[117.7479148,33.8993869]]}},{"type":"Feature","id":"way/1328512166","properties":{"osm_id":1328512166,"name":"八李线","highway":"primary","ref":"S271"},"geometry":{"type":"LineString","coordinates":[[117.7297663,33.9127383],[117.729793,33.913007]]}},{"type":"Feature","id":"way/1328512167","properties":{"osm_id":1328512167,"name":"八李线","highway":"primary","ref":"S271"},"geometry":{"type":"LineString","coordinates":[[117.7283514,33.9021547],[117.7290379,33.907189],[117.729373,33.909528],[117.729403,33.909788],[117.729593,33.911358],[117.7297663,33.9127383]]}},{"type":"Feature","id":"way/1328512180","properties":{"osm_id":1328512180,"name":"朝褚路","highway":"primary","ref":"S408"},"geometry":{"type":"LineString","coordinates":[[117.5199017,33.99875],[117.5203874,33.9987604],[117.5245931,33.9990806],[117.5258626,33.9991726],[117.5268032,33.9992407],[117.5316822,33.999764]]}},{"type":"Feature","id":"way/1328512181","properties":{"osm_id":1328512181,"name":"朝褚路","highway":"primary","ref":"S408"},"geometry":{"type":"LineString","coordinates":[[117.5197931,33.9987411],[117.5199017,33.99875]]}},{"type":"Feature","id":"way/1328512183","properties":{"osm_id":1328512183,"name":"朝褚路","highway":"primary","ref":"S408"},"geometry":{"type":"LineString","coordinates":[[117.5316822,33.999764],[117.5320922,33.9998117]]}},{"type":"Feature","id":"way/1328512184","properties":{"osm_id":1328512184,"name":"朝褚路","highway":"primary","ref":"S408"},"geometry":{"type":"LineString","coordinates":[[117.4955421,33.9983312],[117.4957162,33.9983564],[117.4958827,33.9983512],[117.4992894,33.9984667],[117.5049325,33.998658],[117.5119974,33.9986847],[117.5144222,33.9986892],[117.5174746,33.9987703],[117.5177696,33.9987781],[117.5187566,33.9987781],[117.5196578,33.9987248],[117.5197931,33.9987411]]}},{"type":"Feature","id":"way/1328512208","properties":{"osm_id":1328512208,"name":"徐明高速","highway":"motorway","ref":"S07"},"geometry":{"type":"LineString","coordinates":[[117.6499835,33.8943676],[117.6500195,33.8939808]]}},{"type":"Feature","id":"way/1328512209","properties":{"osm_id":1328512209,"name":"徐明高速","highway":"motorway","ref":"S07"},"geometry":{"type":"LineString","coordinates":[[117.6507013,33.9259067],[117.6507049,33.9252183],[117.6506992,33.9243989],[117.6506782,33.9236922],[117.6505997,33.9226278],[117.6505034,33.9217229],[117.6503411,33.920344],[117.6502313,33.9194407],[117.6500281,33.9177783],[117.649896,33.9167461],[117.6496986,33.9150847],[117.6495799,33.9142232],[117.6494754,33.9133374],[117.6493783,33.9125606],[117.6493152,33.9119221],[117.6492233,33.9109296],[117.6491728,33.9101931],[117.6491283,33.9095065],[117.6490891,33.9087822],[117.6490651,33.9081295],[117.649043,33.9073826],[117.6490354,33.906816],[117.6490273,33.9058782],[117.6490377,33.9051714],[117.6490453,33.9045281],[117.6490568,33.9040071],[117.6491027,33.9030049],[117.649149,33.9022158],[117.6492064,33.9013422],[117.6493002,33.9003082],[117.6493706,33.8996327],[117.6495007,33.8985542],[117.6496108,33.8976579],[117.6497295,33.8967588],[117.6498884,33.8953184],[117.6499835,33.8943676]]}},{"type":"Feature","id":"way/1328512210","properties":{"osm_id":1328512210,"name":"徐明高速","highway":"motorway","ref":"S07"},"geometry":{"type":"LineString","coordinates":[[117.6500962,33.894376],[117.6499887,33.8954124],[117.6498944,33.896263],[117.6498133,33.8969101],[117.6497027,33.897806],[117.6496093,33.8985787],[117.6495106,33.8993959],[117.6494315,33.9001257],[117.6493808,33.9006943],[117.6493087,33.9014914],[117.6492638,33.9021189],[117.6492219,33.902859],[117.6492048,33.9032502],[117.6491615,33.9043014],[117.6491535,33.9048266],[117.6491372,33.9060485],[117.6491427,33.9068032],[117.6491589,33.9074568],[117.6491778,33.9080273],[117.6491941,33.9085844],[117.6492293,33.9092964],[117.6492671,33.9099028],[117.6493321,33.9108057],[117.6494187,33.911859],[117.6495215,33.9127979],[117.6496379,33.9137793],[117.6497245,33.9144486],[117.6498517,33.9155064],[117.6499789,33.9165081],[117.6500574,33.9171324],[117.6501656,33.9179701],[117.6502495,33.9186731],[117.6503443,33.9194838],[117.6504606,33.9203911],[117.6505944,33.9215042],[117.6507216,33.9228112],[117.6507757,33.9235747],[117.6508163,33.9244101],[117.6508178,33.9252167],[117.6508118,33.9259099]]}},{"type":"Feature","id":"way/1328512211","properties":{"osm_id":1328512211,"name":"徐明高速","highway":"motorway","ref":"S07"},"geometry":{"type":"LineString","coordinates":[[117.6501447,33.8939746],[117.6500962,33.894376]]}},{"type":"Feature","id":"way/1343769758","properties":{"osm_id":1343769758,"name":"澳门路","highway":"tertiary"},"geometry":{"type":"LineString","coordinates":[[118.2344977,33.8753958],[118.234254,33.8755824],[118.2341584,33.8755839],[118.2339108,33.8755876]]}},{"type":"Feature","id":"way/1353954781","properties":{"osm_id":1353954781,"name":"经三路","highway":"tertiary"},"geometry":{"type":"LineString","coordinates":[[118.1652265,33.9332232],[118.1659287,33.9303981],[118.1662083,33.929273],[118.16622,33.9292257]]}},{"type":"Feature","id":"way/1357782310","properties":{"osm_id":1357782310,"name":"科盛路","highway":"tertiary"},"geometry":{"type":"LineString","coordinates":[[118.1816014,33.9343136],[118.1816309,33.9339087],[118.1816566,33.9336189],[118.1816955,33.9333159],[118.1817026,33.9332688]]}},{"type":"Feature","id":"way/1357782311","properties":{"osm_id":1357782311,"name":"科盛路","highway":"tertiary"},"geometry":{"type":"LineString","coordinates":[[118.1817026,33.9332688],[118.1817043,33.9332573],[118.1817101,33.9332195]]}},{"type":"Feature","id":"way/1357782312","properties":{"osm_id":1357782312,"name":"科盛路","highway":"tertiary"},"geometry":{"type":"LineString","coordinates":[[118.1817814,33.9332877],[118.1817695,33.9333727],[118.1817468,33.9336053],[118.1816827,33.9343184]]}},{"type":"Feature","id":"way/1357782313","properties":{"osm_id":1357782313,"name":"科盛路","highway":"tertiary"},"geometry":{"type":"LineString","coordinates":[[118.1817883,33.9332383],[118.1817845,33.9332659],[118.1817814,33.9332877]]}},{"type":"Feature","id":"way/1357801255","properties":{"osm_id":1357801255,"name":"古黄河风景南道","highway":"unclassified"},"geometry":{"type":"LineString","coordinates":[[118.1710922,34.0074731],[118.1710041,34.0082555],[118.1709178,34.0092296],[118.1708493,34.0095912],[118.1707976,34.0097657],[118.1705036,34.0104204],[118.1700179,34.0113012],[118.1693965,34.0122235],[118.1690674,34.0125779],[118.1688856,34.0127995],[118.1685745,34.0130697],[118.1679498,34.013609],[118.1674435,34.0139796],[118.1664423,34.0144663]]}},{"type":"Feature","id":"way/1357801412","properties":{"osm_id":1357801412,"name":"德胜街","highway":"tertiary"},"geometry":{"type":"LineString","coordinates":[[118.1829403,33.9139006],[118.1829994,33.913802],[118.1837347,33.9125756],[118.1840762,33.9120086],[118.1847463,33.910896],[118.1847947,33.9108156],[118.1850844,33.9103346],[118.1853073,33.9099646],[118.1855405,33.9095774],[118.1858353,33.909088],[118.1861354,33.9085897]]}},{"type":"Feature","id":"way/1357804808","properties":{"osm_id":1357804808,"name":"众创路","highway":"unclassified"},"geometry":{"type":"LineString","coordinates":[[118.156612,33.8992011],[118.1565886,33.8993096],[118.1565412,33.8995301],[118.156456,33.8999266],[118.1563002,33.9006515],[118.1561305,33.9014412],[118.156115,33.9015133],[118.1560192,33.9019589],[118.1559619,33.9022256],[118.1559266,33.9023898],[118.155831,33.9028345],[118.1556846,33.9035156],[118.1553382,33.9051272]]}},{"type":"Feature","id":"way/1357804810","properties":{"osm_id":1357804810,"name":"众创路","highway":"unclassified"},"geometry":{"type":"LineString","coordinates":[[118.1553382,33.9051272],[118.1539143,33.9050194],[118.153177,33.9049636],[118.1511616,33.9048208],[118.1488306,33.9046557]]}},{"type":"Feature","id":"way/1357804812","properties":{"osm_id":1357804812,"name":"丰收路","highway":"unclassified"},"geometry":{"type":"LineString","coordinates":[[118.1860329,33.8900882],[118.1859939,33.8915219],[118.1859649,33.892209],[118.1859458,33.89252],[118.185929,33.8927931],[118.1859137,33.8930422],[118.1858975,33.8933051],[118.1858423,33.8942037],[118.1858365,33.8942982]]}},{"type":"Feature","id":"way/1358113273","properties":{"osm_id":1358113273,"name":"宿邳线","highway":"primary","ref":"S250"},"geometry":{"type":"LineString","coordinates":[[118.155719,33.9999217],[118.1535453,34.0014102],[118.1530436,34.0017625],[118.1520135,34.0022966],[118.1512003,34.0027139],[118.1492586,34.0037099]]}},{"type":"Feature","id":"way/1363337080","properties":{"osm_id":1363337080,"highway":"secondary"},"geometry":{"type":"LineString","coordinates":[[118.1550894,33.8224466],[118.1520136,33.8225394],[118.151962,33.8225433],[118.150297,33.8226698],[118.1497735,33.8227096],[118.1486126,33.8227978],[118.1483015,33.8228001],[118.1479045,33.8228335],[118.1473922,33.8227847]]}},{"type":"Feature","id":"way/1363337081","properties":{"osm_id":1363337081,"highway":"secondary"},"geometry":{"type":"LineString","coordinates":[[118.1551597,33.8224445],[118.1550894,33.8224466]]}},{"type":"Feature","id":"way/1364037780","properties":{"osm_id":1364037780,"name":"武汉路","highway":"unclassified"},"geometry":{"type":"LineString","coordinates":[[118.20718,33.768658],[118.208395,33.7685624],[118.2098324,33.7685295],[118.2100427,33.7686314]]}},{"type":"Feature","id":"way/1364037822","properties":{"osm_id":1364037822,"name":"泗阜线","highway":"trunk","ref":"G633"},"geometry":{"type":"LineString","coordinates":[[118.2303384,33.764688],[118.2308588,33.764651]]}},{"type":"Feature","id":"way/1364037823","properties":{"osm_id":1364037823,"name":"泗阜线","highway":"trunk","ref":"G633"},"geometry":{"type":"LineString","coordinates":[[118.2308588,33.764651],[118.2319337,33.7645969]]}},{"type":"Feature","id":"way/1364037824","properties":{"osm_id":1364037824,"name":"泗阜线","highway":"trunk","ref":"G633"},"geometry":{"type":"LineString","coordinates":[[118.2307425,33.7647702],[118.2303843,33.7648116]]}},{"type":"Feature","id":"way/1364037825","properties":{"osm_id":1364037825,"name":"泗阜线","highway":"trunk","ref":"G633"},"geometry":{"type":"LineString","coordinates":[[118.2318124,33.7647319],[118.2307425,33.7647702]]}},{"type":"Feature","id":"way/1364037862","properties":{"osm_id":1364037862,"name":"泗阜线","highway":"trunk","ref":"G633"},"geometry":{"type":"LineString","coordinates":[[118.24,33.7640141],[118.2375991,33.7644046],[118.2355532,33.7645839],[118.2347337,33.7646146],[118.2343982,33.7646165],[118.231941,33.7647221],[118.2318124,33.7647319]]}},{"type":"Feature","id":"way/1364502621","properties":{"osm_id":1364502621,"name":"新扬高速","highway":"motorway","ref":"S49"},"geometry":{"type":"LineString","coordinates":[[118.1829275,33.6727311],[118.1829726,33.6714352],[118.1830524,33.6699802],[118.1833407,33.6673357],[118.183394,33.6667772]]}},{"type":"Feature","id":"way/1364502622","properties":{"osm_id":1364502622,"name":"新扬高速","highway":"motorway","ref":"S49"},"geometry":{"type":"LineString","coordinates":[[118.183394,33.6667772],[118.1834315,33.6664873]]}},{"type":"Feature","id":"way/1364502623","properties":{"osm_id":1364502623,"name":"新扬高速","highway":"motorway","ref":"S49"},"geometry":{"type":"LineString","coordinates":[[118.1835045,33.6668292],[118.1832577,33.6690938],[118.1830798,33.6716362],[118.1830743,33.6727856]]}},{"type":"Feature","id":"way/1364502624","properties":{"osm_id":1364502624,"name":"新扬高速","highway":"motorway","ref":"S49"},"geometry":{"type":"LineString","coordinates":[[118.183551,33.6665436],[118.1835045,33.6668292]]}},{"type":"Feature","id":"way/1364506684","properties":{"osm_id":1364506684,"highway":"secondary"},"geometry":{"type":"LineString","coordinates":[[118.2073357,33.6810366],[118.2070706,33.6809412],[118.2063424,33.6806264]]}},{"type":"Feature","id":"way/1364758669","properties":{"osm_id":1364758669,"name":"龙夹线","highway":"residential"},"geometry":{"type":"LineString","coordinates":[[118.1966949,33.7576628],[118.1966836,33.7572259],[118.1966756,33.7569159],[118.1966566,33.7561835],[118.1966527,33.7560327],[118.1966412,33.7555906],[118.1965989,33.7541796],[118.1965437,33.7523417],[118.1965164,33.7514314],[118.1965065,33.7511016],[118.1964942,33.7506931],[118.1964857,33.750408],[118.1964752,33.7500594],[118.1964716,33.7499391],[118.1964572,33.7494581],[118.1964451,33.7490454],[118.1963787,33.7467903],[118.196368,33.7464249],[118.1963578,33.746079],[118.1963569,33.7451574]]}},{"type":"Feature","id":"way/1364758670","properties":{"osm_id":1364758670,"name":"龙夹线","highway":"residential"},"geometry":{"type":"LineString","coordinates":[[118.1963569,33.7451574],[118.1963703,33.7449716]]}},{"type":"Feature","id":"way/1372814297","properties":{"osm_id":1372814297,"highway":"primary_link"},"geometry":{"type":"LineString","coordinates":[[118.2261687,33.9834098],[118.2263737,33.9835935],[118.2264865,33.983691]]}},{"type":"Feature","id":"way/1372814298","properties":{"osm_id":1372814298,"highway":"primary_link"},"geometry":{"type":"LineString","coordinates":[[118.2258081,33.983112],[118.2256548,33.9829764],[118.2255142,33.9828322]]}},{"type":"Feature","id":"way/1372814299","properties":{"osm_id":1372814299,"highway":"primary_link"},"geometry":{"type":"LineString","coordinates":[[118.2254175,33.9819881],[118.2254632,33.9821259],[118.2255058,33.9823742]]}},{"type":"Feature","id":"way/1372814300","properties":{"osm_id":1372814300,"highway":"primary_link"},"geometry":{"type":"LineString","coordinates":[[118.2250857,33.982002],[118.2250911,33.9819643],[118.2251097,33.9819439],[118.2251383,33.9819319],[118.2251777,33.9819275],[118.2252268,33.9819385]]}},{"type":"Feature","id":"way/1372814301","properties":{"osm_id":1372814301,"highway":"primary_link"},"geometry":{"type":"LineString","coordinates":[[118.2245786,33.9809291],[118.2245987,33.9810012],[118.2245955,33.9810296],[118.2245763,33.9810498],[118.2245445,33.9810567],[118.2245123,33.9810542],[118.2244354,33.981013]]}},{"type":"Feature","id":"way/1372814302","properties":{"osm_id":1372814302,"highway":"primary_link"},"geometry":{"type":"LineString","coordinates":[[118.2242853,33.9809768],[118.2242507,33.9808651],[118.2242397,33.980807],[118.2242075,33.9806445]]}},{"type":"Feature","id":"way/1372814303","properties":{"osm_id":1372814303,"highway":"primary_link"},"geometry":{"type":"LineString","coordinates":[[118.2238576,33.9798432],[118.2240235,33.9799805],[118.2241525,33.9800993]]}},{"type":"Feature","id":"way/1372814304","properties":{"osm_id":1372814304,"highway":"primary_link"},"geometry":{"type":"LineString","coordinates":[[118.2229201,33.9781934],[118.222959,33.9783435],[118.2230143,33.9785501]]}},{"type":"Feature","id":"way/1372814305","properties":{"osm_id":1372814305,"highway":"primary_link"},"geometry":{"type":"LineString","coordinates":[[118.222596,33.9781375],[118.2224394,33.9779998],[118.2223218,33.9779005]]}},{"type":"Feature","id":"way/1372814306","properties":{"osm_id":1372814306,"highway":"primary_link"},"geometry":{"type":"LineString","coordinates":[[118.2217902,33.9766894],[118.2220065,33.9768592],[118.2221049,33.9769344]]}},{"type":"Feature","id":"way/1372814307","properties":{"osm_id":1372814307,"highway":"primary_link"},"geometry":{"type":"LineString","coordinates":[[118.2215541,33.9767188],[118.2215195,33.9765996],[118.2214674,33.976398]]}},{"type":"Feature","id":"way/1372814308","properties":{"osm_id":1372814308,"highway":"primary_link"},"geometry":{"type":"LineString","coordinates":[[118.2185897,33.9714391],[118.218492,33.9713399],[118.2183591,33.9711777]]}},{"type":"Feature","id":"way/1372814309","properties":{"osm_id":1372814309,"highway":"primary_link"},"geometry":{"type":"LineString","coordinates":[[118.2185276,33.9706192],[118.2185439,33.9708115],[118.2185502,33.9710356]]}},{"type":"Feature","id":"way/1372814310","properties":{"osm_id":1372814310,"highway":"primary_link"},"geometry":{"type":"LineString","coordinates":[[118.218188,33.9705349],[118.2182015,33.9705088],[118.2182216,33.9704978],[118.2182634,33.9704867],[118.2183145,33.9704953]]}},{"type":"Feature","id":"way/1372814311","properties":{"osm_id":1372814311,"highway":"primary_link"},"geometry":{"type":"LineString","coordinates":[[118.2176423,33.9695037],[118.2176415,33.9693784],[118.2176437,33.9692668]]}},{"type":"Feature","id":"way/1387815966","properties":{"osm_id":1387815966,"name":"宿邳线","highway":"primary"},"geometry":{"type":"LineString","coordinates":[[118.1575196,33.9984585],[118.1589246,33.9973344],[118.1602506,33.9961733],[118.1609938,33.9954705],[118.1618575,33.9946154],[118.1637742,33.9926327],[118.1654747,33.990906],[118.1663517,33.9901004],[118.1687286,33.987993],[118.1688401,33.9878941],[118.1714003,33.9858276],[118.1737988,33.9840343],[118.1766013,33.9821388],[118.1779352,33.9811752],[118.1791159,33.9803305],[118.1802109,33.9794553],[118.1814514,33.9783866],[118.1814833,33.9783591],[118.1828436,33.97707],[118.1848109,33.9748038],[118.1859292,33.9735156],[118.1863095,33.9731081],[118.1867328,33.9724779],[118.1875701,33.9713294],[118.1876863,33.9711648]]}},{"type":"Feature","id":"way/1416405601","properties":{"osm_id":1416405601,"highway":"secondary"},"geometry":{"type":"LineString","coordinates":[[117.8944921,33.6884416],[117.8942596,33.6869886],[117.894245,33.6868977]]}},{"type":"Feature","id":"way/1416405602","properties":{"osm_id":1416405602,"highway":"secondary"},"geometry":{"type":"LineString","coordinates":[[117.894245,33.6868977],[117.8941682,33.6864174]]}},{"type":"Feature","id":"way/1416405621","properties":{"osm_id":1416405621,"name":"山埇路","highway":"primary","ref":"S304"},"geometry":{"type":"LineString","coordinates":[[117.9143929,33.7098826],[117.9141997,33.7098369],[117.9134702,33.7097812],[117.9131296,33.7097812],[117.9125394,33.7098224],[117.9120057,33.7099038],[117.9101734,33.7100318],[117.9084921,33.7101493],[117.9042595,33.7104839],[117.9007405,33.7108142],[117.8981387,33.7109346],[117.8956014,33.7110685],[117.8925115,33.7110953],[117.8914278,33.711064],[117.8880483,33.710803],[117.8836682,33.7104683],[117.8816786,33.7103104],[117.8786632,33.7100712],[117.8749886,33.7097409],[117.8708661,33.7094141],[117.8706446,33.7093929]]}},{"type":"Feature","id":"way/1416405622","properties":{"osm_id":1416405622,"name":"山埇路","highway":"primary","ref":"S304"},"geometry":{"type":"LineString","coordinates":[[117.8706446,33.7093929],[117.8702916,33.7093591]]}},{"type":"Feature","id":"way/1416692920","properties":{"osm_id":1416692920,"highway":"primary_link"},"geometry":{"type":"LineString","coordinates":[[117.8920503,33.9135875],[117.8917033,33.9137551],[117.8913883,33.9138785],[117.8911795,33.9139842],[117.8910768,33.9140518],[117.8910237,33.9141458],[117.8909954,33.9142104],[117.8909884,33.9142897],[117.8910287,33.9144312]]}},{"type":"Feature","id":"way/1416692921","properties":{"osm_id":1416692921,"highway":"trunk_link"},"geometry":{"type":"LineString","coordinates":[[117.8916494,33.915501],[117.8911618,33.9149417],[117.8909813,33.9146774],[117.8908397,33.9144982],[117.8907548,33.9144277],[117.8906238,33.914366],[117.8904822,33.9143337],[117.8903159,33.9143279],[117.8898427,33.9144299]]}},{"type":"Feature","id":"way/1416692922","properties":{"osm_id":1416692922,"highway":"trunk_link"},"geometry":{"type":"LineString","coordinates":[[117.8898214,33.9143041],[117.8901426,33.9141017],[117.8902523,33.9140224],[117.8903408,33.9138873],[117.8903373,33.9137464],[117.8903125,33.9136171],[117.8901497,33.9132353]]}},{"type":"Feature","id":"way/1416692923","properties":{"osm_id":1416692923,"highway":"trunk_link"},"geometry":{"type":"LineString","coordinates":[[117.8902059,33.9130972],[117.8904151,33.9133498],[117.8905744,33.9135819],[117.890677,33.9137258],[117.8907549,33.9137728],[117.8908823,33.9137992],[117.890992,33.9138022],[117.8911477,33.9137552],[117.8915747,33.9136419]]}},{"type":"Feature","id":"way/1422497872","properties":{"osm_id":1422497872,"highway":"secondary_link"},"geometry":{"type":"LineString","coordinates":[[118.2102384,33.892507],[118.2103495,33.8927659],[118.2104426,33.8928775],[118.2104556,33.8928851],[118.2105357,33.8929317],[118.2106676,33.8929849],[118.2108352,33.8930307]]}},{"type":"Feature","id":"way/1422497873","properties":{"osm_id":1422497873,"highway":"primary_link"},"geometry":{"type":"LineString","coordinates":[[118.2109026,33.8931312],[118.2106426,33.8931998],[118.210539,33.893251],[118.2104729,33.8933008],[118.2104374,33.8933275],[118.2103553,33.8934386],[118.2102797,33.8936275]]}},{"type":"Feature","id":"way/1422497874","properties":{"osm_id":1422497874,"highway":"primary_link"},"geometry":{"type":"LineString","coordinates":[[118.2101495,33.8936421],[118.2100756,33.8934725],[118.210008,33.8933895],[118.2099318,33.893321],[118.2099227,33.8933128],[118.209867,33.893272],[118.209745,33.8932085],[118.2095606,33.8931502]]}},{"type":"Feature","id":"way/1422497875","properties":{"osm_id":1422497875,"highway":"secondary_link"},"geometry":{"type":"LineString","coordinates":[[118.2095552,33.8930523],[118.2097853,33.8929845],[118.2099001,33.892918],[118.2099247,33.8928903],[118.2099588,33.8928519],[118.2100281,33.8927514],[118.210092,33.8925394]]}},{"type":"Feature","id":"way/1425976783","properties":{"osm_id":1425976783,"name":"蔡支线","highway":"tertiary"},"geometry":{"type":"LineString","coordinates":[[118.2003755,33.9786583],[118.2007932,33.9799747],[118.2008589,33.9801818]]}},{"type":"Feature","id":"way/1425976787","properties":{"osm_id":1425976787,"name":"蔡支线","highway":"tertiary"},"geometry":{"type":"LineString","coordinates":[[118.2002441,33.9781462],[118.2003427,33.978555],[118.2003755,33.9786583]]}},{"type":"Feature","id":"way/1425976788","properties":{"osm_id":1425976788,"name":"蔡支线","highway":"tertiary"},"geometry":{"type":"LineString","coordinates":[[118.2015291,33.9756784],[118.2016861,33.9762197],[118.2017084,33.9763034]]}},{"type":"Feature","id":"way/1425976789","properties":{"osm_id":1425976789,"name":"蔡支线","highway":"tertiary"},"geometry":{"type":"LineString","coordinates":[[118.2017084,33.9763034],[118.2020793,33.9776106],[118.2020681,33.9776505],[118.2010226,33.9779351],[118.2004147,33.9781005]]}},{"type":"Feature","id":"way/1425976790","properties":{"osm_id":1425976790,"name":"蔡支线","highway":"tertiary"},"geometry":{"type":"LineString","coordinates":[[118.2004147,33.9781005],[118.2002441,33.9781462]]}},{"type":"Feature","id":"way/1428967907","properties":{"osm_id":1428967907,"name":"深圳路","highway":"tertiary"},"geometry":{"type":"LineString","coordinates":[[118.24,33.9253222],[118.2380298,33.9255736],[118.2355334,33.9258922],[118.2352889,33.9259163],[118.235064,33.9259363]]}},{"type":"Feature","id":"way/1428967908","properties":{"osm_id":1428967908,"name":"深圳路","highway":"tertiary"},"geometry":{"type":"LineString","coordinates":[[118.2345257,33.9259843],[118.2344917,33.9259873]]}},{"type":"Feature","id":"way/1428967909","properties":{"osm_id":1428967909,"name":"深圳路","highway":"tertiary"},"geometry":{"type":"LineString","coordinates":[[118.235064,33.9259363],[118.2345257,33.9259843]]}},{"type":"Feature","id":"way/1428967910","properties":{"osm_id":1428967910,"name":"深圳路","highway":"tertiary"},"geometry":{"type":"LineString","coordinates":[[118.2345217,33.9259197],[118.2350579,33.9258579]]}},{"type":"Feature","id":"way/1428967911","properties":{"osm_id":1428967911,"name":"深圳路","highway":"tertiary"},"geometry":{"type":"LineString","coordinates":[[118.234479,33.9259246],[118.2345217,33.9259197]]}},{"type":"Feature","id":"way/1435333665","properties":{"osm_id":1435333665,"highway":"motorway_link"},"geometry":{"type":"LineString","coordinates":[[117.6368782,34.0660453],[117.637023,34.0658587]]}},{"type":"Feature","id":"way/1435333666","properties":{"osm_id":1435333666,"name":"徐明高速","highway":"motorway","ref":"S65"},"geometry":{"type":"LineString","coordinates":[[117.6396435,34.0605978],[117.6396499,34.0600271],[117.6396502,34.0593672],[117.6397911,34.0576014]]}},{"type":"Feature","id":"way/1435333667","properties":{"osm_id":1435333667,"highway":"motorway_link"},"geometry":{"type":"LineString","coordinates":[[117.6368527,34.0671563],[117.6353247,34.0679525],[117.633799,34.0686916],[117.6317715,34.0695636]]}},{"type":"Feature","id":"way/1435333668","properties":{"osm_id":1435333668,"highway":"motorway_link"},"geometry":{"type":"LineString","coordinates":[[117.6372161,34.0669697],[117.6368527,34.0671563]]}},{"type":"Feature","id":"way/1435333669","properties":{"osm_id":1435333669,"highway":"motorway_link"},"geometry":{"type":"LineString","coordinates":[[117.6367521,34.0661609],[117.6368782,34.0660453],[117.6370418,34.0659342]]}},{"type":"Feature","id":"way/1435333670","properties":{"osm_id":1435333670,"highway":"motorway_link"},"geometry":{"type":"LineString","coordinates":[[117.6311222,34.0697432],[117.6349036,34.0675236],[117.6360977,34.0666852],[117.6367521,34.0661609]]}},{"type":"Feature","id":"way/1435333671","properties":{"osm_id":1435333671,"highway":"motorway_link"},"geometry":{"type":"LineString","coordinates":[[117.6485807,34.0607459],[117.65174,34.05951]]}},{"type":"Feature","id":"way/1435333672","properties":{"osm_id":1435333672,"highway":"motorway_link"},"geometry":{"type":"LineString","coordinates":[[117.6479981,34.0609963],[117.6485807,34.0607459]]}},{"type":"Feature","id":"way/1435333673","properties":{"osm_id":1435333673,"name":"徐明高速","highway":"motorway","ref":"S65"},"geometry":{"type":"LineString","coordinates":[[117.637575,34.1050489],[117.6376152,34.1038892]]}},{"type":"Feature","id":"way/1435333674","properties":{"osm_id":1435333674,"name":"徐明高速","highway":"motorway","ref":"S65"},"geometry":{"type":"LineString","coordinates":[[117.6375689,34.1053998],[117.637575,34.1050489]]}},{"type":"Feature","id":"way/1435333675","properties":{"osm_id":1435333675,"name":"徐明高速","highway":"motorway","ref":"S65"},"geometry":{"type":"LineString","coordinates":[[117.6377321,34.1050522],[117.6377292,34.1054012]]}},{"type":"Feature","id":"way/1435333676","properties":{"osm_id":1435333676,"name":"徐明高速","highway":"motorway","ref":"S65"},"geometry":{"type":"LineString","coordinates":[[117.637772,34.1039342],[117.6377321,34.1050522]]}},{"type":"Feature","id":"way/1435333679","properties":{"osm_id":1435333679,"name":"徐明高速","highway":"motorway","ref":"S65"},"geometry":{"type":"LineString","coordinates":[[117.640754,34.1228897],[117.6398864,34.1194255],[117.6384691,34.1142749],[117.6380608,34.1119178],[117.6378192,34.1100171],[117.6376965,34.1085525],[117.6376151,34.1075806],[117.6375961,34.1063934],[117.6375689,34.1053998]]}},{"type":"Feature","id":"way/1435333680","properties":{"osm_id":1435333680,"name":"徐明高速","highway":"motorway","ref":"S65"},"geometry":{"type":"LineString","coordinates":[[117.6416894,34.134622],[117.6416626,34.1315496],[117.6416116,34.1293486],[117.6414563,34.1272685],[117.6412352,34.1256694],[117.6409055,34.1235969]]}},{"type":"Feature","id":"way/1435333681","properties":{"osm_id":1435333681,"name":"徐明高速","highway":"motorway","ref":"S65"},"geometry":{"type":"LineString","coordinates":[[117.6410717,34.1236092],[117.6413644,34.1256565],[117.6415859,34.1272591],[117.6417417,34.1293443],[117.6417927,34.1315482],[117.641849,34.1346212]]}},{"type":"Feature","id":"way/1435333682","properties":{"osm_id":1435333682,"name":"徐明高速","highway":"motorway","ref":"S65"},"geometry":{"type":"LineString","coordinates":[[117.6377292,34.1054012],[117.6377452,34.1075762],[117.6379488,34.1100077],[117.63819,34.1119045],[117.6385971,34.1142553],[117.6400136,34.1194027],[117.640931,34.1229052]]}},{"type":"Feature","id":"way/1435333683","properties":{"osm_id":1435333683,"highway":"motorway_link"},"geometry":{"type":"LineString","coordinates":[[117.6447746,34.1389086],[117.6447651,34.1384995],[117.6445332,34.1373612]]}},{"type":"Feature","id":"way/1435333684","properties":{"osm_id":1435333684,"highway":"motorway_link"},"geometry":{"type":"LineString","coordinates":[[117.6449597,34.1397122],[117.6449008,34.1394565],[117.6447746,34.1389086]]}},{"type":"Feature","id":"way/1435333685","properties":{"osm_id":1435333685,"highway":"motorway_link"},"geometry":{"type":"LineString","coordinates":[[117.6449677,34.1388753],[117.6450915,34.1394253],[117.6451501,34.1396856]]}},{"type":"Feature","id":"way/1435333686","properties":{"osm_id":1435333686,"highway":"motorway_link"},"geometry":{"type":"LineString","coordinates":[[117.6446056,34.1373412],[117.6448568,34.1384831],[117.6449677,34.1388753]]}},{"type":"Feature","id":"way/1435333688","properties":{"osm_id":1435333688,"highway":"motorway_link"},"geometry":{"type":"LineString","coordinates":[[117.6413132,34.1438002],[117.6409458,34.1439001],[117.6406386,34.1440233],[117.6404133,34.1441654],[117.6402631,34.1443652],[117.6401907,34.144596],[117.6401934,34.1448358],[117.6402551,34.1450622],[117.6404133,34.1452309],[117.6405957,34.1453264],[117.640821,34.1453752],[117.6410088,34.1453685],[117.6411885,34.1453086],[117.6413467,34.1452154],[117.6414782,34.1450755],[117.6415533,34.1449223],[117.6416203,34.1447115],[117.6417677,34.1437436]]}},{"type":"Feature","id":"way/1435333689","properties":{"osm_id":1435333689,"highway":"motorway_link"},"geometry":{"type":"LineString","coordinates":[[117.6423472,34.1435738],[117.6413132,34.1438002]]}},{"type":"Feature","id":"way/1435333690","properties":{"osm_id":1435333690,"highway":"motorway_link"},"geometry":{"type":"LineString","coordinates":[[117.6438922,34.143071],[117.6433557,34.1432974],[117.6429561,34.143435],[117.6423472,34.1435738]]}},{"type":"Feature","id":"way/1435333691","properties":{"osm_id":1435333691,"highway":"motorway_link"},"geometry":{"type":"LineString","coordinates":[[117.6438922,34.143071],[117.6431894,34.1436193],[117.6427764,34.1439656],[117.6425081,34.1442919],[117.6423526,34.1445294],[117.6421836,34.1448668],[117.6420736,34.1452131],[117.6419444,34.1458258]]}},{"type":"Feature","id":"way/1435333692","properties":{"osm_id":1435333692,"highway":"motorway_link"},"geometry":{"type":"LineString","coordinates":[[117.6440692,34.14296],[117.6438922,34.143071]]}},{"type":"Feature","id":"way/1435333693","properties":{"osm_id":1435333693,"highway":"motorway_link"},"geometry":{"type":"LineString","coordinates":[[117.644383,34.1427025],[117.6440692,34.14296]]}},{"type":"Feature","id":"way/1435333694","properties":{"osm_id":1435333694,"highway":"motorway_link"},"geometry":{"type":"LineString","coordinates":[[117.6451501,34.1396856],[117.6451984,34.1400363],[117.6452708,34.1405003],[117.6452842,34.1409354],[117.6452413,34.141264],[117.6451287,34.1416813],[117.6449677,34.142021],[117.6447076,34.1423673],[117.644383,34.1427025]]}},{"type":"Feature","id":"way/1435333695","properties":{"osm_id":1435333695,"highway":"motorway_link"},"geometry":{"type":"LineString","coordinates":[[117.6443025,34.1426492],[117.6446083,34.1423184],[117.6448417,34.1419832],[117.6449999,34.1416658],[117.6451072,34.1412462],[117.6451582,34.1409243],[117.6451501,34.1405047],[117.6450804,34.1400474],[117.6449597,34.1397122]]}},{"type":"Feature","id":"way/1435333696","properties":{"osm_id":1435333696,"highway":"motorway_link"},"geometry":{"type":"LineString","coordinates":[[117.6439887,34.1428778],[117.6443025,34.1426492]]}},{"type":"Feature","id":"way/1435333697","properties":{"osm_id":1435333697,"highway":"motorway_link"},"geometry":{"type":"LineString","coordinates":[[117.643801,34.1429822],[117.6439887,34.1428778]]}},{"type":"Feature","id":"way/1435333698","properties":{"osm_id":1435333698,"highway":"motorway_link"},"geometry":{"type":"LineString","coordinates":[[117.6423553,34.1435016],[117.6429132,34.1433507],[117.6433182,34.1432108],[117.643801,34.1429822]]}},{"type":"Feature","id":"way/1435333699","properties":{"osm_id":1435333699,"highway":"motorway_link"},"geometry":{"type":"LineString","coordinates":[[117.6413065,34.1437347],[117.6423553,34.1435016]]}},{"type":"Feature","id":"way/1435333770","properties":{"osm_id":1435333770,"highway":"motorway_link"},"geometry":{"type":"LineString","coordinates":[[117.6266496,34.22],[117.6265383,34.219381],[117.6265222,34.2187534],[117.6265141,34.2183187],[117.6264927,34.2177154],[117.6265651,34.2161318],[117.6268762,34.2142553],[117.6273909,34.2125735]]}},{"type":"Feature","id":"way/1435333771","properties":{"osm_id":1435333771,"highway":"motorway_link"},"geometry":{"type":"LineString","coordinates":[[117.6275205,34.2125841],[117.6274449,34.2142775],[117.6273322,34.2163003],[117.627174,34.2183453],[117.6269863,34.22]]}},{"type":"Feature","id":"way/1435333772","properties":{"osm_id":1435333772,"highway":"motorway_link"},"geometry":{"type":"LineString","coordinates":[[117.6419251,34.1411529],[117.6421219,34.1421519],[117.6422372,34.1424916],[117.6423714,34.1426958],[117.642543,34.1428645],[117.6427656,34.14298],[117.6430258,34.1430554],[117.6432806,34.1430732],[117.6434898,34.1430421],[117.643801,34.1429822]]}},{"type":"Feature","id":"way/1435333773","properties":{"osm_id":1435333773,"highway":"motorway_link"},"geometry":{"type":"LineString","coordinates":[[117.6418084,34.1482876],[117.6416042,34.1468159],[117.6415345,34.1465339],[117.6414192,34.1462875],[117.6412475,34.1460345],[117.6410007,34.1457836],[117.6405984,34.1454684],[117.6403436,34.1452731],[117.6401854,34.1450733],[117.6401049,34.144838],[117.6401049,34.1445827],[117.6401934,34.1443407],[117.640357,34.1441276],[117.6406065,34.1439634],[117.6409337,34.1438324],[117.6413065,34.1437347]]}},{"type":"Feature","id":"way/1435333774","properties":{"osm_id":1435333774,"highway":"motorway_link"},"geometry":{"type":"LineString","coordinates":[[117.6292768,34.1899711],[117.6297916,34.1899647],[117.6303065,34.1899584]]}},{"type":"Feature","id":"way/1435333775","properties":{"osm_id":1435333775,"highway":"motorway_link"},"geometry":{"type":"LineString","coordinates":[[117.6302898,34.1901566],[117.6297804,34.1901647],[117.629271,34.1901728]]}},{"type":"Feature","id":"way/1437146137","properties":{"osm_id":1437146137,"name":"广州路","highway":"tertiary"},"geometry":{"type":"LineString","coordinates":[[118.2154641,33.7653362],[118.2155015,33.7662303],[118.2155568,33.7675522],[118.2155842,33.7682079],[118.2156649,33.770138]]}},{"type":"Feature","id":"way/1441578939","properties":{"osm_id":1441578939,"name":"纬二路","highway":"unclassified"},"geometry":{"type":"LineString","coordinates":[[118.2344991,33.8345524],[118.2387345,33.8341182],[118.24,33.8339884]]}},{"type":"Feature","id":"way/1455706622","properties":{"osm_id":1455706622,"name":"265乡道","highway":"tertiary","ref":"Y265"},"geometry":{"type":"LineString","coordinates":[[118.0573059,34.1592414],[118.0574739,34.1593671],[118.0576689,34.1595479],[118.0576944,34.1596088],[118.0576746,34.1597053],[118.0572852,34.1600939],[118.0570459,34.1603327],[118.0564189,34.1609584],[118.0562881,34.160992],[118.0561516,34.1609911],[118.0560801,34.1609855],[118.0560105,34.1609592],[118.055951,34.1609182],[118.0558139,34.160778],[118.0557155,34.1607361],[118.05557,34.1607068]]}},{"type":"Feature","id":"way/1455706628","properties":{"osm_id":1455706628,"name":"265乡道","highway":"tertiary","ref":"Y265"},"geometry":{"type":"LineString","coordinates":[[118.0553749,34.1608218],[118.0553342,34.160887],[118.0553183,34.1609354],[118.0553185,34.1609827],[118.055333,34.1610301],[118.0553702,34.161096],[118.055466,34.1612532],[118.055624,34.1614809],[118.0556376,34.1616334],[118.0555391,34.1617723],[118.0553944,34.1619361],[118.0550454,34.162331],[118.0547782,34.1626335],[118.052045,34.165371],[118.0509241,34.1665619],[118.0504145,34.1671242],[118.0499756,34.1677332],[118.0491121,34.1689866],[118.0482344,34.1702281],[118.0469461,34.1722193],[118.0454313,34.1750069],[118.0451859,34.1755094],[118.0447044,34.1764952],[118.0428972,34.1801953],[118.0410569,34.1842474],[118.0392393,34.1882954],[118.0390225,34.1888262],[118.0388913,34.1892587],[118.0388287,34.1895093],[118.0387113,34.189961],[118.0378433,34.1932643],[118.0367249,34.1975266],[118.0352526,34.2033341],[118.0340634,34.208392],[118.0334971,34.2111783],[118.033398,34.2116583],[118.0332706,34.2119978],[118.0319682,34.2150533],[118.0305525,34.218378],[118.0298186,34.22]]}},{"type":"Feature","id":"way/1455706637","properties":{"osm_id":1455706637,"name":"265乡道","highway":"tertiary","ref":"Y265"},"geometry":{"type":"LineString","coordinates":[[118.05557,34.1607068],[118.0554983,34.1607453]]}},{"type":"Feature","id":"way/1455706638","properties":{"osm_id":1455706638,"name":"265乡道","highway":"tertiary","ref":"Y265"},"geometry":{"type":"LineString","coordinates":[[118.0554983,34.1607453],[118.0553749,34.1608218]]}},{"type":"Feature","id":"way/1455738816","properties":{"osm_id":1455738816,"name":"宿邳线","highway":"primary","ref":"S250"},"geometry":{"type":"LineString","coordinates":[[117.985503,34.17197],[117.9855075,34.1719667],[117.9863908,34.1713007],[117.9877692,34.1703227],[117.9880263,34.1701138]]}},{"type":"Feature","id":"way/1455738817","properties":{"osm_id":1455738817,"name":"宿邳线","highway":"primary","ref":"S250"},"geometry":{"type":"LineString","coordinates":[[117.9852428,34.1721605],[117.985503,34.17197]]}},{"type":"Feature","id":"way/1455738818","properties":{"osm_id":1455738818,"name":"宿邳线","highway":"primary","ref":"S250"},"geometry":{"type":"LineString","coordinates":[[117.9882104,34.1701276],[117.9878928,34.1703813],[117.9864864,34.1713942],[117.9855429,34.1721046],[117.9855384,34.1721079]]}},{"type":"Feature","id":"way/1455738819","properties":{"osm_id":1455738819,"name":"宿邳线","highway":"primary","ref":"S250"},"geometry":{"type":"LineString","coordinates":[[117.9855384,34.1721079],[117.9852762,34.1722998]]}},{"type":"Feature","id":"way/1455738820","properties":{"osm_id":1455738820,"name":"宿邳线","highway":"primary","ref":"S250"},"geometry":{"type":"LineString","coordinates":[[117.9883237,34.1698767],[117.9883334,34.1698689],[117.9885055,34.1697304]]}},{"type":"Feature","id":"way/1455738821","properties":{"osm_id":1455738821,"name":"宿邳线","highway":"primary","ref":"S250"},"geometry":{"type":"LineString","coordinates":[[117.9880263,34.1701138],[117.9883237,34.1698767]]}},{"type":"Feature","id":"way/1455738822","properties":{"osm_id":1455738822,"name":"宿邳线","highway":"primary","ref":"S250"},"geometry":{"type":"LineString","coordinates":[[117.9885324,34.1698677],[117.9882104,34.1701276]]}},{"type":"Feature","id":"way/1455738823","properties":{"osm_id":1455738823,"name":"宿邳线","highway":"primary","ref":"S250"},"geometry":{"type":"LineString","coordinates":[[117.9885978,34.1698152],[117.9885402,34.1698615],[117.9885324,34.1698677]]}},{"type":"Feature","id":"way/1455738837","properties":{"osm_id":1455738837,"name":"板徐线","highway":"primary","ref":"S344"},"geometry":{"type":"LineString","coordinates":[[117.9281151,34.2040207],[117.9301304,34.2043371]]}},{"type":"Feature","id":"way/1455738838","properties":{"osm_id":1455738838,"name":"板徐线","highway":"primary","ref":"S344"},"geometry":{"type":"LineString","coordinates":[[117.9301304,34.2043371],[117.9304581,34.2043883]]}},{"type":"Feature","id":"way/1455738839","properties":{"osm_id":1455738839,"name":"板徐线","highway":"primary","ref":"S344"},"geometry":{"type":"LineString","coordinates":[[117.9301312,34.2044968],[117.92804,34.2041272]]}},{"type":"Feature","id":"way/1455738840","properties":{"osm_id":1455738840,"name":"板徐线","highway":"primary","ref":"S344"},"geometry":{"type":"LineString","coordinates":[[117.9304615,34.2045384],[117.9301312,34.2044968]]}},{"type":"Feature","id":"way/1455738841","properties":{"osm_id":1455738841,"name":"板徐线","highway":"primary","ref":"S344"},"geometry":{"type":"LineString","coordinates":[[117.966124,34.2032327],[117.9659699,34.2032708],[117.9626641,34.2037409],[117.962552,34.2037534]]}},{"type":"Feature","id":"way/1455738842","properties":{"osm_id":1455738842,"name":"板徐线","highway":"primary","ref":"S344"},"geometry":{"type":"LineString","coordinates":[[117.962552,34.2037534],[117.9621216,34.2038036]]}},{"type":"Feature","id":"way/1455738843","properties":{"osm_id":1455738843,"name":"板徐线","highway":"primary","ref":"S344"},"geometry":{"type":"LineString","coordinates":[[117.9625262,34.2036312],[117.9626083,34.2036214],[117.9659866,34.2031481],[117.9661437,34.2030876]]}},{"type":"Feature","id":"way/1455738844","properties":{"osm_id":1455738844,"name":"板徐线","highway":"primary","ref":"S344"},"geometry":{"type":"LineString","coordinates":[[117.9620927,34.2036806],[117.9625262,34.2036312]]}},{"type":"Feature","id":"way/1455920436","properties":{"osm_id":1455920436,"name":"海棠大道","highway":"unclassified"},"geometry":{"type":"LineString","coordinates":[[118.1395076,34.0074264],[118.1400197,34.0080485],[118.1400492,34.0080824],[118.1417972,34.0102797],[118.1430269,34.0117913],[118.1456368,34.0150058],[118.145653,34.0150532],[118.1456647,34.0151373],[118.1456651,34.0151614],[118.145656,34.0152155],[118.1456365,34.0153239],[118.145615,34.0154971],[118.1455976,34.0157018],[118.1455529,34.0160395],[118.1454613,34.0165099],[118.1454055,34.0167251]]}},{"type":"Feature","id":"way/1455920438","properties":{"osm_id":1455920438,"name":"园中路","highway":"unclassified"},"geometry":{"type":"LineString","coordinates":[[118.1430269,34.0117913],[118.145266,34.0105158],[118.1460892,34.0100469],[118.1474572,34.0092725],[118.1491352,34.0083226],[118.1518033,34.0068019],[118.1523334,34.0064947],[118.1535944,34.0057732],[118.1544909,34.0052604],[118.1561424,34.0043085],[118.1584045,34.0030216],[118.1594755,34.0024271],[118.1599061,34.002188],[118.160919,34.001902],[118.161131,34.0018474],[118.1612423,34.0017653]]}},{"type":"Feature","id":"way/1455930153","properties":{"osm_id":1455930153,"highway":"primary"},"geometry":{"type":"LineString","coordinates":[[118.0631902,34.1922253],[118.0632893,34.1925816]]}},{"type":"Feature","id":"way/1458227909","properties":{"osm_id":1458227909,"name":"京岚线","highway":"trunk","ref":"G104"},"geometry":{"type":"LineString","coordinates":[[117.8862096,33.9151903],[117.8860745,33.9152033],[117.8838332,33.9154146],[117.8827746,33.9154744],[117.8814192,33.9154591],[117.8800299,33.9153699],[117.8771623,33.9152042],[117.8765589,33.9151668],[117.876397,33.9151597]]}},{"type":"Feature","id":"way/1458227910","properties":{"osm_id":1458227910,"name":"京岚线","highway":"trunk","ref":"G104"},"geometry":{"type":"LineString","coordinates":[[117.8764177,33.9150534],[117.8765886,33.9150587],[117.8771309,33.9150857],[117.8800363,33.9152423],[117.8814,33.9153211],[117.8827575,33.9153323],[117.8838147,33.9152739],[117.8860557,33.9150563],[117.8861891,33.9150435]]}},{"type":"Feature","id":"way/1458227911","properties":{"osm_id":1458227911,"name":"京岚线","highway":"trunk","ref":"G104"},"geometry":{"type":"LineString","coordinates":[[117.8906926,33.9141444],[117.8906161,33.9139994]]}},{"type":"Feature","id":"way/1458230885","properties":{"osm_id":1458230885,"name":"元府东路","highway":"primary"},"geometry":{"type":"LineString","coordinates":[[117.9626763,33.9017664],[117.9621282,33.9017031]]}},{"type":"Feature","id":"way/1458230886","properties":{"osm_id":1458230886,"name":"元府东路","highway":"primary"},"geometry":{"type":"LineString","coordinates":[[117.9492155,33.8997229],[117.9561098,33.9006855]]}},{"type":"Feature","id":"way/1458230887","properties":{"osm_id":1458230887,"name":"元府东路","highway":"primary"},"geometry":{"type":"LineString","coordinates":[[117.962105,33.9016128],[117.9626951,33.901684]]}},{"type":"Feature","id":"way/1458230888","properties":{"osm_id":1458230888,"name":"中央大街","highway":"primary"},"geometry":{"type":"LineString","coordinates":[[117.9812315,33.9121852],[117.9807111,33.9121776],[117.9750908,33.9120836],[117.9749568,33.9120814],[117.9722074,33.9120353],[117.962852,33.9119322],[117.9554227,33.9119192]]}},{"type":"Feature","id":"way/1458230889","properties":{"osm_id":1458230889,"name":"中央大街","highway":"primary"},"geometry":{"type":"LineString","coordinates":[[117.9554271,33.9118183],[117.9628344,33.9118374],[117.9659185,33.9118644],[117.9690134,33.9119008],[117.9722092,33.9119443],[117.9749574,33.9119959],[117.9750909,33.9119975],[117.9807325,33.9120836],[117.9812436,33.9120999]]}},{"type":"Feature","id":"way/1458230890","properties":{"osm_id":1458230890,"name":"元府东路","highway":"primary"},"geometry":{"type":"LineString","coordinates":[[117.9621282,33.9017031],[117.9619929,33.9016825],[117.9595715,33.9013077],[117.9562355,33.9007856],[117.9561052,33.900764]]}},{"type":"Feature","id":"way/1458230891","properties":{"osm_id":1458230891,"name":"元府东路","highway":"primary"},"geometry":{"type":"LineString","coordinates":[[117.9561098,33.9006855],[117.9562397,33.9007025],[117.9595569,33.9012254],[117.9619928,33.9015972],[117.962105,33.9016128]]}},{"type":"Feature","id":"way/1458230893","properties":{"osm_id":1458230893,"highway":"secondary"},"geometry":{"type":"LineString","coordinates":[[117.9499456,33.8886107],[117.9499147,33.888981],[117.9499037,33.8890816]]}},{"type":"Feature","id":"way/1458230894","properties":{"osm_id":1458230894,"highway":"primary"},"geometry":{"type":"LineString","coordinates":[[117.94922,33.8998241],[117.9487884,33.899792]]}},{"type":"Feature","id":"way/1458230895","properties":{"osm_id":1458230895,"highway":"primary"},"geometry":{"type":"LineString","coordinates":[[117.9487884,33.899792],[117.9485022,33.8997707]]}},{"type":"Feature","id":"way/1458230896","properties":{"osm_id":1458230896,"name":"京岚线","highway":"trunk","ref":"G104"},"geometry":{"type":"LineString","coordinates":[[117.8890412,33.8896884],[117.889076,33.8895895],[117.8892263,33.8891553],[117.8893804,33.8887761]]}},{"type":"Feature","id":"way/1458230897","properties":{"osm_id":1458230897,"name":"京岚线","highway":"trunk","ref":"G104"},"geometry":{"type":"LineString","coordinates":[[117.8895356,33.8887476],[117.8893636,33.889174],[117.8892119,33.889597],[117.8891789,33.8896872]]}},{"type":"Feature","id":"way/1458230898","properties":{"osm_id":1458230898,"highway":"primary_link"},"geometry":{"type":"LineString","coordinates":[[117.8771623,33.9152042],[117.876921,33.9153],[117.8767841,33.9154146],[117.8766729,33.9155404],[117.8766175,33.9157051]]}},{"type":"Feature","id":"way/1458230899","properties":{"osm_id":1458230899,"highway":"primary","ref":"S325;S251;S612"},"geometry":{"type":"LineString","coordinates":[[117.9870919,33.8833551],[117.9871924,33.883354],[117.9890346,33.8833727],[117.9926652,33.8834093],[117.9936683,33.8835118],[117.9947069,33.8836751],[117.9956378,33.8838834],[117.9959831,33.8839593],[117.9972222,33.8843267],[117.9988027,33.8849755],[118.0004436,33.8858854],[118.0014441,33.8866247],[118.0022627,33.8873068],[118.0029005,33.8879717]]}},{"type":"Feature","id":"way/1458230900","properties":{"osm_id":1458230900,"highway":"primary","ref":"S325;S251;S612"},"geometry":{"type":"LineString","coordinates":[[118.0028227,33.8880541],[118.0026881,33.8879173],[118.0020848,33.8873228],[118.0013716,33.8867071],[118.0003631,33.8859477],[117.9987242,33.8850554],[117.9971659,33.8843891],[117.9959428,33.8840306],[117.9956557,33.8839554],[117.9946833,33.8837353],[117.9936469,33.8835897],[117.992633,33.8835073],[117.9890491,33.8834593],[117.9885886,33.8834718],[117.987183,33.8834584],[117.9870841,33.8834589]]}},{"type":"Feature","id":"way/1458230903","properties":{"osm_id":1458230903,"name":"京岚线","highway":"trunk","ref":"G104"},"geometry":{"type":"LineString","coordinates":[[117.886435,33.809624],[117.8865984,33.8133402],[117.8867041,33.8144209],[117.8868739,33.8151982],[117.8871654,33.8160394],[117.8875115,33.8167847],[117.888101,33.817695],[117.8885527,33.818261],[117.8890461,33.8187284],[117.8897734,33.8193533],[117.8911671,33.8202983],[117.8923954,33.8209625],[117.8956294,33.8228064]]}},{"type":"Feature","id":"way/1458230904","properties":{"osm_id":1458230904,"name":"京岚线","highway":"trunk","ref":"G104"},"geometry":{"type":"LineString","coordinates":[[117.8956294,33.8228064],[117.8962889,33.8231786]]}},{"type":"Feature","id":"way/1458230905","properties":{"osm_id":1458230905,"name":"京岚线","highway":"trunk","ref":"G104"},"geometry":{"type":"LineString","coordinates":[[117.8793832,33.7873955],[117.8815491,33.7926756],[117.8853072,33.8019463],[117.8856718,33.8028444]]}},{"type":"Feature","id":"way/1458230906","properties":{"osm_id":1458230906,"name":"京岚线","highway":"trunk","ref":"G104"},"geometry":{"type":"LineString","coordinates":[[117.8864061,33.809065],[117.886435,33.809624]]}},{"type":"Feature","id":"way/1458230907","properties":{"osm_id":1458230907,"name":"京岚线","highway":"trunk","ref":"G104"},"geometry":{"type":"LineString","coordinates":[[117.8699968,33.7733208],[117.8711874,33.7756289],[117.8717781,33.7766524],[117.8726047,33.7778828],[117.8731824,33.778554],[117.8737765,33.7793217],[117.8749971,33.7806052],[117.8761217,33.781713],[117.8767529,33.7824746],[117.8774481,33.783396],[117.8778934,33.784083],[117.8782491,33.7846795],[117.878787,33.7858822],[117.8791718,33.7868923]]}},{"type":"Feature","id":"way/1458230908","properties":{"osm_id":1458230908,"name":"京岚线","highway":"trunk","ref":"G104"},"geometry":{"type":"LineString","coordinates":[[117.8791718,33.7868923],[117.8793832,33.7873955]]}},{"type":"Feature","id":"way/1458230909","properties":{"osm_id":1458230909,"name":"京岚线","highway":"trunk","ref":"G104"},"geometry":{"type":"LineString","coordinates":[[117.8658363,33.7524201],[117.8657747,33.7533423],[117.8657287,33.7564906],[117.8657754,33.7620851],[117.8658029,33.7633839],[117.8658542,33.7641323],[117.8660016,33.7649633],[117.8661842,33.7656238],[117.8664173,33.7662525],[117.8667,33.7668943],[117.8686858,33.7707549],[117.8696059,33.7725538]]}},{"type":"Feature","id":"way/1458230910","properties":{"osm_id":1458230910,"name":"京岚线","highway":"trunk","ref":"G104"},"geometry":{"type":"LineString","coordinates":[[117.8696059,33.7725538],[117.8699968,33.7733208]]}},{"type":"Feature","id":"way/1458230911","properties":{"osm_id":1458230911,"name":"京岚线","highway":"trunk","ref":"G104"},"geometry":{"type":"LineString","coordinates":[[117.8684398,33.7318956],[117.8684098,33.7325856],[117.8683615,33.7332755],[117.8680615,33.7352241],[117.8675275,33.7388322],[117.8672069,33.7409248],[117.8669049,33.7431722],[117.866724,33.7447392],[117.8664802,33.7465074],[117.8664032,33.7475014],[117.866282,33.7484234],[117.8662214,33.7491794],[117.8658794,33.7521332]]}},{"type":"Feature","id":"way/1458230912","properties":{"osm_id":1458230912,"name":"京岚线","highway":"trunk","ref":"G104"},"geometry":{"type":"LineString","coordinates":[[117.8658794,33.7521332],[117.8658363,33.7524201]]}},{"type":"Feature","id":"way/1458230913","properties":{"osm_id":1458230913,"name":"京岚线","highway":"trunk","ref":"G104"},"geometry":{"type":"LineString","coordinates":[[117.8684242,33.7283869],[117.8684208,33.7292614],[117.8683882,33.7299314],[117.8684512,33.7312208],[117.8684593,33.7314242]]}},{"type":"Feature","id":"way/1458230914","properties":{"osm_id":1458230914,"name":"京岚线","highway":"trunk","ref":"G104"},"geometry":{"type":"LineString","coordinates":[[117.8683461,33.7314301],[117.8683458,33.7312417],[117.8682724,33.729865],[117.8683015,33.729292],[117.8684242,33.7283869]]}},{"type":"Feature","id":"way/1458230915","properties":{"osm_id":1458230915,"name":"京岚线","highway":"trunk","ref":"G104"},"geometry":{"type":"LineString","coordinates":[[117.8684593,33.7314242],[117.8684398,33.7318956]]}},{"type":"Feature","id":"way/1460252745","properties":{"osm_id":1460252745,"name":"振兴大道","highway":"secondary"},"geometry":{"type":"LineString","coordinates":[[118.2340159,33.9594417],[118.2340196,33.9593556],[118.2340474,33.9589387],[118.2342763,33.9555032],[118.2343071,33.9550408],[118.2343113,33.9549787],[118.2343187,33.9548774],[118.2343208,33.9548489],[118.2343415,33.9545624],[118.2345064,33.9522896],[118.2346132,33.9508177],[118.2346346,33.9505218],[118.2346441,33.9503911]]}},{"type":"Feature","id":"way/1460252746","properties":{"osm_id":1460252746,"name":"苏宿大道","highway":"primary"},"geometry":{"type":"LineString","coordinates":[[118.2346441,33.9503911],[118.2345568,33.9503847],[118.234499,33.9503804]]}},{"type":"Feature","id":"way/1460252747","properties":{"osm_id":1460252747,"name":"苏宿大道","highway":"primary"},"geometry":{"type":"LineString","coordinates":[[118.2345058,33.9502456],[118.2346581,33.9502505]]}},{"type":"Feature","id":"way/1460252748","properties":{"osm_id":1460252748,"name":"振兴大道","highway":"secondary"},"geometry":{"type":"LineString","coordinates":[[118.2346441,33.9503911],[118.2346581,33.9502505]]}},{"type":"Feature","id":"way/1493599770","properties":{"osm_id":1493599770,"highway":"primary","ref":"S612;S251"},"geometry":{"type":"LineString","coordinates":[[118.1012798,33.8281725],[118.1010135,33.8284101]]}},{"type":"Feature","id":"way/1493599771","properties":{"osm_id":1493599771,"highway":"primary","ref":"S612;S251"},"geometry":{"type":"LineString","coordinates":[[118.1222521,33.8074351],[118.1221188,33.807951],[118.1219045,33.8086382],[118.1211921,33.810032],[118.1202924,33.8111943],[118.1154615,33.8155104],[118.1122638,33.8183483],[118.1106585,33.8198],[118.1105348,33.819912],[118.1082397,33.8219623],[118.1056479,33.8242755],[118.1012798,33.8281725]]}},{"type":"Feature","id":"way/1493599772","properties":{"osm_id":1493599772,"highway":"primary","ref":"S612;S251"},"geometry":{"type":"LineString","coordinates":[[118.1010159,33.8282274],[118.1012274,33.8280401]]}},{"type":"Feature","id":"way/1493599773","properties":{"osm_id":1493599773,"highway":"primary","ref":"S251"},"geometry":{"type":"LineString","coordinates":[[118.0972632,33.8308138],[118.0976802,33.830597],[118.0990089,33.8298175],[118.100185,33.8289639],[118.1010159,33.8282274]]}},{"type":"Feature","id":"way/1493599822","properties":{"osm_id":1493599822,"highway":"secondary"},"geometry":{"type":"LineString","coordinates":[[118.1212529,33.8472831],[118.1215273,33.8489992],[118.1216668,33.8499437],[118.1217956,33.8510218],[118.1223535,33.8548264],[118.1234069,33.8622113],[118.1234693,33.8626488],[118.1238984,33.866631],[118.1240418,33.8682091]]}},{"type":"Feature","id":"way/1493599823","properties":{"osm_id":1493599823,"highway":"secondary"},"geometry":{"type":"LineString","coordinates":[[118.1212451,33.847051],[118.1212529,33.8472831]]}},{"type":"Feature","id":"way/1493599963","properties":{"osm_id":1493599963,"highway":"primary","ref":"S612;S251"},"geometry":{"type":"LineString","coordinates":[[118.1223232,33.8071676],[118.1222521,33.8074351]]}},{"type":"Feature","id":"way/1493599964","properties":{"osm_id":1493599964,"highway":"primary","ref":"S612;S251"},"geometry":{"type":"LineString","coordinates":[[118.1241819,33.7876325],[118.1239455,33.7896508],[118.1232122,33.7977002],[118.1223676,33.8069713],[118.1223232,33.8071676]]}},{"type":"Feature","id":"way/1493599965","properties":{"osm_id":1493599965,"highway":"primary","ref":"S612;S251"},"geometry":{"type":"LineString","coordinates":[[118.1221877,33.8071621],[118.1222321,33.8069747],[118.123086,33.7977058],[118.1238339,33.789586],[118.1240568,33.7876366]]}},{"type":"Feature","id":"way/1493599966","properties":{"osm_id":1493599966,"highway":"primary","ref":"S612;S251"},"geometry":{"type":"LineString","coordinates":[[118.1221247,33.8074262],[118.1221877,33.8071621]]}},{"type":"Feature","id":"way/1500249803","properties":{"osm_id":1500249803,"name":"科兴路","highway":"secondary"},"geometry":{"type":"LineString","coordinates":[[118.1881278,33.9395491],[118.1881075,33.9387674],[118.188093,33.9381064],[118.1880833,33.9376655],[118.1880436,33.9360333],[118.1880421,33.9359716],[118.1880393,33.9358793],[118.1880032,33.9346908],[118.1879991,33.934557]]}},{"type":"Feature","id":"way/1500249804","properties":{"osm_id":1500249804,"name":"复旦路","highway":"tertiary"},"geometry":{"type":"LineString","coordinates":[[118.2064635,33.9352839],[118.2063567,33.9352799],[118.2042348,33.9351993],[118.2041772,33.9351971],[118.2040485,33.9351923],[118.2039637,33.9351892],[118.2036453,33.9351775],[118.2028136,33.9351468],[118.2016709,33.9351046],[118.2012984,33.9350908],[118.2009358,33.9350775],[118.2004274,33.9350587],[118.1996912,33.9350296],[118.1989861,33.9350018],[118.1983608,33.9349771],[118.1968838,33.9349188],[118.196619,33.9349084],[118.1950585,33.9348468],[118.1950042,33.9348448],[118.1939758,33.9348074],[118.1929857,33.9347714],[118.1916971,33.9347246],[118.1901184,33.9346672],[118.1894984,33.9346447],[118.189463,33.9346427],[118.1890515,33.9346191]]}},{"type":"Feature","id":"way/1500249805","properties":{"osm_id":1500249805,"name":"复旦路","highway":"tertiary"},"geometry":{"type":"LineString","coordinates":[[118.1879991,33.934557],[118.1881068,33.9345638],[118.1881897,33.9345698],[118.1890515,33.9346191]]}},{"type":"Feature","id":"way/1513934936","properties":{"osm_id":1513934936,"name":"大刘路","highway":"primary","ref":"S303"},"geometry":{"type":"LineString","coordinates":[[117.4576063,33.768259],[117.458213,33.7680414],[117.4609632,33.7670549],[117.4614928,33.7668655],[117.4627902,33.7664016],[117.4661966,33.7651835],[117.4686779,33.7642875],[117.4690591,33.7641498],[117.4700719,33.7637841],[117.4708047,33.763581],[117.4715013,33.7634344],[117.4718586,33.7633779],[117.4728989,33.7632952],[117.474369,33.7632689],[117.4747949,33.7632655],[117.4770428,33.7632473],[117.4783306,33.7632369],[117.478711,33.7632342],[117.4806207,33.7632209],[117.481015,33.7632234],[117.4856987,33.7631853],[117.4876684,33.7631658],[117.4884147,33.7631319],[117.4890208,33.7630868],[117.4894415,33.7630304],[117.4900612,33.7629025],[117.4906492,33.7627521],[117.4918932,33.7623482],[117.4924869,33.7621328],[117.4938787,33.7616278],[117.4953027,33.7611292],[117.4953718,33.761105],[117.4957675,33.7609809],[117.4962614,33.7608761],[117.4967047,33.7608084],[117.4970852,33.7607803],[117.4972655,33.760767],[117.4980616,33.7607482],[117.4982158,33.7607497],[117.4988918,33.7607561],[117.4991977,33.760759],[117.4998361,33.760765],[117.5006481,33.7607727],[117.5009647,33.7607671],[117.5013266,33.7607257],[117.5016817,33.7606505],[117.5024574,33.760438],[117.5032896,33.7601686],[117.5036492,33.760005],[117.5037859,33.7599076],[117.5039658,33.7597794],[117.504382,33.7594165],[117.5046412,33.7591707],[117.5051682,33.758671],[117.5060299,33.7578625],[117.5067643,33.7571453],[117.5073025,33.7566809],[117.5077365,33.7563411],[117.5085154,33.7558636],[117.5096331,33.7552162],[117.5111957,33.7543189],[117.5127258,33.7534365],[117.5143758,33.752473],[117.514662,33.7523148],[117.5150352,33.7521474],[117.5158725,33.7518198],[117.5174115,33.7512239],[117.5201497,33.7501559],[117.5217546,33.7495208],[117.5221743,33.7493547],[117.5243187,33.7485308],[117.5265542,33.7476469],[117.5289942,33.7466914],[117.5296029,33.7465021],[117.5301909,33.746363],[117.5306749,33.7462877],[117.5313172,33.7462576],[117.5325833,33.7463368],[117.5342955,33.7464798],[117.5362111,33.7466631],[117.5372986,33.7467508],[117.537883,33.7468702],[117.5383165,33.7469865],[117.5388646,33.7472388],[117.5398687,33.7478669],[117.541028,33.7486193],[117.5447995,33.7509961],[117.5452265,33.751447],[117.5462024,33.7526347],[117.5466367,33.7531573],[117.5476156,33.7543439],[117.5499975,33.755126],[117.554525,33.7564899],[117.5584395,33.7582599],[117.5595182,33.7587565],[117.5598343,33.7589157],[117.5600837,33.7591085],[117.5602722,33.7593689],[117.5604317,33.7597329],[117.5605796,33.7604152],[117.5607391,33.7610902],[117.5609692,33.76201]]}},{"type":"Feature","id":"way/1513934937","properties":{"osm_id":1513934937,"name":"大刘路","highway":"primary","ref":"S303"},"geometry":{"type":"LineString","coordinates":[[117.4572227,33.7683965],[117.4576063,33.768259]]}},{"type":"Feature","id":"way/1513959533","properties":{"osm_id":1513959533,"name":"子胥路","highway":"tertiary"},"geometry":{"type":"LineString","coordinates":[[118.1776927,33.9654478],[118.1775106,33.9643056]]}},{"type":"Feature","id":"way/1513959534","properties":{"osm_id":1513959534,"name":"子胥路","highway":"tertiary"},"geometry":{"type":"LineString","coordinates":[[118.1777797,33.9659534],[118.1776927,33.9654478]]}},{"type":"Feature","id":"way/1513959535","properties":{"osm_id":1513959535,"name":"子胥路","highway":"tertiary"},"geometry":{"type":"LineString","coordinates":[[118.1778235,33.9654194],[118.1778957,33.9659339]]}},{"type":"Feature","id":"way/1514015380","properties":{"osm_id":1514015380,"name":"瘦西湖路","highway":"unclassified"},"geometry":{"type":"LineString","coordinates":[[118.2335869,33.9166866],[118.2333734,33.9141345]]}},{"type":"Feature","id":"way/1516992793","properties":{"osm_id":1516992793,"name":"复旦路","highway":"tertiary"},"geometry":{"type":"LineString","coordinates":[[118.2064635,33.9352839],[118.2068627,33.9353063]]}},{"type":"Feature","id":"way/1516992794","properties":{"osm_id":1516992794,"name":"复旦路","highway":"tertiary"},"geometry":{"type":"LineString","coordinates":[[118.2068627,33.9353063],[118.2073973,33.9353322]]}},{"type":"Feature","id":"way/1525461005","properties":{"osm_id":1525461005,"name":"通达大道","highway":"secondary"},"geometry":{"type":"LineString","coordinates":[[118.2225372,33.929256],[118.2225368,33.9292739],[118.2225275,33.9294475],[118.222493,33.9300694],[118.2224639,33.930609],[118.222417,33.9314792],[118.2224122,33.9315677],[118.2223925,33.9317799]]}},{"type":"Feature","id":"way/1525461007","properties":{"osm_id":1525461007,"name":"通达大道","highway":"secondary"},"geometry":{"type":"LineString","coordinates":[[118.2225385,33.9291966],[118.2225372,33.929256]]}},{"type":"Feature","id":"way/1525472111","properties":{"osm_id":1525472111,"highway":"secondary"},"geometry":{"type":"LineString","coordinates":[[117.8067306,34.2086791],[117.8105593,34.2089142],[117.8119487,34.2090118],[117.8125763,34.2090251],[117.8135955,34.2089097],[117.8144431,34.2088964],[117.8173935,34.2091005],[117.8183001,34.2091803],[117.8189599,34.2091094],[117.8203171,34.2089807],[117.8220338,34.2088831],[117.8237182,34.208719],[117.8258961,34.2085371],[117.8300857,34.2082975],[117.8373277,34.2078627],[117.8422844,34.2075699],[117.8440762,34.207388],[117.8452349,34.2071618],[117.8466457,34.2069355],[117.8481263,34.2068956],[117.8485981,34.2068804]]}},{"type":"Feature","id":"way/1525472112","properties":{"osm_id":1525472112,"highway":"secondary"},"geometry":{"type":"LineString","coordinates":[[117.8485981,34.2068804],[117.8493264,34.2068702]]}},{"type":"Feature","id":"way/1544034309","properties":{"osm_id":1544034309,"name":"泗阜线","highway":"trunk","ref":"G633"},"geometry":{"type":"LineString","coordinates":[[118.1279207,33.7666405],[118.127723,33.7671087],[118.127606,33.7674447],[118.127531,33.7677905],[118.1248677,33.7831755],[118.124222,33.7872792]]}},{"type":"Feature","id":"way/1544034310","properties":{"osm_id":1544034310,"name":"泗阜线","highway":"trunk","ref":"G633"},"geometry":{"type":"LineString","coordinates":[[118.1240966,33.7872879],[118.1247521,33.7831484],[118.1274714,33.7674949],[118.1274714,33.7674949],[118.1275573,33.7672169],[118.1276306,33.7670182],[118.1278175,33.7666003]]}},{"type":"Feature","id":"way/1544034311","properties":{"osm_id":1544034311,"highway":"primary"},"geometry":{"type":"LineString","coordinates":[[118.1278175,33.7666003],[118.1279207,33.7666405]]}},{"type":"Feature","id":"way/1544034312","properties":{"osm_id":1544034312,"highway":"primary"},"geometry":{"type":"LineString","coordinates":[[118.124897,33.755009],[118.1254902,33.7555645],[118.1256433,33.7557767],[118.1257964,33.7561267],[118.1258722,33.7563301],[118.1264371,33.7578462]]}},{"type":"Feature","id":"way/1544034313","properties":{"osm_id":1544034313,"highway":"primary"},"geometry":{"type":"LineString","coordinates":[[118.1240966,33.7872879],[118.124222,33.7872792]]}},{"type":"Feature","id":"way/1544034314","properties":{"osm_id":1544034314,"highway":"primary"},"geometry":{"type":"LineString","coordinates":[[118.1240806,33.7874039],[118.1240966,33.7872879]]}},{"type":"Feature","id":"way/1544034315","properties":{"osm_id":1544034315,"highway":"primary"},"geometry":{"type":"LineString","coordinates":[[118.124222,33.7872792],[118.1242054,33.7874]]}},{"type":"Feature","id":"way/1544078112","properties":{"osm_id":1544078112,"name":"京岚线","highway":"trunk","ref":"G104"},"geometry":{"type":"LineString","coordinates":[[117.8856718,33.8028444],[117.8859255,33.8036927],[117.8861082,33.8046485],[117.8862395,33.8056335],[117.8862876,33.8065014],[117.8864061,33.809065]]}},{"type":"Feature","id":"way/1544078113","properties":{"osm_id":1544078113,"highway":"primary","ref":"S347"},"geometry":{"type":"LineString","coordinates":[[117.8750274,33.8037706],[117.8854753,33.8028135],[117.8856718,33.8028444]]}},{"type":"Feature","id":"way/1545028223","properties":{"osm_id":1545028223,"name":"古镇大道","highway":"primary","ref":"S505"},"geometry":{"type":"LineString","coordinates":[[118.0845977,34.1935697],[118.0845024,34.1932458],[118.083924,34.1915332],[118.0832846,34.1899568],[118.0821507,34.1872926],[118.0812373,34.18414],[118.0811132,34.1831971],[118.0809116,34.1816644],[118.0806834,34.1799296],[118.0806734,34.1798538],[118.0803046,34.1764353],[118.080107,34.1750998],[118.0799925,34.1743258],[118.0795025,34.1723215],[118.0794292,34.1720696],[118.0788489,34.1700762],[118.0785778,34.1691448]]}},{"type":"Feature","id":"way/1545125374","properties":{"osm_id":1545125374,"highway":"secondary","ref":"X307"},"geometry":{"type":"LineString","coordinates":[[117.5855463,34.0541904],[117.5852568,34.0545518],[117.583151,34.0565926],[117.5812646,34.0585747],[117.5793818,34.0610817],[117.5757187,34.0656731],[117.5722813,34.0701382],[117.5694225,34.0736122],[117.5651931,34.0786866],[117.564004,34.080076],[117.5630767,34.0811724],[117.5611124,34.0836171],[117.5589323,34.0861701],[117.5582776,34.087026],[117.5555689,34.0915721]]}},{"type":"Feature","id":"way/1545419563","properties":{"osm_id":1545419563,"highway":"trunk","ref":"G104"},"geometry":{"type":"LineString","coordinates":[[117.5660314,34.0427615],[117.5667318,34.042107],[117.5678423,34.0408686],[117.5682503,34.0404313],[117.5686656,34.0399968],[117.5692099,34.0396056],[117.5697877,34.0392828],[117.5706794,34.038863],[117.5724545,34.0380275],[117.5739584,34.0373288],[117.5747884,34.0369838],[117.575569,34.0367136],[117.5765321,34.0365054],[117.577743,34.0363784],[117.579005,34.0362761]]}},{"type":"Feature","id":"way/1545419564","properties":{"osm_id":1545419564,"highway":"trunk","ref":"G104"},"geometry":{"type":"LineString","coordinates":[[117.5790041,34.0363956],[117.5777414,34.0364976],[117.5765527,34.0366336],[117.5757529,34.0367922],[117.5749531,34.0370393],[117.5741196,34.0373838],[117.5740485,34.0374132],[117.572482,34.0381177],[117.5707418,34.0389662],[117.5698288,34.0394114],[117.5692267,34.0397532],[117.5688295,34.0400585],[117.5683471,34.0405083],[117.5678894,34.0410058],[117.5668518,34.0421568],[117.5661654,34.0428409]]}},{"type":"Feature","id":"way/1545419565","properties":{"osm_id":1545419565,"highway":"trunk","ref":"G104"},"geometry":{"type":"LineString","coordinates":[[117.579005,34.0362761],[117.5802602,34.0362057],[117.5810078,34.0362104],[117.5813643,34.0362126],[117.5826067,34.0362849],[117.5848043,34.0363856],[117.584885,34.0363917]]}},{"type":"Feature","id":"way/1545419566","properties":{"osm_id":1545419566,"highway":"trunk","ref":"G104"},"geometry":{"type":"LineString","coordinates":[[117.5849001,34.0365376],[117.582526,34.0364101],[117.5815891,34.0363534],[117.5804819,34.036329],[117.5790041,34.0363956]]}},{"type":"Feature","id":"way/1554703916","properties":{"osm_id":1554703916,"highway":"secondary"},"geometry":{"type":"LineString","coordinates":[[117.8514628,33.8895095],[117.8567418,33.8900257],[117.8581891,33.8901371],[117.8590916,33.8901843]]}},{"type":"Feature","id":"way/1554703917","properties":{"osm_id":1554703917,"highway":"secondary"},"geometry":{"type":"LineString","coordinates":[[117.8590916,33.8901843],[117.8597604,33.8901995]]}},{"type":"Feature","id":"way/1554703918","properties":{"osm_id":1554703918,"highway":"secondary"},"geometry":{"type":"LineString","coordinates":[[117.8591038,33.8902822],[117.8581281,33.8902248],[117.8565222,33.8900865],[117.8514468,33.8896122]]}},{"type":"Feature","id":"way/1554703919","properties":{"osm_id":1554703919,"highway":"secondary"},"geometry":{"type":"LineString","coordinates":[[117.8597624,33.8902923],[117.8591038,33.8902822]]}},{"type":"Feature","id":"way/1554703922","properties":{"osm_id":1554703922,"name":"京岚线","highway":"trunk","ref":"G104"},"geometry":{"type":"LineString","coordinates":[[117.8761637,33.9151524],[117.8759304,33.9151452]]}},{"type":"Feature","id":"way/1554703923","properties":{"osm_id":1554703923,"name":"京岚线","highway":"trunk","ref":"G104"},"geometry":{"type":"LineString","coordinates":[[117.876397,33.9151597],[117.8761637,33.9151524]]}},{"type":"Feature","id":"way/1554703924","properties":{"osm_id":1554703924,"name":"京岚线","highway":"trunk","ref":"G104"},"geometry":{"type":"LineString","coordinates":[[117.8759481,33.9150306],[117.8761829,33.915042]]}},{"type":"Feature","id":"way/1554703925","properties":{"osm_id":1554703925,"name":"京岚线","highway":"trunk","ref":"G104"},"geometry":{"type":"LineString","coordinates":[[117.8761829,33.915042],[117.8764177,33.9150534]]}},{"type":"Feature","id":"way/1554703926","properties":{"osm_id":1554703926,"highway":"primary"},"geometry":{"type":"LineString","coordinates":[[117.8771316,33.8896183],[117.8771338,33.8897265],[117.877075,33.8921717],[117.8770559,33.8929664]]}},{"type":"Feature","id":"way/1554703927","properties":{"osm_id":1554703927,"highway":"primary"},"geometry":{"type":"LineString","coordinates":[[117.8770432,33.893493],[117.8770091,33.894911],[117.8769416,33.8989499],[117.8768649,33.9056016],[117.8767734,33.910557],[117.8767468,33.9115969]]}},{"type":"Feature","id":"way/1554703928","properties":{"osm_id":1554703928,"highway":"primary"},"geometry":{"type":"LineString","coordinates":[[117.8770559,33.8929664],[117.8770432,33.893493]]}},{"type":"Feature","id":"way/1554703929","properties":{"osm_id":1554703929,"highway":"primary"},"geometry":{"type":"LineString","coordinates":[[117.8768453,33.8930661],[117.8768613,33.8921772],[117.8769051,33.8897363],[117.8769034,33.8896291]]}},{"type":"Feature","id":"way/1554703930","properties":{"osm_id":1554703930,"highway":"primary"},"geometry":{"type":"LineString","coordinates":[[117.876835,33.8936441],[117.8768453,33.8930661]]}},{"type":"Feature","id":"way/1554703931","properties":{"osm_id":1554703931,"highway":"primary"},"geometry":{"type":"LineString","coordinates":[[117.8767443,33.9117988],[117.8767199,33.9137922],[117.8766213,33.9141731],[117.8765886,33.9150587]]}},{"type":"Feature","id":"way/1554703932","properties":{"osm_id":1554703932,"highway":"primary"},"geometry":{"type":"LineString","coordinates":[[117.8767468,33.9115969],[117.8767443,33.9117988]]}},{"type":"Feature","id":"way/1554703933","properties":{"osm_id":1554703933,"highway":"primary"},"geometry":{"type":"LineString","coordinates":[[117.8764177,33.9150534],[117.8764426,33.9142345],[117.8764765,33.9138101],[117.8765075,33.9118241]]}},{"type":"Feature","id":"way/1554703934","properties":{"osm_id":1554703934,"highway":"primary"},"geometry":{"type":"LineString","coordinates":[[117.8765075,33.9118241],[117.8765121,33.9116455]]}},{"type":"Feature","id":"way/1554703936","properties":{"osm_id":1554703936,"highway":"motorway_link"},"geometry":{"type":"LineString","coordinates":[[117.8814735,33.9786921],[117.8815603,33.9786851],[117.8819785,33.9786246],[117.8822373,33.9785543],[117.8825423,33.978433],[117.8828597,33.9782158],[117.8830806,33.977961],[117.8833536,33.9776725],[117.8837102,33.9771728],[117.8838477,33.9768856],[117.8839402,33.9765763],[117.883967,33.9763327],[117.8839621,33.9761062],[117.8838477,33.9758822]]}},{"type":"Feature","id":"way/1554703937","properties":{"osm_id":1554703937,"highway":"motorway_link"},"geometry":{"type":"LineString","coordinates":[[117.8815173,33.9780629],[117.8816457,33.9784176],[117.8817289,33.9785518],[117.8818121,33.9786003],[117.8819785,33.9786246]]}},{"type":"Feature","id":"way/1554703938","properties":{"osm_id":1554703938,"highway":"motorway_link"},"geometry":{"type":"LineString","coordinates":[[117.8819145,33.9787186],[117.8817597,33.9788085],[117.8816919,33.9789197],[117.8815998,33.9792354]]}},{"type":"Feature","id":"way/1554703939","properties":{"osm_id":1554703939,"name":"下邳大道","highway":"primary"},"geometry":{"type":"LineString","coordinates":[[117.8957837,33.9329709],[117.8952147,33.9330981],[117.8936036,33.9334547],[117.89231,33.9337104],[117.891105,33.9338315],[117.8900403,33.9338663],[117.8881142,33.9338147],[117.8782113,33.9334843],[117.8780884,33.9334786]]}},{"type":"Feature","id":"way/1554703940","properties":{"osm_id":1554703940,"name":"下邳大道","highway":"primary"},"geometry":{"type":"LineString","coordinates":[[117.9110679,33.9294353],[117.9111407,33.929529],[117.9111018,33.929597],[117.9107684,33.929678],[117.9037477,33.9312144],[117.8964126,33.9328309]]}},{"type":"Feature","id":"way/1554703941","properties":{"osm_id":1554703941,"name":"下邳大道","highway":"primary"},"geometry":{"type":"LineString","coordinates":[[117.8964126,33.9328309],[117.8957837,33.9329709]]}},{"type":"Feature","id":"way/1554703942","properties":{"osm_id":1554703942,"highway":"primary_link"},"geometry":{"type":"LineString","coordinates":[[117.9098425,33.929779],[117.9098945,33.9296443],[117.9098783,33.9295077],[117.9098011,33.9294014]]}},{"type":"Feature","id":"way/1554703948","properties":{"osm_id":1554703948,"name":"淮徐高速","highway":"motorway","ref":"G2513"},"geometry":{"type":"LineString","coordinates":[[117.9471101,33.9532024],[117.9450596,33.9532801],[117.9421862,33.9534843],[117.9400442,33.9537403],[117.9374519,33.9541282]]}},{"type":"Feature","id":"way/1554703949","properties":{"osm_id":1554703949,"name":"淮徐高速","highway":"motorway","ref":"G2513"},"geometry":{"type":"LineString","coordinates":[[117.937475,33.9539908],[117.9399113,33.9536307],[117.9422127,33.9533734],[117.94508,33.9531733],[117.9471166,33.9530775]]}},{"type":"Feature","id":"way/1554703950","properties":{"osm_id":1554703950,"name":"淮徐高速","highway":"motorway","ref":"G2513"},"geometry":{"type":"LineString","coordinates":[[117.9366123,33.954135],[117.937475,33.9539908]]}},{"type":"Feature","id":"way/1554703951","properties":{"osm_id":1554703951,"name":"淮徐高速","highway":"motorway","ref":"G2513"},"geometry":{"type":"LineString","coordinates":[[117.9374519,33.9541282],[117.9365998,33.9542706]]}},{"type":"Feature","id":"way/1554703952","properties":{"osm_id":1554703952,"name":"淮徐高速","highway":"motorway","ref":"G2513"},"geometry":{"type":"LineString","coordinates":[[117.9365998,33.9542706],[117.9341998,33.9547105],[117.932337,33.9551653],[117.9308546,33.9555539],[117.9294277,33.9559425],[117.9282785,33.9562945],[117.927422,33.9565671],[117.9252811,33.9573077],[117.9233841,33.9580071],[117.9217689,33.9586953],[117.9201179,33.9594414],[117.9185272,33.9602041],[117.9168401,33.9610683],[117.9115382,33.9638663]]}},{"type":"Feature","id":"way/1554703953","properties":{"osm_id":1554703953,"name":"淮徐高速","highway":"motorway","ref":"G2513"},"geometry":{"type":"LineString","coordinates":[[117.9115382,33.9638663],[117.9109741,33.964164]]}},{"type":"Feature","id":"way/1554703954","properties":{"osm_id":1554703954,"name":"淮徐高速","highway":"motorway","ref":"G2513"},"geometry":{"type":"LineString","coordinates":[[117.8979589,33.9701982],[117.90037,33.96924],[117.90301,33.96809],[117.90553,33.96687],[117.9075396,33.9658221]]}},{"type":"Feature","id":"way/1554703955","properties":{"osm_id":1554703955,"name":"淮徐高速","highway":"motorway","ref":"G2513"},"geometry":{"type":"LineString","coordinates":[[117.9109939,33.964018],[117.9115226,33.9637387]]}},{"type":"Feature","id":"way/1554703956","properties":{"osm_id":1554703956,"name":"淮徐高速","highway":"motorway","ref":"G2513"},"geometry":{"type":"LineString","coordinates":[[117.9084047,33.9653703],[117.9109939,33.964018]]}},{"type":"Feature","id":"way/1554703957","properties":{"osm_id":1554703957,"name":"淮徐高速","highway":"motorway","ref":"G2513"},"geometry":{"type":"LineString","coordinates":[[117.9075396,33.9658221],[117.9084047,33.9653703]]}},{"type":"Feature","id":"way/1554703958","properties":{"osm_id":1554703958,"name":"淮徐高速","highway":"motorway","ref":"G2513"},"geometry":{"type":"LineString","coordinates":[[117.9109741,33.964164],[117.9084181,33.9655026]]}},{"type":"Feature","id":"way/1554703959","properties":{"osm_id":1554703959,"name":"淮徐高速","highway":"motorway","ref":"G2513"},"geometry":{"type":"LineString","coordinates":[[117.9084181,33.9655026],[117.9075134,33.9659735]]}},{"type":"Feature","id":"way/1554703960","properties":{"osm_id":1554703960,"name":"淮徐高速","highway":"motorway","ref":"G2513"},"geometry":{"type":"LineString","coordinates":[[117.8858984,33.9739486],[117.8869265,33.9736595],[117.8889188,33.9730553],[117.8913949,33.9723846],[117.8939674,33.971604],[117.8956114,33.9710382],[117.8969488,33.9705678]]}},{"type":"Feature","id":"way/1554703961","properties":{"osm_id":1554703961,"name":"淮徐高速","highway":"motorway","ref":"G2513"},"geometry":{"type":"LineString","coordinates":[[117.9075134,33.9659735],[117.9055994,33.9669664],[117.9030756,33.9681882],[117.9004162,33.9693417],[117.8981501,33.9702435]]}},{"type":"Feature","id":"way/1554703962","properties":{"osm_id":1554703962,"name":"淮徐高速","highway":"motorway","ref":"G2513"},"geometry":{"type":"LineString","coordinates":[[117.8981501,33.9702435],[117.8971587,33.9706195]]}},{"type":"Feature","id":"way/1554703963","properties":{"osm_id":1554703963,"name":"淮徐高速","highway":"motorway","ref":"G2513"},"geometry":{"type":"LineString","coordinates":[[117.8969488,33.9705678],[117.8978761,33.9702285],[117.8979589,33.9701982]]}},{"type":"Feature","id":"way/1554703969","properties":{"osm_id":1554703969,"highway":"secondary"},"geometry":{"type":"LineString","coordinates":[[117.9850311,33.9219708],[117.9808054,33.9219446]]}},{"type":"Feature","id":"way/1554703970","properties":{"osm_id":1554703970,"highway":"secondary"},"geometry":{"type":"LineString","coordinates":[[117.9808054,33.9219446],[117.9801413,33.9219405]]}},{"type":"Feature","id":"way/1554703971","properties":{"osm_id":1554703971,"name":"中央大街","highway":"primary"},"geometry":{"type":"LineString","coordinates":[[117.9817547,33.9121162],[117.9854595,33.9123145],[117.9917643,33.9125396],[117.9970599,33.9126925],[117.9989609,33.9127376],[118.0050857,33.9128555],[118.0055195,33.9129483],[118.005621,33.91297]]}},{"type":"Feature","id":"way/1554703972","properties":{"osm_id":1554703972,"name":"中央大街","highway":"primary"},"geometry":{"type":"LineString","coordinates":[[117.9812436,33.9120999],[117.9817547,33.9121162]]}},{"type":"Feature","id":"way/1554703973","properties":{"osm_id":1554703973,"name":"中央大街","highway":"primary"},"geometry":{"type":"LineString","coordinates":[[118.0055852,33.9130579],[118.0054841,33.9130354],[118.0050687,33.912945],[117.9989546,33.9128344],[117.9917581,33.9126439],[117.9854533,33.9124221],[117.9817512,33.9122007]]}},{"type":"Feature","id":"way/1554703974","properties":{"osm_id":1554703974,"name":"中央大街","highway":"primary"},"geometry":{"type":"LineString","coordinates":[[117.9817512,33.9122007],[117.9812315,33.9121852]]}},{"type":"Feature","id":"way/1555129485","properties":{"osm_id":1555129485,"highway":"secondary"},"geometry":{"type":"LineString","coordinates":[[117.7587508,33.8546149],[117.757479,33.854243],[117.757329,33.854193],[117.7542775,33.853233],[117.7542221,33.8532152],[117.7529306,33.8527626],[117.7519135,33.8524062],[117.7508669,33.8520373],[117.7508167,33.8520196],[117.750006,33.851743],[117.749866,33.851693],[117.749695,33.851653]]}},{"type":"Feature","id":"way/1555129486","properties":{"osm_id":1555129486,"highway":"secondary"},"geometry":{"type":"LineString","coordinates":[[117.7084892,33.8304721],[117.7084778,33.830243],[117.708404,33.82992],[117.708274,33.82963],[117.708124,33.82934],[117.707985,33.82914],[117.707785,33.828921],[117.707565,33.828731],[117.707365,33.828601],[117.707166,33.828482],[117.706687,33.828272],[117.706277,33.828113],[117.7058505,33.8279975],[117.70459,33.827656],[117.702763,33.827159],[117.7020009,33.8269569],[117.701824,33.82691],[117.701165,33.826721],[117.700037,33.826413],[117.6986657,33.826038]]}},{"type":"Feature","id":"way/1555129487","properties":{"osm_id":1555129487,"name":"高黄路","highway":"primary","ref":"S302"},"geometry":{"type":"LineString","coordinates":[[117.749695,33.851653],[117.7484531,33.8514285],[117.747925,33.851333],[117.747655,33.851243],[117.747395,33.851103],[117.744295,33.848994],[117.744265,33.848964],[117.744255,33.848954],[117.7422647,33.8476368]]}},{"type":"Feature","id":"way/1555129488","properties":{"osm_id":1555129488,"name":"高黄路","highway":"primary","ref":"S302"},"geometry":{"type":"LineString","coordinates":[[117.7422647,33.8476368],[117.7422093,33.8476001]]}}]}
